cell_id,lon,lat,canopy_pct,tree_count,lst_c,dw_built,road_pct,sidewalk_pct,pop_density,poverty,income_proxy,value_per_acre,near_park_m,near_bike_m
62,-121.722311,38.534954,9.26,0,31.267370223999023,0.5082565555348992,5.851800554016621,5.609418282548476,3617.9839621657165,40.43246953835593,50879.77884172805,2193040.8395169284,261.9498306501048,20.47580646478684
165,-121.722345,38.53546,13.51,11,30.447044372558594,0.7242753813043237,3.0322791000978158,3.7821975872187807,3617.9839621657165,40.43246953835593,65921.4915562267,3493169.538348395,223.45019299171435,5.621635310361216
163,-121.72414,38.535889,0.0,0,32.624324798583984,0.4622032924089581,0.0,5.048859934853421,3617.9839621657165,40.43246953835593,50391.33205937997,2586862.8932230175,336.8341976039499,15.108480708274984
164,-121.723349,38.535621,17.71,10,31.906539916992188,0.5970259765163064,0.0,6.270627062706271,3617.9839621657165,40.43246953835593,70054.69660215676,3634641.984127315,285.72763130266037,9.235840033472366
265,-121.725746,38.536497,10.11,6,31.57499122619629,0.7384991648141295,0.0,0.0,3617.9839621657165,40.43246953835593,,,460.50699070551184,19.338716389852138
264,-121.726934,38.536529,11.31,5,31.496376037597656,0.6296951381955296,,,9369.03818607894,40.43246953835593,,,548.8584113620892,7.380463154523336
258,-121.733282,38.536884,0.0,0,32.03984069824219,0.40739516261965036,,,1182.578103435234,40.43246953835593,,,796.6558802258781,79.611449453663
259,-121.732537,38.536648,12.07,5,33.58820343017578,0.644113032380119,0.0,0.0,1182.578103435234,40.43246953835593,,,854.0696827329035,14.685277604557834
261,-121.730667,38.536445,1.05,0,35.17074966430664,0.7209807189647108,5.778491171749598,1.187800963081862,1182.578103435234,40.43246953835593,,,819.7486602081158,35.50855116515577
263,-121.727854,38.536501,4.77,2,31.698040008544922,0.6545643517747521,25.428194993412383,0.0,9369.03818607894,40.43246953835593,,,621.3312628345351,8.54738214092328
260,-121.731494,38.536505,6.63,10,34.64437484741211,0.7309916354715824,0.0,0.0,1182.578103435234,40.43246953835593,,43331.230210459966,852.8158100519604,32.364390704910356
363,-121.731541,38.53735,1.77,1,34.623863220214844,0.7601340878754854,10.55234954657873,0.0,1182.578103435234,40.43246953835593,,43331.230210459966,779.978978949719,72.97294257075949
366,-121.727919,38.537338,0.0,0,33.184879302978516,0.7218620183411986,16.200762388818298,0.0,9369.03818607894,40.43246953835593,,,591.6365214800162,98.23923745928236
364,-121.73045,38.5369,0.0,0,35.36557388305664,0.7634369293227792,9.40144155437167,0.0,,,,,766.5991649099725,87.29257280037397
367,-121.726902,38.537312,0.0,0,32.692684173583984,0.7050556226167828,45.535714285714285,0.0,9369.03818607894,40.43246953835593,,810906.9057429731,509.1014809683894,51.778468693292105
358,-121.73752,38.537788,28.34,1,32.12871170043945,0.3182804157258943,,,,,,,579.3937681571166,15.092309351381466
361,-121.733692,38.537489,16.48,6,31.53055763244629,0.6073987521231174,30.433263452131374,0.1397624039133473,1182.578103435234,40.43246953835593,,,720.6971623536282,100.94632078982579
360,-121.73452,38.53766,24.46,2,32.648250579833984,0.3219751730794087,12.663316582914572,0.0,1182.578103435234,40.43246953835593,,,668.2291693640428,85.7061258939026
362,-121.732637,38.537374,11.18,6,33.294254302978516,0.749634244479239,17.956656346749224,0.0,1182.578103435234,40.43246953835593,,,783.566549760016,22.46560059417237
462,-121.736177,38.538673,0.0,0,32.94903564453125,0.38207965448964387,,,1182.578103435234,40.43246953835593,,,507.0520311385013,30.41111236421597
465,-121.732621,38.538275,13.52,7,32.89093017578125,0.7405069126980379,19.624413145539908,0.0,1182.578103435234,40.43246953835593,,,706.7769880267109,11.750410638337302
461,-121.737285,38.538376,6.5,3,31.359655380249023,0.5300685346592218,,,1182.578103435234,40.43246953835593,,,516.6840214549159,16.727536403646326
267,-121.723476,38.536374,18.91,19,32.84991455078125,0.7444643685594201,10.6203007518797,0.0,3617.9839621657165,40.43246953835593,48650.10542072053,3352882.9633058007,266.6987449047769,19.27072369375341
266,-121.724608,38.536406,10.06,8,32.31328201293945,0.7191938543692231,1.8796992481203008,0.5012531328320802,3617.9839621657165,40.43246953835593,59686.97285678099,3277968.826965318,363.2100227870071,12.471983319561655
268,-121.722329,38.536361,10.24,10,32.49443817138672,0.7583258906379342,5.496231155778895,0.4396984924623116,3664.356451599418,40.43246953835593,50246.917280124115,4271606.762192814,170.65991325835842,79.25171069639069
369,-121.724607,38.537287,1.36,1,32.19365310668945,0.7325579561293125,0.0474383301707779,0.0,3617.9839621657165,40.43246953835593,45644.21192461536,3577954.7405653414,330.4982277830656,36.60471575370094
370,-121.72346,38.537275,9.34,6,33.266910552978516,0.7530466283205897,12.535255405828892,0.0,3617.9839621657165,40.43246953835593,31195.0577166914,2892137.4913689625,248.9155992264953,39.91203327946214
368,-121.725755,38.5373,4.01,1,32.843074798583984,0.7195821146015078,,,3617.9839621657165,40.43246953835593,,,418.13911913316934,102.40184285937904
472,-121.724591,38.538188,11.84,3,31.978317260742188,0.7244571952614933,16.666666666666664,0.0,3617.9839621657165,40.43246953835593,,,286.86533465434474,40.194462685511375
471,-121.725739,38.538201,13.09,7,33.49250030517578,0.756095209158957,16.80240034290613,0.0,3617.9839621657165,40.43246953835593,,,383.01741774781374,100.7942065019842
473,-121.723444,38.538176,13.12,8,32.35088348388672,0.7400997914373875,8.903654485049833,0.0,3617.9839621657165,40.43246953835593,27130.940754120504,2996577.809107236,194.61977204098372,58.86505580143048
474,-121.722297,38.538163,7.43,3,32.12529373168945,0.74889459554106,14.102162331557505,0.0,3617.9839621657165,40.43246953835593,32414.209781200694,2698668.8336883993,108.16045833067996,20.768816464624063
269,-121.721182,38.536349,20.22,19,31.660442352294922,0.7604933233233169,20.106482931412465,0.0,3617.9839621657165,40.43246953835593,51578.936311845384,4265925.969850328,82.57259114147777,70.12914659264042
271,-121.718888,38.536324,21.22,19,29.124271392822266,0.7318790995050222,10.383889238514788,0.0,3617.9839621657165,40.43246953835593,48923.09039560003,1349059.2157861108,113.87696665835067,19.526197808633125
373,-121.720019,38.537237,14.81,7,29.196048736572266,0.7169573922874406,11.2468671679198,0.0,3617.9839621657165,40.43246953835593,60283.98969639653,4150354.650092043,0.0,4.78303683393817
374,-121.718872,38.537224,9.39,6,29.062746047973633,0.7630371239501983,8.114035087719298,1.7857142857142856,3617.9839621657165,40.43246953835593,85165.80308234533,3323691.4373729504,31.880325996209066,39.936082411151425
375,-121.717725,38.537212,6.13,2,31.011018753051758,0.747535127797164,9.233668341708542,4.271356783919598,3617.9839621657165,40.43246953835593,79973.86166853165,3180954.217757963,110.31739514965408,33.89257848607368
372,-121.721166,38.53725,17.01,11,31.889448165893555,0.7424645815044641,0.2193669696020056,0.0,3617.9839621657165,40.43246953835593,35805.396618118495,4057279.6955792406,65.28666329213421,73.42041084564812
371,-121.722313,38.537262,12.26,6,32.96954345703125,0.7543183306697756,13.788780946411784,0.0,3617.9839621657165,40.43246953835593,35032.64631524233,3046845.7158904853,158.78470649547472,81.35716562216892
478,-121.717709,38.538113,8.72,4,31.58182716369629,0.7428853297606111,8.398621121905359,0.0,3617.9839621657165,40.43246953835593,65131.8367354071,2241598.041221722,116.96527848848841,106.3009907860107
476,-121.720003,38.538138,14.78,7,29.38404083251953,0.7308872379362583,0.0,0.0,3617.9839621657165,40.43246953835593,96321.85694334899,4788378.900223491,11.337604455492492,30.75661181866556
475,-121.72115,38.53815,16.7,10,30.474388122558594,0.7283586917910725,0.2820432466311501,0.0,3617.9839621657165,40.43246953835593,48777.23720171923,4295563.760541721,36.10422603177696,6.3043839908902655
466,-121.731609,38.53825,10.4,3,34.09065246582031,0.7508501745760441,32.35404896421846,0.0,1182.578103435234,40.43246953835593,,,709.0036861614378,41.325682775521635
468,-121.728602,38.538669,0.0,0,,0.7220435291528702,3.4709193245778613,0.0,,,,,516.5101967004796,142.05936276457473
469,-121.727993,38.538238,0.19,0,34.20344924926758,0.724015686661005,0.0,0.0,9369.03818607894,40.43246953835593,,,539.6935569074581,95.86684142706049
470,-121.726886,38.538213,6.93,7,33.67023849487305,0.7514585091266781,22.602301790281327,0.0,3617.9839621657165,40.43246953835593,,,480.6602391971581,6.819669465024532
570,-121.730305,38.539196,7.27,2,33.253238677978516,0.7168923320714384,32.10922787193974,0.0,9369.03818607894,40.43246953835593,,,554.5017802996936,89.61666474338955
571,-121.729158,38.539159,13.41,5,33.335269927978516,0.7112704778555781,35.47477279849577,0.2507051081165778,9369.03818607894,40.43246953835593,,,494.48426418527237,90.53106729168651
572,-121.728017,38.539126,5.77,4,32.89776611328125,0.7285149695817381,16.067521100343857,0.0,9369.03818607894,40.43246953835593,,,448.73329296865126,87.19886729944372
569,-121.731475,38.539181,5.75,4,33.37970733642578,0.7421753092203289,21.647869674185465,0.0,1182.578103435234,40.43246953835593,,,630.0604447421407,5.542921670709743
568,-121.732606,38.539176,5.7,3,33.63605880737305,0.7265887747053057,4.002501563477173,0.0,1182.578103435234,40.43246953835593,,,619.0287521583416,73.27904312183577
464,-121.733769,38.538288,22.17,11,32.675594329833984,0.7220175976399332,0.6572769953051643,0.0,1182.578103435234,40.43246953835593,,,643.239775430064,12.135684878534375
463,-121.734804,38.538379,10.71,3,34.07698059082031,0.5420718586537987,0.0,0.0,1182.578103435234,40.43246953835593,,,586.1786087945916,13.229360146255663
567,-121.733753,38.539189,4.91,3,34.76742172241211,0.4503863613354042,10.376871450696951,0.2581311306143521,1182.578103435234,40.43246953835593,,,565.8849030787702,67.46490089933329
566,-121.7349,38.539201,9.34,6,35.075042724609375,0.6544162184000015,0.0,1.7687934301958308,1182.578103435234,40.43246953835593,,,503.7396738935969,66.40601163526917
565,-121.736048,38.539244,10.2,2,33.60529327392578,0.4867573680821806,3.98936170212766,19.9468085106383,1182.578103435234,40.43246953835593,,,451.8951523512569,9.9579496503491
671,-121.73259,38.540077,7.42,3,34.558921813964844,0.7273953491821885,4.13922859830668,2.0068987143305117,210.5922526072939,40.43246953835593,,,534.9324147454955,26.55188849140657
667,-121.737179,38.540127,19.34,3,32.92510986328125,0.7187280803918839,8.856783919597989,7.4120603015075375,364.9038935861688,33.37508947745168,,,327.04430171249913,28.472901911024966
668,-121.736031,38.540114,4.56,1,33.119937896728516,0.45072434295434505,15.476190476190476,4.636591478696742,364.9038935861688,33.37508947745168,,,365.70934343204203,3.0481279640391925
669,-121.734884,38.540102,2.3,1,34.377769470214844,0.36413925630040467,13.847117794486216,4.699248120300752,210.5922526072939,40.43246953835593,,,424.71931203288506,21.593732170265927
670,-121.733737,38.54009,0.86,0,35.14682388305664,0.38420136005152017,0.0,2.927289896128423,210.5922526072939,40.43246953835593,,,483.1433659375782,32.64223526916538
573,-121.72687,38.539114,5.92,3,32.51836395263672,0.7435956897679716,25.39234149403641,0.0,3617.9839621657165,40.43246953835593,,,419.47583943404373,2.1835604131631143
574,-121.725723,38.539102,21.14,10,32.89093017578125,0.7381844914052635,34.95297805642633,0.0,3617.9839621657165,40.43246953835593,,,372.3306871057181,84.5488776576566
577,-121.722281,38.539064,2.67,2,31.482704162597656,0.7499513486400247,8.035153797865663,0.0,3617.9839621657165,40.43246953835593,5253.500417393209,2004215.6226052048,73.14239121616302,37.06126740032193
575,-121.724576,38.539089,19.11,8,32.29277420043945,0.7507181060500443,13.091136861885374,0.0,3617.9839621657165,40.43246953835593,,,272.5008323811906,36.50077229265502
576,-121.723428,38.539077,17.9,10,31.824506759643555,0.7378961055073887,8.061480552070263,0.0,3617.9839621657165,40.43246953835593,5000.0,1693190.5133825561,172.64424444244793,63.435732343698646
677,-121.725707,38.540002,9.23,6,34.22053909301758,0.7071327709127218,13.716258631512869,0.0,0.0,,,,313.0742238508837,15.10405116504636
679,-121.723413,38.539977,9.62,6,33.00714111328125,0.7229254776611924,0.0,0.0,3617.9839621657165,40.43246953835593,,,166.596855538618,51.70044501684611
680,-121.722265,38.539965,7.22,3,32.54912567138672,0.7469679417554289,0.0,0.0,3617.9839621657165,40.43246953835593,,,67.19100856363531,119.2625927766269
678,-121.72456,38.53999,6.61,3,34.66488265991211,0.7488682703115046,25.563909774436087,0.0,3617.9839621657165,40.43246953835593,,,265.90563966874294,3.1399909385205493
782,-121.723397,38.540878,10.74,7,33.71125411987305,0.7117338294629008,24.506424318395485,0.0,0.0,,,,156.01353591562798,4.225444059200333
63,-121.721629,38.534978,0.0,0,30.433372497558594,0.6406899366993457,3.040057224606581,3.82689556509299,3617.9839621657165,40.43246953835593,66675.00318272237,3092163.5684616445,226.73926698743023,18.59824341212105
168,-121.719101,38.535706,6.01,2,31.014436721801758,0.3968965756939724,9.042386185243329,2.60596546310832,3617.9839621657165,40.43246953835593,,,154.90325360793162,25.64618424641798
166,-121.721211,38.535464,13.88,15,30.091569900512695,0.7303525150055066,13.63209025383892,0.0,3617.9839621657165,40.43246953835593,57236.40634566434,2391626.6442341995,162.1093542795083,31.998146742283293
167,-121.720084,38.535539,7.0,4,30.600854873657227,0.7055940714199096,15.13157894736842,0.0,3617.9839621657165,40.43246953835593,63608.737877407984,2754223.1491142306,140.8954395890143,4.871401332668643
270,-121.720035,38.536336,22.99,24,29.869400024414062,0.7436747069004923,4.011281729865246,0.0,3617.9839621657165,40.43246953835593,65490.50775880314,3349263.2283089985,57.742166412965524,24.745615539282568
272,-121.717819,38.536432,26.59,15,31.038362503051758,0.6015269710915163,7.65370138017566,5.803011292346299,3617.9839621657165,40.43246953835593,63917.37474177091,1638202.9210712474,158.83864496869595,9.666178240759578
273,-121.716897,38.536631,15.25,2,,0.5804927401477471,7.321652065081352,2.4405506883604504,3617.9839621657165,40.43246953835593,83396.54415279337,3140047.075285345,204.46190797342032,10.151424131521733
378,-121.714452,38.537492,1.12,0,31.933883666992188,0.5854808995500207,12.754622375430898,0.0,3617.9839621657165,40.43246953835593,106652.9712804206,3412874.655046746,386.369708266844,12.233970637026491
377,-121.71549,38.537331,17.1,5,31.646770477294922,0.6624394096434116,13.815789473684212,2.631578947368421,3617.9839621657165,40.43246953835593,85692.15479718246,2748944.1183347343,297.3720941778104,3.951897740441373
376,-121.716587,38.537208,8.48,4,31.260534286499023,0.7265116611961275,1.3471177944862154,6.735588972431078,3617.9839621657165,40.43246953835593,72777.42870305944,2459145.846032071,205.12933385236715,34.105542519842146
379,-121.713684,38.537612,100.0,0,,0.5657548168674111,9.387755102040815,0.0,3617.9839621657165,40.43246953835593,128321.41774092092,3407089.6037841993,453.0246900624704,16.4281087158795
479,-121.716562,38.5381,12.14,6,30.911895751953125,0.7540533042047173,0.9416195856873822,4.551161330822348,3617.9839621657165,40.43246953835593,83238.6563932555,3598121.305662625,209.7181936415774,58.49183669989017
480,-121.715414,38.538088,11.44,7,30.71364974975586,0.7234964370727539,1.8147684605757195,3.53566958698373,2403.146044233931,40.43246953835593,80372.27770282698,3465649.7214399925,307.07948342279155,65.92693489688344
481,-121.714267,38.538075,9.59,5,30.494895935058594,0.738000962883234,16.107803196490128,0.0,3617.9839621657165,40.43246953835593,116279.00331454462,2754260.466306885,404.2210259597303,44.61324393690322
482,-121.713542,38.538071,10.92,1,30.70681381225586,0.6883712196722627,16.409933983024207,0.0,3617.9839621657165,40.43246953835593,128321.41774092092,3407089.6037841993,455.65365482734865,26.46961803748167
585,-121.713557,38.538946,10.51,1,30.792264938354492,0.7251846792642027,8.273268567847069,0.0,3617.9839621657165,40.43246953835593,82538.11313387445,2303885.974122036,408.91054823146226,15.782943638053448
583,-121.715398,38.538989,10.5,7,31.086214065551758,0.7467833245173097,0.0,0.3132832080200501,3617.9839621657165,40.43246953835593,57196.32395394166,2440741.3740504067,264.60723630935917,147.59678796781645
584,-121.714251,38.538976,16.83,7,30.146259307861328,0.6969559341669083,6.265664160401002,6.234335839598997,3617.9839621657165,40.43246953835593,94990.83761234046,2220363.204288704,352.2301829966171,67.21653703435426
582,-121.716546,38.539001,13.61,8,31.424598693847656,0.7549545841757208,0.0,0.0,1826.055888539986,40.43246953835593,,3957264.658407655,189.55171591079102,144.38999793979346
686,-121.715382,38.53989,5.8,4,31.281042098999023,0.7294008603785187,2.882205513784461,2.913533834586466,1826.055888539986,40.43246953835593,,2407241.2617313117,225.0911614914785,101.93971093680848
477,-121.718856,38.538125,8.56,3,30.768339157104492,0.7286452138796449,15.664160401002505,0.0,3739.7566940974516,40.43246953835593,74968.97766081385,3219913.0209476375,51.667377853641284,45.105090275565516
578,-121.721134,38.539051,9.75,5,29.701915740966797,0.36129021644592285,15.25689223057644,0.0,3617.9839621657165,40.43246953835593,,,0.0,39.221972662552716
580,-121.71884,38.539026,13.88,9,32.23808670043945,0.7534969002008438,15.589711417816812,3.7641154328732735,3617.9839621657165,40.43246953835593,57303.375268824726,3701868.4934171163,121.22746332669203,126.02210838360246
579,-121.719987,38.539039,9.17,5,30.006120681762695,0.758060161024332,8.07259073842303,0.0,3617.9839621657165,40.43246953835593,64384.9708170544,3986471.0153631615,21.916859474286557,31.673030499220754
581,-121.717693,38.539014,18.3,11,32.08427429199219,0.7434378026518971,4.2293233082706765,1.2844611528822054,1826.055888539986,40.43246953835593,,3598240.3522455045,147.6391534468952,144.14934373810553
681,-121.721118,38.539952,10.2,6,30.768339157104492,0.7173316637054086,0.0,0.0,3617.9839621657165,40.43246953835593,,,0.0,36.237526279967426
683,-121.718824,38.539927,2.22,2,31.769819259643555,0.7542653216514736,0.0,0.0,2821.085776307289,40.43246953835593,51533.307830095946,3563788.014790259,42.623070726670754,51.135467261530096
682,-121.719971,38.53994,6.57,5,29.893325805664062,0.7050556226167828,8.145363408521304,0.0,3617.9839621657165,40.43246953835593,60784.78522210112,3973631.5052579246,0.42978472221764974,1.6516602187964264
684,-121.717677,38.539915,10.86,6,31.428016662597656,0.737581554800272,0.0627746390458254,6.559949780288764,2821.085776307289,40.43246953835593,62846.83944297313,3344781.2906497642,50.46714565346413,47.578991213241515
787,-121.717661,38.540816,2.96,2,31.106721878051758,0.35737540666013956,0.0,0.0,3617.9839621657165,40.43246953835593,,,25.884131633394826,48.9913340901775
793,-121.710951,38.541189,0.0,0,,0.46627875440753996,8.082706766917292,1.5037593984962403,,,,,94.39228064390103,32.162906790044275
895,-121.711895,38.541697,13.14,4,29.531015396118164,0.6031251549720764,11.268047708725677,4.300062774639046,1994.5560352165826,8.475800626053456,117952.38834330079,358723.60648919793,153.03218058516973,46.8765924644724
687,-121.714253,38.539869,12.05,5,29.876235961914062,0.7460714431945235,0.0,8.36204196680238,1826.055888539986,40.43246953835593,,1779272.1169480446,322.0117691843984,48.11890484583468
685,-121.71653,38.539902,15.44,9,31.909957885742188,0.7411240509245545,21.05922908179254,9.68348480100282,1826.055888539986,40.43246953835593,37130.60157401316,2648536.0738177435,129.10486044967936,55.68104981668937
688,-121.713588,38.539578,0.0,0,30.32741355895996,0.7437272751703858,0.0,1.8170426065162903,1826.055888539986,40.43246953835593,,2842481.9508432834,385.08718274234553,7.380078125088445
789,-121.715366,38.540791,15.3,10,31.499794006347656,0.7132536508142948,30.0219366969602,6.298965841429019,3617.9839621657165,40.43246953835593,50425.393036191395,2651110.83071056,224.49683498612453,19.008095767776858
791,-121.713556,38.540812,0.67,0,30.946075439453125,0.7384729394689202,19.924694069657985,4.0790712268591145,5375.437711658073,40.43246953835593,,2524887.6000084095,315.45320888060735,39.219255396652535
790,-121.714219,38.540778,16.82,6,31.20242691040039,0.7518818436656147,41.23743718592965,3.925879396984925,5375.437711658073,40.43246953835593,,2076248.7876175782,323.754724816647,25.757537442664155
894,-121.713067,38.541743,4.57,2,31.14090347290039,0.7351984384004027,31.725649859066703,0.0,6396.169179210864,8.475800626053456,112166.15797135665,7002016.41336129,254.1644010774747,39.21962362703671
893,-121.714203,38.541679,8.81,4,32.53203582763672,0.7470470704138279,20.175438596491222,0.5325814536340852,5375.437711658073,40.43246953835593,,2843878.9599050903,280.56940074494116,13.661247577104037
356,-121.738997,38.537874,0.0,0,33.55060577392578,0.2968899628613144,,,364.9038935861688,33.37508947745168,,,573.1461395332815,3.533359207019581
357,-121.738279,38.537766,8.29,1,32.723445892333984,0.5237106999848038,,,0.0,,,,579.9309489442013,30.782724963967897
459,-121.739087,38.538395,2.74,0,33.284000396728516,0.6084218996111304,,,364.9038935861688,33.37508947745168,,,517.100248865556,51.03997267192154
460,-121.738357,38.538337,12.56,8,32.47393035888672,0.5981819631997496,,,364.9038935861688,33.37508947745168,,,516.7467756678902,74.86315437837446
562,-121.73907,38.539238,32.54,3,32.23125076293945,0.6372734180185944,4.67695274831244,11.571841851494696,364.9038935861688,33.37508947745168,,,424.7101840751815,58.94738486029154
563,-121.738341,38.539238,9.31,6,32.22783279418945,0.7350414453539997,0.0,16.98224852071006,364.9038935861688,33.37508947745168,,,416.6417701251851,103.10560080688747
564,-121.737194,38.539226,2.34,0,32.58330535888672,0.5479243400041014,10.260115606936417,15.390173410404625,364.9038935861688,33.37508947745168,,,424.65511590677835,76.11148730958273
664,-121.740613,38.540317,16.07,4,32.29619216918945,0.7027512697968632,0.0,6.779661016949152,364.9038935861688,33.37508947745168,,,366.83558063821664,55.421600806438555
665,-121.739421,38.540214,12.28,4,32.57988739013672,0.7532055324409157,9.041501976284586,9.83201581027668,364.9038935861688,33.37508947745168,,,328.6486294069817,48.06528038960666
663,-121.74176,38.540342,25.59,8,31.831342697143555,0.7086476685944945,,,2039.4327472047028,64.72418670438472,28194.901929059924,3273875.563487061,409.2942174804397,5.654119185457327
557,-121.745508,38.539707,56.71,1,,0.7053887853398919,,,,,,,493.8178609927775,147.47123227981646
661,-121.744086,38.540364,26.75,9,,0.7044631191861949,,,,,29767.548082399506,3324866.6765734665,417.5258019289439,22.889563988890757
660,-121.745226,38.540251,9.43,3,,0.7390500484965742,,,,,,,430.53291510372156,93.63778363877289
662,-121.742907,38.540368,1.95,1,29.2370662689209,0.7101599662176644,,,2039.4327472047028,64.72418670438472,29563.968858995846,3340152.479028106,430.9273807725152,3.207696331284964
659,-121.745834,38.540493,0.0,0,,0.7349193913396448,,,,,,,413.98619005341726,56.07501463654545
764,-121.744046,38.541102,23.22,8,,0.7233278359053656,,,,,21668.902134018626,5145896.428832694,336.6564405315814,8.847037001180814
762,-121.746328,38.541207,26.4,6,31.007600784301758,0.6884218603372574,,,4297.9211330181815,33.5300316122234,,3015435.5957718813,353.523038563252,1.1026562347666504
765,-121.742899,38.54109,9.14,4,31.342565536499023,0.7396323305808685,,,4305.451824714627,64.72418670438472,19768.04201526345,4593210.855975185,356.7104134510814,36.423588528603446
761,-121.747105,38.541232,16.17,2,30.460716247558594,0.7525964910164475,,,0.0,,,,384.42127488027774,48.85830986814138
763,-121.745193,38.541114,20.69,7,,0.7447836906358134,,,3777.452442803019,33.5300316122234,,6103732.296702837,335.0689539187152,0.8166333752479592
867,-121.74403,38.542003,13.64,5,31.506629943847656,0.7401433267461305,,,3769.620131740198,33.5300316122234,,2629686.656682887,238.43197345473723,12.09495104416213
866,-121.745177,38.542015,12.92,6,31.721965789794922,0.7245526873351386,,,2953.184811905165,33.5300316122234,,4439156.810677812,236.16200595194346,85.12431409443589
868,-121.742883,38.541991,20.34,9,32.45684051513672,0.737136255322884,,,3278.714330285992,33.5300316122234,,,262.6269743749228,60.826837452966146
864,-121.747219,38.54207,33.84,5,,0.6392238682601601,,,0.0,,,,318.627601035687,2.7984364092260905
674,-121.729148,38.54004,3.88,2,32.54912567138672,0.7399160249624401,19.2090395480226,0.0,0.0,,,,417.19081197377534,7.282123707385443
672,-121.731443,38.540065,10.12,5,33.321598052978516,0.7366645152214915,21.339173967459324,4.5369211514393,0.0,,,,569.7243684120346,4.833636297524772
675,-121.728001,38.540027,12.81,10,33.150699615478516,0.7170215332880616,28.05755395683453,0.0,0.0,,,,358.85695247038905,11.710076525047564
673,-121.730296,38.540052,4.13,2,32.55596160888672,0.7143107524607331,12.844611528822057,0.219298245614035,0.0,,,,489.28660626923886,5.518329083699402
676,-121.726854,38.540015,3.11,1,32.45684051513672,0.7432010034099221,18.16473535859693,0.0,0.0,,,,321.540148197679,16.676279168544283
774,-121.732574,38.540978,7.16,5,34.08723449707031,0.7527818253729492,14.855527638190956,7.003768844221106,210.5922526072939,40.43246953835593,,,457.3560002237534,102.94790191258393
777,-121.729132,38.540941,1.24,1,32.22441482543945,0.4574436752591282,8.996539792387544,0.0314564328405158,0.0,,,,348.62783101231025,107.34534250092132
776,-121.73028,38.540953,7.81,4,32.99005126953125,0.6633090379182249,0.281954887218045,0.0,0.0,,,,432.2990984867471,96.76974542501317
778,-121.727985,38.540928,5.41,6,32.93194580078125,0.6975038239033893,2.8257456828885403,10.612244897959185,0.0,,,,276.15360815895104,70.84175997213016
775,-121.731427,38.540966,27.02,16,33.147281646728516,0.7366121301893145,17.94550579392421,3.946132164108988,0.0,,,,512.7591356171182,3.0907438868346153
779,-121.726838,38.540916,0.81,1,32.50811004638672,0.6942455080570653,5.597248280175109,7.754846779237024,0.0,,,,225.57018016090055,28.474216122911898
878,-121.731411,38.541867,6.27,3,33.98811340332031,0.715730044990778,8.21831869510665,1.693851944792974,0.0,,,,413.3878819491592,2.7569110592743167
880,-121.729117,38.541842,5.57,5,33.54035186767578,0.2596067489357665,8.803258145363408,8.020050125313283,0.0,,,,298.5779157907337,159.6316769358416
879,-121.730264,38.541854,0.71,0,34.25130081176758,0.0682893330231309,8.294209702660407,0.5946791862284819,0.0,,,,392.97506110568037,97.08776968965559
881,-121.727969,38.541829,1.98,1,33.96418762207031,0.4932804108830169,0.0,1.8216080402010049,0.0,,,,209.30615300451936,60.24058332547939
882,-121.726822,38.541817,4.96,3,34.70589828491211,0.7416627277852967,9.620808523973675,0.8461297398934503,0.0,,,,135.79943402851973,39.07418802852333
982,-121.730248,38.542755,0.0,0,33.81037521362305,0.1218923368724063,15.716969317470255,12.3982467125861,0.0,,,,312.0643499860075,138.99465235073788
984,-121.727954,38.54273,4.91,4,34.982757568359375,0.7404148841742426,16.729323308270676,12.562656641604011,0.0,,,,177.20784406909166,49.634146981415505
981,-121.731395,38.542768,8.65,5,33.70783615112305,0.6778438115725294,8.900031338138515,5.578188655593857,210.5922526072939,40.43246953835593,,,314.5200943478007,99.52016459621109
983,-121.729101,38.542743,7.12,4,34.13850784301758,0.715807540807873,15.951112503917267,10.717643371983703,0.0,,,,276.50429019026893,148.9220874562169
781,-121.724544,38.540891,5.44,5,35.594581604003906,0.7389714703895152,15.44256120527307,0.0,0.0,,,,232.0177008354577,59.03139620199221
783,-121.722249,38.540866,1.53,1,33.37970733642578,0.7187539527658373,0.0,0.0,3617.9839621657165,40.43246953835593,,,56.6089093623366,28.942196706364005
780,-121.725691,38.540903,5.96,3,34.565757751464844,0.6973891744855791,25.156641604010023,0.031328320802005,0.0,,,,213.3029233418671,113.72800798905624
885,-121.723381,38.541779,3.26,3,34.541831970214844,0.7404673928394914,22.661644695543,3.923414940364093,5292.414283679705,40.43246953835593,113526.71103514211,6909504.596500262,150.82619817197127,25.07133545067742
886,-121.722233,38.541767,3.39,3,34.31624221801758,0.749713514233008,18.130665833072836,0.0,4541.124939745231,40.43246953835593,82290.88319363583,5586015.448169524,87.05690779471811,44.42473901716437
883,-121.725675,38.541804,4.02,3,35.570655822753906,0.7348583193961531,7.451471509079524,9.674389480275517,0.0,,,,113.88310243624971,81.36829600957628
884,-121.724528,38.541792,14.07,9,34.996429443359375,0.7237560385838151,0.0943692985215476,3.680402642340359,0.0,,64522.98973989224,5384301.7125612805,137.49941640254852,14.686044867426936
987,-121.724512,38.542693,9.0,7,33.60187530517578,0.7371622659265995,6.578947368421052,0.0,758.4862175138518,40.43246953835593,89099.43421678094,6374455.74630252,38.22628022069975,40.74608117896537
986,-121.725659,38.542705,4.41,4,34.603355407714844,0.7359312942717224,0.0,7.317073170731707,0.0,,5000.0,4488568.984902795,14.49463830742695,17.534219959702718
988,-121.723365,38.54268,6.55,4,33.88899230957031,0.748921005288139,5.243328100470958,10.737833594976452,7509.946903642453,40.43246953835593,92792.95854440347,6100682.309297563,51.50006792645583,25.92014746323738
772,-121.734868,38.541003,2.32,0,34.30598831176758,0.438489860156551,15.271244904358731,1.160238319222327,3875.633478057189,33.37508947745168,,,346.00885429629545,111.89401348802535
773,-121.733721,38.540991,1.94,2,34.37092971801758,0.5755872071022168,12.844611528822057,4.448621553884712,210.5922526072939,40.43246953835593,,,395.9051527640915,132.74935357852274
771,-121.736016,38.541015,6.82,3,34.20344924926758,0.633405745960772,13.149655604257983,0.6261740763932373,3875.633478057189,33.37508947745168,,,283.5593044623462,93.78443148683176
770,-121.737163,38.541028,6.22,3,33.52667999267578,0.7231720314593986,8.273268567847069,0.0,3875.633478057189,33.37508947745168,61874.99999999999,3467182.5008333316,231.65344547418195,64.8092942748813
875,-121.734853,38.541904,0.0,0,34.35725784301758,0.5838474668562412,15.820802005012531,7.957393483709272,3875.633478057189,33.37508947745168,,,259.3905609681594,124.22507129477873
876,-121.733705,38.541892,8.99,4,33.51984405517578,0.6399804688990116,15.789473684210526,6.704260651629072,3875.633478057189,33.37508947745168,,,315.97517569278347,191.2082032957539
874,-121.736,38.541916,8.76,4,34.480308532714844,0.6087313927710056,15.15815847165675,0.0,3875.633478057189,33.37508947745168,,,206.86457835030066,57.34511918938002
877,-121.732558,38.541879,16.33,8,33.164371490478516,0.7168923320714384,15.225563909774436,5.921052631578947,210.5922526072939,40.43246953835593,,,390.20770414868934,102.61462781769423
977,-121.735984,38.542817,11.01,4,34.504234313964844,0.7134222175227478,13.59123587812393,1.1297500855871276,3875.633478057189,33.37508947745168,43966.39558581484,2285916.0048378543,123.28610566941711,17.009543761514152
979,-121.73369,38.542793,16.7,10,34.26155471801758,0.6940802303142846,14.908976773383554,9.73006905210295,3875.633478057189,33.37508947745168,,,250.93585247357277,116.84103214789661
985,-121.726806,38.542718,9.99,6,34.934906005859375,0.713073602411896,0.0,15.693659761456372,0.0,,,,77.88963844756454,41.58983454432889
989,-121.722218,38.542668,4.2,5,34.02912902832031,0.7440694516990334,0.0,12.841444270015698,3373.9409170516583,40.43246953835593,99355.96894348395,6656679.186840328,67.17302994209234,25.362121095032936
1088,-121.72679,38.543619,7.61,3,33.88899230957031,0.7438194715650752,9.022556390977442,5.419799498746867,0.0,,,,67.15127268940792,57.98043208834368
1091,-121.723349,38.543581,5.84,3,32.95928955078125,0.4340150917414576,11.81077694235589,0.0,758.4862175138518,40.43246953835593,11486.872121147215,3231305.8072181013,0.0,8.962371747158175
1090,-121.724496,38.543594,0.0,0,31.927047729492188,0.6177169419825077,5.823418910457107,2.1603005635566688,758.4862175138518,40.43246953835593,,,0.0,55.98587736607512
1092,-121.722202,38.543569,15.65,8,33.81721115112305,0.7611454874277115,13.904582548650346,1.1927181418706845,3373.9409170516583,40.43246953835593,31817.02219004768,2725017.608131171,22.604207781743064,9.243743576224848
1089,-121.725643,38.543606,9.35,6,32.733699798583984,0.6593382509890944,3.510971786833856,0.0,758.4862175138518,40.43246953835593,,,7.863482068664177,5.209700390100005
1193,-121.72448,38.544495,0.0,0,31.701457977294922,0.7079028524458408,15.815847165674915,10.89884121515816,758.4862175138518,40.43246953835593,,,0.0,85.85480048788774
1192,-121.725627,38.544507,9.26,5,30.576929092407227,0.5458255121484399,8.208020050125313,4.323308270676692,758.4862175138518,40.43246953835593,,,0.0,26.17259342893038
1194,-121.723333,38.544482,2.16,3,35.30405044555664,0.5606704354286194,15.664160401002505,4.573934837092732,758.4862175138518,40.43246953835593,,,0.0,25.56309033443435
978,-121.734837,38.542805,3.84,3,35.15365982055664,0.7263936387607828,12.25,0.9375,3875.633478057189,33.37508947745168,,,174.79751488289932,49.91618725839327
980,-121.732542,38.54278,2.76,2,33.106266021728516,0.6820699913660064,8.458646616541353,1.1278195488721805,3875.633478057189,33.37508947745168,,,339.7282755702634,142.88071058522942
1083,-121.732527,38.543681,7.96,3,32.94561767578125,0.7176418760791421,9.447583176396735,15.473948524795984,3875.633478057189,33.37508947745168,,,261.9025747920095,104.745804663938
1080,-121.735968,38.543718,13.25,6,33.109683990478516,0.7030978725524619,23.6,3.6,3875.633478057189,33.37508947745168,,,35.67883952214716,91.31762353435207
1082,-121.733674,38.543694,10.83,9,33.99153137207031,0.7182754148961976,6.122448979591836,3.956043956043956,3875.633478057189,33.37508947745168,,,214.940452604997,42.53132718443799
1081,-121.734821,38.543706,11.91,4,33.77619552612305,0.73116128903348,13.592233009708735,0.0,3875.633478057189,33.37508947745168,,,117.36333515157469,24.392705112999025
1079,-121.737116,38.543731,11.38,3,32.45000457763672,0.7241195626556873,,,3875.633478057189,33.37508947745168,,,0.0,158.38439615513556
1185,-121.733658,38.544595,5.9,2,34.531578063964844,0.7136016768636182,10.3125,3.0625,3875.633478057189,33.37508947745168,,,222.4762579551458,32.28370204835652
1184,-121.734805,38.544607,15.29,9,33.45148468017578,0.6876244876766577,5.03655564581641,7.961007311129163,4096.361463130857,33.37508947745168,36190.240602438746,1390067.0628116515,130.0643609001801,98.70160580222068
1182,-121.7371,38.544632,14.3,8,32.87725830078125,0.7455971373710781,,,2489.517275408225,33.37508947745168,92480.90789446724,4449177.682506629,43.99790697355957,71.93976112490213
1084,-121.731379,38.543669,4.29,4,32.631160736083984,0.6515309682581574,15.162907268170423,6.296992481203008,3875.633478057189,33.37508947745168,,,216.84548906155104,134.1626978706807
1086,-121.729085,38.543644,19.77,13,33.68732833862305,0.7038902217755094,16.018808777429467,11.379310344827587,0.0,,,,241.46253518931425,138.17774910653347
1085,-121.730232,38.543656,9.42,4,32.94903564453125,0.7224975457647815,15.086071987480436,11.142410015649451,210.5922526072939,40.43246953835593,,,213.24163828488736,163.06770433395093
1087,-121.727938,38.543631,9.42,5,34.07356262207031,0.7180297547020018,11.027568922305765,11.215538847117791,0.0,,,,166.5436342481163,38.891013164503775
1190,-121.727922,38.544532,14.69,7,33.01055908203125,0.6970323680434376,8.317639673571877,3.515379786566227,0.0,,,,144.62092226808804,20.156907457231455
1187,-121.731364,38.54457,13.42,9,33.03106689453125,0.7494360889540985,10.200878844946642,7.1563088512241055,3875.633478057189,33.37508947745168,,,123.27649707790354,38.245550525846554
1188,-121.730216,38.544557,0.0,0,34.446128845214844,0.7291663074865937,15.789473684210526,3.728070175438596,3875.633478057189,33.37508947745168,,,116.43863480727167,67.17419634737384
1189,-121.729069,38.544545,8.81,5,33.03106689453125,0.6991997361183167,15.186695952306245,8.18951992469407,,,,,145.7152193331318,96.25839810352393
1292,-121.729053,38.545446,2.15,1,33.167789459228516,0.702700104797259,8.38810641627543,7.230046948356808,3875.633478057189,33.37508947745168,,,49.967911915016096,6.055562475697318
1291,-121.7302,38.545458,17.68,5,32.85333251953125,0.7073637472931296,16.802507836990596,5.297805642633229,0.0,,,,20.691683455452132,12.323023031280986
1195,-121.722186,38.54447,8.86,4,35.25278091430664,0.711424911627546,15.977443609022558,2.725563909774436,758.4862175138518,40.43246953835593,,,7.240298401223025,6.545146755953273
1191,-121.726775,38.54452,10.31,7,33.56769561767578,0.7257825285196304,8.333333333333332,3.853383458646616,0.0,,,,47.49129563675998,61.110980832922166
1298,-121.72217,38.545371,2.14,1,32.96954345703125,0.18153663934208453,9.774436090225564,1.1591478696741857,86.77092669077267,40.43246953835593,,,69.61390884262751,30.08888373615537
1295,-121.725611,38.545408,9.91,4,31.356237411499023,0.7204366559162736,15.914786967418545,3.0388471177944862,758.4862175138518,40.43246953835593,,,1.223601589179643,7.580238373405431
1296,-121.724464,38.545396,6.84,2,32.86016845703125,0.5328269312158227,8.35689601005341,1.6336789192585612,758.4862175138518,40.43246953835593,,,8.147094811121447,0.7229833492553323
1297,-121.723317,38.545383,0.36,0,33.54718780517578,0.1875935646239668,15.67889620570712,10.88115396676074,86.77092669077267,40.43246953835593,,,38.82728525719167,29.558799480541293
1294,-121.726759,38.545421,11.56,4,32.86700439453125,0.6935207473579794,15.725047080979284,1.7890772128060264,210.5922526072939,40.43246953835593,,,41.7103962479315,28.906953455958053
1399,-121.724448,38.546297,13.04,4,33.49591827392578,0.666892938548699,15.476190476190476,5.858395989974937,0.0,,,,103.6093358814993,17.138316829108813
1401,-121.722154,38.546272,4.69,2,32.29961013793945,0.21486144606024027,8.160703075957313,7.187696170747018,86.77092669077267,40.43246953835593,,,164.91625183774605,74.3154370765804
1400,-121.723301,38.546284,6.43,3,32.45684051513672,0.5211740136146545,0.4383218534752661,1.5967438948027552,86.77092669077267,40.43246953835593,,,134.1300008815518,45.16748823308231
1183,-121.735953,38.544619,18.6,6,32.45342254638672,0.738407391239889,,,2489.517275408225,33.37508947745168,57607.06696987476,3070382.135555734,59.72868824584093,95.14825121593245
1186,-121.732511,38.544582,11.94,7,33.74201583862305,0.7049788527656347,14.222919937205653,8.885400313971742,3875.633478057189,33.37508947745168,,,191.6931021881751,9.446596982271972
1287,-121.734789,38.545508,8.41,4,33.39679718017578,0.7567190557019785,16.915641476274164,4.173989455184534,4096.361463130857,33.37508947745168,134989.52182912553,2906228.960513288,196.07344197424354,20.830854522858704
1288,-121.733642,38.545496,4.07,4,35.512550354003906,0.7159237429732457,20.64516129032258,7.132616487455197,0.0,,,,257.7750331673106,1.7348742014571712
1285,-121.737084,38.545533,9.1,5,32.48076629638672,0.7374505144543946,17.949846018477782,5.9392872855257375,3482.5014431275204,33.37508947745168,79945.0380744798,4124347.549365411,142.80814698497866,25.49500827944752
1286,-121.735937,38.54552,14.32,7,32.32695388793945,0.7513791471719742,10.4870557261957,2.764370337867485,6497.841032865708,33.37508947745168,59713.300586267535,3634409.505796098,158.38086121435865,1.3808168544221582
1289,-121.732495,38.545483,2.52,2,35.054534912109375,0.7509824598673731,18.2614133833646,7.629768605378362,87.28375914424522,33.37508947745168,,,158.00393477453497,48.310049361287035
1392,-121.732479,38.546384,0.0,0,36.64733123779297,0.7086477358825505,8.34375,4.1875,87.28375914424522,33.37508947745168,,,157.64805296755787,118.57711300952313
1389,-121.735921,38.546421,14.36,7,31.892866134643555,0.7429646926466376,12.24937343358396,0.0,9886.951779081444,33.37508947745168,142224.6342996772,4554841.130448309,257.4567412664087,21.156561089954998
1391,-121.733626,38.546397,4.36,2,35.65610885620117,0.7342567373998463,7.846829880728186,0.0,87.28375914424522,33.37508947745168,,,257.5131216939165,21.32905702344678
1293,-121.727906,38.545433,4.86,2,33.05841064453125,0.6772253252565861,8.586649952992792,7.615167659041052,3875.633478057189,33.37508947745168,,,79.34969143296213,27.02212121226976
1290,-121.731348,38.545471,11.71,5,33.72492599487305,0.7150589984375983,31.042059008160702,12.335216572504708,87.28375914424522,33.37508947745168,,,58.54356663941866,19.54485598646396
1395,-121.729037,38.546347,19.78,5,30.758085250854492,0.4810011722147465,10.025062656641603,2.2869674185463658,87.28375914424522,33.37508947745168,,,0.0,52.001336160504465
1394,-121.730185,38.546359,20.12,6,31.60233497619629,0.21090484433807433,8.223477715003138,6.120527306967985,87.28375914424522,33.37508947745168,,,0.0,82.31829336584609
1396,-121.72789,38.546334,7.5,5,32.89093017578125,0.6506937148515135,15.661144107533604,10.909659268521413,87.28375914424522,33.37508947745168,,,0.0,21.66675429531399
1393,-121.731332,38.546372,0.0,0,34.989593505859375,0.7225233559729531,0.0,0.0,87.28375914424522,33.37508947745168,,,57.784372444426545,115.44810013429753
1497,-121.730169,38.54726,6.52,4,33.62238693237305,0.7390762402210385,3.634085213032581,2.850877192982456,87.28375914424522,33.37508947745168,,,16.013066698013407,149.3840321421567
1496,-121.731316,38.547273,0.0,0,35.26645278930664,0.7421227435115725,8.25515947467167,0.6879299562226392,87.28375914424522,33.37508947745168,,,64.02259093201994,152.06333314930487
1498,-121.729021,38.547248,3.55,1,32.50127410888672,0.6631350666284561,15.976145637162588,3.640929064657878,87.28375914424522,33.37508947745168,,,0.0,147.449624514233
1499,-121.727874,38.547235,1.4,1,32.99688720703125,0.5793324494734406,15.086071987480436,1.2519561815336464,87.28375914424522,33.37508947745168,,,0.0,104.12722441858196
788,-121.716514,38.540803,8.33,4,32.39531707763672,0.7244831705465913,4.265997490589712,7.120451693851945,3617.9839621657165,40.43246953835593,55017.517435575144,3030496.6080900347,125.14172011385843,29.324772626426867
786,-121.718808,38.540828,6.27,5,30.68630599975586,0.413495154120028,8.450704225352112,0.0,3617.9839621657165,40.43246953835593,,,0.0,48.87950338677149
785,-121.719955,38.540841,2.47,2,29.999284744262695,0.11030555609613657,5.32748354747728,0.0,3617.9839621657165,40.43246953835593,,,0.0,55.37662377389583
784,-121.721102,38.540853,26.45,11,31.116975784301758,0.6812999108806252,0.0,0.0,3617.9839621657165,40.43246953835593,,,0.0,1.1542573317512257
887,-121.721086,38.541754,21.04,9,32.05009460449219,0.7279420329723507,0.3133813851457223,0.0,3373.9409170516583,40.43246953835593,82264.95807059052,4969302.72995898,63.220870983816205,13.768077398891537
889,-121.718792,38.541729,12.9,9,32.15947341918945,0.7250287591014057,1.4724310776942355,0.0,3373.9409170516583,40.43246953835593,42075.02164180382,2579459.202965511,41.87092262306411,32.839733213338896
888,-121.719939,38.541742,2.64,2,31.15799331665039,0.7563075134530663,0.0,0.0,3373.9409170516583,40.43246953835593,74728.17121730445,2981943.2681720904,52.60061391790264,44.14951504026793
891,-121.716497,38.541704,8.81,4,33.297672271728516,0.7497663630638272,1.4438166980539862,3.452605147520402,3617.9839621657165,40.43246953835593,,,137.48462265279753,54.41308532046661
890,-121.717645,38.541717,13.72,7,33.171207427978516,0.7318267822265625,9.69355847404628,0.0,3373.9409170516583,40.43246953835593,23334.53588462179,1784177.873898103,47.13825266426684,8.009171828320703
991,-121.719923,38.542643,16.65,11,31.855268478393555,0.7326885613147169,20.988042794210195,0.0,3373.9409170516583,40.43246953835593,126314.25198807575,3588401.9475166625,152.19100000193913,47.38244814579802
898,-121.708937,38.542031,0.0,0,,0.6141483040992171,18.98496240601504,0.0,,,,,19.79269187916644,24.613570388934132
896,-121.710796,38.541682,21.41,7,27.722883224487305,0.4176067190710455,10.686305233469133,0.0,1994.5560352165826,8.475800626053456,223850.62214454907,746081.9463199362,57.94930222900643,9.86792577720198
897,-121.709737,38.541871,35.15,5,26.888885498046875,0.24773160950280726,8.123425692695214,0.0,,,,,4.82173675616344,13.624552239313386
1003,-121.70623,38.542829,30.18,2,28.266347885131836,0.5485796369612217,14.818295739348372,0.0,1994.5560352165826,8.475800626053456,270607.3498783228,3096384.638167934,215.0869665353212,5.631173506337099
999,-121.710745,38.542542,35.95,15,28.5568790435791,0.5292464813683182,8.364661654135338,5.764411027568922,1994.5560352165826,8.475800626053456,354091.69312904007,4453938.226883659,44.68150183765895,89.79791851656965
1000,-121.709598,38.54253,20.36,11,28.239004135131836,0.6660209633409977,2.630754776072659,5.010961478233636,1994.5560352165826,8.475800626053456,167248.63061263552,3388514.1089047403,0.0,27.483132599740106
1001,-121.70849,38.54257,24.61,8,29.083253860473633,0.6635078901890665,3.35633626097867,5.426599749058971,1994.5560352165826,8.475800626053456,98028.0973896324,2228329.316088207,21.960236166046894,17.326022751171635
1002,-121.707361,38.542712,32.91,6,29.199466705322266,0.6674662614241242,10.323187951051144,2.4788202070913083,1994.5560352165826,8.475800626053456,267773.28387120727,3717537.2000472383,116.43719451853907,4.846607354240059
1102,-121.710729,38.543443,4.71,2,34.05989074707031,0.7572101391851902,17.482736974262398,0.0,3551.2226152814865,8.475800626053456,176107.22436240394,3377092.157901006,79.76543305270545,8.350073904555128
1103,-121.709582,38.54343,15.28,9,33.77277755737305,0.7514585091266781,14.321529301159512,3.0711375744280787,3551.2226152814865,8.475800626053456,110556.8454304317,2692076.0003327224,82.26725620081214,34.89017044120992
892,-121.71535,38.541692,9.59,6,33.178043365478516,0.7369526661932468,23.03353180821059,4.35600125352554,3617.9839621657165,40.43246953835593,,2592425.7288060714,235.65120031098016,2.1333158549835782
997,-121.71304,38.542567,6.67,2,32.637996673583984,0.7448857286944985,0.0,6.510172143974962,7132.657358543785,8.475800626053456,94331.39916993682,6834054.690736793,243.38223412643117,50.2542431336083
996,-121.714187,38.54258,12.64,9,34.71615219116211,0.7402835807297379,0.6892230576441103,3.195488721804511,5375.437711658073,40.43246953835593,,,190.7698633751204,45.65225054944467
995,-121.715334,38.542593,9.55,7,34.890472412109375,0.7539738053455949,16.446955430006277,5.586942875078468,5375.437711658073,40.43246953835593,,,149.2783485388695,40.96285899191872
998,-121.711893,38.542555,13.39,5,30.925567626953125,0.7310698798391968,18.18751959862026,3.041705863907181,1994.5560352165826,8.475800626053456,328899.6317802927,6003130.778689822,144.0701645665387,95.75003064797548
1100,-121.713024,38.543468,13.52,6,34.14876174926758,0.7540533042047173,0.0,0.0,3410.147451475425,8.475800626053456,103634.05245897248,4575182.1797556775,209.10595642550732,3.0304761945502103
1099,-121.714171,38.543481,13.85,5,35.570655822753906,0.7558298707008362,16.258631512868803,3.0131826741996237,3130.5918140632325,40.43246953835593,,5190366.88628778,118.00777140780805,7.523161174369408
1098,-121.715318,38.543494,23.9,10,34.29915237426758,0.7346228791866452,4.730576441102756,0.0,5055.576262864833,40.43246953835593,,4091767.284605263,57.33957794838951,32.95056695006184
1204,-121.711861,38.544357,10.48,5,34.08723449707031,0.7552728115115315,8.202880400751408,0.0,3410.147451475425,8.475800626053456,165207.1887913865,2390595.2900049295,219.88417773238652,104.56608864985263
1203,-121.713008,38.544369,20.25,9,33.99494934082031,0.7428853297606111,26.8361581920904,3.0759573132454485,3410.147451475425,8.475800626053456,160987.93175232355,2191543.725859335,198.47170442816193,36.0998276495067
992,-121.718776,38.54263,20.13,11,32.59014129638672,0.7465987300965935,2.354048964218456,0.0,3373.9409170516583,40.43246953835593,125186.5344680848,3791412.7479010215,141.46144168391936,82.43790767948128
990,-121.72107,38.542655,19.4,15,32.614070892333984,0.7522523591760546,15.504845264145043,0.0,3373.9409170516583,40.43246953835593,88121.21639639064,5051759.0619090805,142.51878744283982,17.411555206806923
994,-121.716481,38.542605,14.5,6,34.01545715332031,0.7505857581272721,8.07006568658117,2.471066624960901,5055.576262864833,40.43246953835593,,3317618.0914451787,151.1578264536028,9.07840132132819
993,-121.717629,38.542618,13.28,10,33.76594161987305,0.7581133032217622,0.0,0.0,3373.9409170516583,40.43246953835593,103278.57687322784,3267730.382904379,137.49069409514803,87.13239052769522
1096,-121.717613,38.543519,7.66,4,33.57453155517578,0.766159150749445,25.015693659761457,0.0,3373.9409170516583,40.43246953835593,80021.86736495988,3142739.1428044415,153.25967948336188,21.042555260853714
1097,-121.716465,38.543506,9.04,3,33.62238693237305,0.750004205852747,15.06720850265708,0.0,3464.940639570613,40.43246953835593,71261.56486141785,3356414.1129027056,65.23613161343184,73.09543194068637
1095,-121.71876,38.543531,14.56,7,32.47393035888672,0.7651177293155342,8.574120603015075,0.0,3373.9409170516583,40.43246953835593,85458.81259633937,2841745.8055573604,241.05194535932884,19.82618379444648
1094,-121.719907,38.543544,18.7,8,31.923629760742188,0.732766930013895,4.572502348888193,0.0,3373.9409170516583,40.43246953835593,74629.82005947742,3497924.3308377843,220.06273224470044,4.709382556004502
1093,-121.721054,38.543556,10.92,7,32.655086517333984,0.7330804467201233,10.607008760951189,1.6270337922403004,3373.9409170516583,40.43246953835593,101211.0461562999,4104243.0228305995,121.38576140273081,11.902415632075094
1198,-121.718744,38.544432,5.45,5,33.137027740478516,0.7506121976766735,12.12406015037594,3.101503759398496,3373.9409170516583,40.43246953835593,90602.36522556569,3014098.862230647,240.24935662518416,51.312495691701706
1105,-121.707288,38.543405,3.79,2,32.36455535888672,0.7344397939741611,8.268086439085499,1.7538365173817727,3410.147451475425,8.475800626053456,237954.4973087972,3781577.006666825,161.4791867489378,29.720722668390767
1101,-121.711877,38.543456,7.14,5,33.72150802612305,0.756679117679596,0.0,1.437949359174742,3410.147451475425,8.475800626053456,112643.22037892505,2171251.678551354,157.0393217293934,4.4080387377929116
1104,-121.708435,38.543418,4.44,4,33.43439483642578,0.7514320546761155,8.270676691729323,0.0,3551.2226152814865,8.475800626053456,112246.30672671122,2842206.6420285744,111.86111405571333,52.36110477329905
1205,-121.710713,38.544344,5.18,3,35.126312255859375,0.7605864724610001,8.507976227713481,0.0,3149.0141064212203,8.475800626053456,85452.97429368396,1859918.2719748782,173.31886578098337,107.8025568795771
1209,-121.706124,38.544293,10.59,7,31.838178634643555,0.7627438046038151,7.18093446221386,0.0,1994.5560352165826,8.475800626053456,213137.87626606468,3756053.2119521066,242.6591096815632,50.54528160840681
1208,-121.707272,38.544306,17.63,9,33.08233642578125,0.7454389447811991,11.205007824726136,0.0,3410.147451475425,8.475800626053456,228919.15323014752,4066821.83450239,241.9311674059529,118.04159112666522
1207,-121.708419,38.544319,12.21,5,34.511070251464844,0.7503213882446289,8.925775133103663,4.447228311932352,3149.0141064212203,8.475800626053456,159612.40621857118,3787566.7242351486,207.54252263409467,147.1473089676397
1206,-121.709566,38.544331,11.92,6,35.133148193359375,0.7342305816709995,9.16509730069052,0.0,3149.0141064212203,8.475800626053456,99374.2049653708,2440246.467092202,177.94904848458083,130.25725675962923
1311,-121.707255,38.545207,3.99,2,32.658504486083984,0.7465987300965935,8.458646616541353,0.4699248120300752,3410.147451475425,8.475800626053456,199709.6716453945,3852304.6421810756,171.37715771758403,63.677476117280044
1308,-121.710697,38.545245,19.9,11,34.30940628051758,0.7464141584932804,16.723976242575805,3.094717099093467,3019.172131540979,8.475800626053456,145869.0026444184,3438095.6550075947,271.6284760895697,144.66357704937963
1201,-121.715302,38.544395,21.45,12,33.47199249267578,0.7277597822248936,26.727102219443577,4.3451078462019375,3464.940639570613,40.43246953835593,85196.22671292756,3689444.2392713935,0.0,7.592300571994996
1202,-121.714155,38.544382,14.03,8,34.27864456176758,0.7417021507862955,29.62613886270813,0.0314169022934338,3130.5918140632325,40.43246953835593,,2428198.1095345453,98.60392572999595,63.75160779886919
1200,-121.716449,38.544407,15.88,9,33.325016021728516,0.7508766187820584,14.608150470219435,1.9122257053291531,3464.940639570613,40.43246953835593,95839.2404982967,3509610.8494805936,40.428670868203334,7.828187531886485
1303,-121.716433,38.545308,10.83,6,34.15559768676758,0.748234503204003,0.0,3.640929064657878,3464.940639570613,40.43246953835593,59410.34426137725,2688821.5738039985,105.57755411908862,83.84674562995782
1307,-121.711844,38.545258,21.2,8,33.04815673828125,0.7669607261195779,34.61900282220132,7.369081216682345,3410.147451475425,8.475800626053456,103511.3077511129,3324907.058746278,303.44436544701813,135.89581879347745
1306,-121.712992,38.54527,14.29,5,32.87042236328125,0.7497663630638272,13.209915280828366,9.475996234703484,3410.147451475425,8.475800626053456,125936.27813880653,5060971.800697718,218.11965617740253,36.11146986200173
1304,-121.715286,38.545296,13.23,7,33.93342590332031,0.7592031287495047,5.220381369177868,6.47077211628634,3464.940639570613,40.43246953835593,58244.585483913856,2751757.5424507917,90.63263890136751,92.62035444015557
1305,-121.714139,38.545283,14.74,7,33.39337921142578,0.7536823453847319,8.395989974937343,3.6654135338345855,3130.5918140632325,40.43246953835593,,2614596.241772901,133.8764260195608,63.73978640812953
1410,-121.711828,38.546159,10.26,5,33.277164459228516,0.7477066388819367,1.2868801004394226,3.421217827997489,3410.147451475425,8.475800626053456,204240.66696104786,7882956.245105763,354.15420456077095,35.85230002165622
1408,-121.714123,38.546184,7.16,3,34.429039001464844,0.7510881891939789,0.0,3.219756173804314,3373.9409170516583,40.43246953835593,,4340381.779623148,214.71215853674613,65.52477433600673
1196,-121.721038,38.544457,12.61,7,32.99688720703125,0.712171577848494,10.577526679221592,7.878217200251099,3373.9409170516583,40.43246953835593,88163.23797785933,3529219.706546122,106.02065372398245,0.39136731037548145
1199,-121.717597,38.54442,21.13,12,33.58136749267578,0.7468888172879815,16.823603264281232,3.421217827997489,3373.9409170516583,40.43246953835593,74865.46253415871,2806926.795097236,140.38344909250299,35.111726099652195
1197,-121.719891,38.544445,8.14,6,33.246402740478516,0.7453072080388665,6.3457330415754925,3.125976867771178,3373.9409170516583,40.43246953835593,72250.07815878713,3327346.0922253286,205.2246899202717,76.09071776935114
1302,-121.717581,38.545321,11.86,6,34.30257034301758,0.7494492980185896,0.0,0.0,3373.9409170516583,40.43246953835593,88572.44683008501,3520369.0616176147,170.9721911737741,81.11302114460695
1299,-121.721022,38.545358,19.79,14,32.36455535888672,0.6883459000382572,8.208020050125313,0.0,3373.9409170516583,40.43246953835593,132333.30095712867,5241279.292762176,129.99242231516504,0.38235753637387965
1301,-121.718728,38.545333,5.19,2,33.55402374267578,0.7494757175445557,0.0,0.0,3373.9409170516583,40.43246953835593,77846.32232643988,3144573.513265688,259.2952951795967,106.91800906128347
1300,-121.719875,38.545346,14.7,8,32.97296142578125,0.750717960530892,10.78031964901285,6.110937010341585,3373.9409170516583,40.43246953835593,96007.67764397555,3699583.4468604643,219.22528094325415,68.02254183069597
1402,-121.721006,38.546259,2.33,1,32.02958679199219,0.2363814900163561,14.317042606516292,1.0651629072681703,86.77092669077267,40.43246953835593,,,203.14653333111556,2.778332533573103
1403,-121.719859,38.546247,3.37,2,31.879194259643555,0.46794734918512404,15.880503144654089,0.0,3373.9409170516583,40.43246953835593,90153.46984927233,5033984.297818177,270.2743035303455,23.946559701966283
1404,-121.718712,38.546234,21.75,9,32.610652923583984,0.7387352138757706,10.491700595051675,6.608205449420608,3373.9409170516583,40.43246953835593,52979.876506652196,2398315.850848881,311.1330556460715,7.842329465334185
1309,-121.70955,38.545232,9.39,4,34.67855453491211,0.7406512277666479,16.221314052184848,1.0374096196164728,3019.172131540979,8.475800626053456,103234.37480906777,2582356.285413873,274.6506287757056,115.81783698845345
1310,-121.708403,38.54522,22.48,10,34.10090637207031,0.741754716495052,6.497175141242938,0.0,3019.172131540979,8.475800626053456,103218.43488136584,2935092.0980500914,217.04723838072982,48.118717827141644
1411,-121.710681,38.546146,1.48,1,33.97785949707031,0.7514056006912142,18.452380952380956,3.4461152882205512,3410.147451475425,8.475800626053456,199343.26870615454,4212887.81471096,345.0421047057379,47.28082051239969
1414,-121.707239,38.546108,10.68,7,32.86358642578125,0.7545834037009627,17.508628804518356,5.051772827110135,3410.147451475425,8.475800626053456,258122.76045924795,5731084.48640408,77.23511788556421,44.72444062986291
1413,-121.708387,38.546121,7.51,2,34.10774230957031,0.7538148202002048,8.757062146892656,5.241682360326428,3410.147451475425,8.475800626053456,212768.71634526484,4680466.2735417895,153.99822944163722,48.66724591330934
1412,-121.709534,38.546133,14.37,7,34.15217971801758,0.7404936535749584,8.348968105065666,3.0644152595372107,3410.147451475425,8.475800626053456,182277.34264083247,3873554.1782917255,247.82838803626208,61.43300628784644
1517,-121.707223,38.547009,19.65,6,31.814252853393555,0.7362454871181399,0.0,0.0,3410.147451475425,8.475800626053456,181688.67496082856,5007637.070371783,40.599710817472776,23.181093708009474
1514,-121.710665,38.547047,7.73,6,33.55744171142578,0.7515378752723336,11.20527306967985,4.1745134965473945,4323.103235575349,8.475800626053456,171650.08301045056,4588488.402127347,339.539414358045,52.88263787905761
1516,-121.70837,38.547022,10.34,7,33.335269927978516,0.7543713415507227,0.0,0.0,3410.147451475425,8.475800626053456,183942.49687696103,5141250.9619768,140.08257727096705,19.355108483046976
1515,-121.709518,38.547034,13.72,10,33.63947677612305,0.7456497477833182,7.410881801125703,2.1263289555972484,3410.147451475425,8.475800626053456,183916.54244449286,4948679.946090193,239.83729011395465,32.48863807429808
1405,-121.717565,38.546222,22.47,9,33.171207427978516,0.7381582716479897,0.0,0.0,3373.9409170516583,40.43246953835593,101397.61225502218,3475052.2509450554,242.5132353238033,5.038438909218556
1508,-121.717549,38.547123,6.44,5,32.53887176513672,0.7217323817312717,12.233375156838145,6.681304893350062,3373.9409170516583,40.43246953835593,,,329.3319492628983,22.941847021411547
1506,-121.719843,38.547148,4.34,2,32.85333251953125,0.48273828718811274,15.319548872180452,0.156641604010025,0.0,,,,342.80048943362937,33.77051828235675
1505,-121.72099,38.54716,5.1,2,34.35383987426758,0.5044779516756535,16.035076730347637,10.554337613529595,0.0,,,,292.0191736897445,7.806298321727971
1509,-121.716401,38.54711,13.16,5,32.59014129638672,0.7416233057156205,0.0,0.0,3373.9409170516583,40.43246953835593,148904.92100717436,4773734.681461309,299.3068767687439,26.551672374044852
1507,-121.718696,38.547135,1.51,1,32.95928955078125,0.659486940363422,15.36050156739812,2.319749216300941,86.77092669077267,40.43246953835593,,,382.67374807872693,4.963260413904778
1609,-121.719827,38.548049,4.79,2,34.965667724609375,0.692580733448267,9.9937343358396,2.380952380952381,1354.9777079715682,30.447680690399135,,,426.3104841747572,5.760832839469727
1610,-121.71868,38.548036,2.4,2,34.493980407714844,0.6104230901692063,8.925775133103663,0.0,0.0,,,,464.90891153257917,24.63726792981373
1608,-121.720975,38.548061,0.0,0,35.526222229003906,0.7141044272575527,8.349026993094789,5.932203389830509,2526.3066123039416,30.447680690399135,,,386.20223497500433,35.83882216655225
1607,-121.722122,38.548074,3.9,3,38.08290100097656,0.5980403537396342,6.001875586120662,0.0,2526.3066123039416,30.447680690399135,,,355.52085207920203,65.93190422063452
1406,-121.716417,38.546209,13.8,8,33.61555099487305,0.7577147821430117,0.0,0.0,3373.9409170516583,40.43246953835593,105891.08999445946,3125354.375597351,201.7845003727883,47.663280075356084
1409,-121.712976,38.546171,9.71,6,33.75568771362305,0.7515643315855414,0.0,0.4699248120300752,3410.147451475425,8.475800626053456,194245.75275861527,9967185.631260557,275.2143929743389,23.158285674837394
1407,-121.71527,38.546197,13.01,9,34.18294143676758,0.7534439200535417,0.0,2.260596546310832,3373.9409170516583,40.43246953835593,134705.38537955313,3617142.69217161,190.7964132935689,93.40577162857619
1511,-121.714107,38.547085,1.16,1,34.32307815551758,0.7379747463855892,0.0,0.0,3373.9409170516583,40.43246953835593,,,307.156952564862,24.555803208236455
1513,-121.711812,38.54706,7.93,5,33.52326202392578,0.7520406248513609,0.0,0.0,3410.147451475425,8.475800626053456,214326.55503422837,10935298.303703427,416.7352448197417,25.030673278675106
1512,-121.71296,38.547072,1.84,2,34.14192581176758,0.7464405244681984,0.0,0.0,3410.147451475425,8.475800626053456,256456.63628090476,12765353.423322702,352.1014088540821,18.93221399911146
1510,-121.715254,38.547097,12.87,5,33.42072296142578,0.7136660851538181,0.0,0.0,3373.9409170516583,40.43246953835593,74409.24921751265,2534890.5308431895,290.84902422104244,1.6135025902617086
1614,-121.714091,38.547986,1.3,1,33.294254302978516,0.6766227222979069,14.689265536723164,6.52856246076585,86.77092669077267,40.43246953835593,,,403.3052607584193,15.236019283044135
1613,-121.715238,38.547998,3.92,2,33.42072296142578,0.64752197265625,16.196741854636592,6.453634085213032,86.77092669077267,40.43246953835593,,,391.01276008195026,20.207081271941043
1615,-121.712943,38.547973,3.43,1,33.50959014892578,0.6651246696710587,8.017538365173818,5.762605699968681,86.77092669077267,40.43246953835593,,,438.5304961954997,10.675352709566123
666,-121.738326,38.540139,11.41,4,32.88409423828125,0.7286712641362101,9.177008491182232,5.715218811234488,364.9038935861688,33.37508947745168,,,316.57986153826306,57.30618637108124
769,-121.73831,38.54104,6.84,3,33.62580490112305,0.7396272951737046,13.50250626566416,4.448621553884712,3875.633478057189,33.37508947745168,,,216.6038007182577,2.0316799997434907
767,-121.740604,38.541065,9.39,4,31.985153198242188,0.683745481306687,,,0.0,,,,301.6174115185867,68.26737674515573
768,-121.739457,38.541053,11.29,7,32.624324798583984,0.7244831705465913,0.0,3.5796766743648964,364.9038935861688,33.37508947745168,,,244.96799654080058,13.002646701699682
766,-121.741752,38.541077,17.79,10,31.424598693847656,0.7136660851538181,,,2039.4327472047028,64.72418670438472,23609.13581957273,4327054.170099818,328.33224845375736,4.450307576632917
870,-121.740589,38.541966,15.43,5,32.10478591918945,0.7334724368993193,,,527.1513438754055,33.5300316122234,,,230.65422109616975,20.767693385058095
873,-121.737147,38.541929,20.3,6,33.260074615478516,0.7206310803303495,9.109449354180828,2.3453433038749147,3875.633478057189,33.37508947745168,83545.74956742518,3929537.2492672303,142.9489124045168,9.577737146713954
871,-121.739441,38.541954,18.5,8,32.11503982543945,0.6890550258103758,,,527.1513438754055,33.5300316122234,,,160.32035350187192,26.166996605863016
872,-121.738294,38.541941,17.32,8,32.56963348388672,0.7325971369864419,0.0,2.489019033674964,3875.633478057189,33.37508947745168,61697.100531001015,3336356.385817969,116.95016067543186,76.4178998634771
869,-121.741736,38.541978,18.56,5,32.20390701293945,0.7477330276742578,,,2069.463639884862,33.5300316122234,18136.652859952217,6065246.425853554,229.6841081379442,33.187165411622004
865,-121.746325,38.542027,25.29,11,30.782011032104492,0.720358949387446,,,3971.188469425163,33.5300316122234,,6566455.747548558,273.2546813794676,20.737021335662416
968,-121.746309,38.542928,13.01,8,30.24538230895996,0.7285887800001849,,,10255.787277610758,33.5300316122234,,5317036.174339502,195.5087075067422,42.944578067496565
971,-121.742867,38.542892,23.26,5,32.723445892333984,0.7070572132228075,,,3278.714330285992,33.5300316122234,,,170.77007228392387,132.2226537075062
970,-121.744015,38.542904,10.36,6,32.21416091918945,0.7408457895275206,,,2405.905704062155,33.5300316122234,,,140.97395547380964,34.96672188830579
969,-121.745162,38.542916,6.91,3,32.49102020263672,0.7560085705269806,,,7925.182032843094,33.5300316122234,,4752635.114969215,139.0955477713629,62.175620883195016
1072,-121.745146,38.543817,21.65,8,29.982192993164062,0.7357349875383079,,,7049.371077819689,33.5300316122234,,19510927.92281157,54.58998720060895,7.401542374813815
1073,-121.743999,38.543805,25.42,9,31.21951675415039,0.748749158317771,,,2405.905704062155,33.5300316122234,,,43.53493864397732,30.51046107367658
1074,-121.742852,38.543792,18.32,7,32.20732498168945,0.7401295015999281,,,419.2951916730803,33.5300316122234,,,97.02657468898492,53.72670241388727
1070,-121.746993,38.543927,37.7,3,30.24538230895996,0.6732882189098746,,,5085.015431122436,33.5300316122234,,6322159.710278714,204.90556076645484,8.11460838599778
1071,-121.746293,38.543829,16.86,5,30.24880027770996,0.7477198346750811,,,5085.015431122436,33.5300316122234,,4411035.638754065,147.7797488556051,15.708649591871543
976,-121.737131,38.54283,17.09,9,32.648250579833984,0.7168664932250977,100.0,0.0,3875.633478057189,33.37508947745168,,,66.52152026329149,83.96477687494274
973,-121.740573,38.542867,9.6,4,33.65656661987305,0.7387614438775927,,,0.0,,,,133.16377811590638,63.68160968601889
975,-121.738278,38.542842,18.18,9,32.03300476074219,0.7308878919575363,,,3875.633478057189,33.37508947745168,,,21.175731447454112,130.55040576739725
974,-121.739426,38.542854,11.85,4,33.37970733642578,0.732244610786438,,,797.8393040367739,33.5300316122234,,,107.07218642909359,33.37949174833335
972,-121.74172,38.542879,18.92,8,33.256656646728516,0.7419649979565293,,,2069.463639884862,33.5300316122234,,,133.316330723131,130.69740949630608
1077,-121.73941,38.543755,5.63,3,34.68880844116211,0.7425828791456297,,,0.0,,,,50.19398738310552,56.824607701969924
1075,-121.741704,38.54378,15.91,8,33.74201583862305,0.7420175729785115,,,709.450244575563,33.5300316122234,,,53.45481688245707,76.85223031203469
1076,-121.740557,38.543768,8.07,3,34.37092971801758,0.7393648624420166,,,0.0,,,,36.71902135535019,40.329644594901865
1078,-121.738263,38.543743,9.72,7,32.88751220703125,0.7217842349782586,,,527.1513438754055,33.5300316122234,,,30.32902341159121,146.24993342734172
1181,-121.738247,38.544644,3.78,2,33.93684387207031,0.745478470926173,,,527.1513438754055,33.5300316122234,,,69.61523643311655,48.74647036259785
967,-121.747217,38.542709,8.46,1,,0.7475087378406897,,,,,,,272.944216435461,39.435828674099184
1276,-121.747226,38.545668,6.63,2,30.918731689453125,0.7194527594838291,18.521816562778277,10.641139804096172,4153.503699814092,33.5300316122234,,4597285.011114369,78.5799291913952,31.593176465619244
1375,-121.751982,38.546651,25.13,8,28.5637149810791,0.7372736420365982,10.113065326633166,0.0942211055276381,1821.0717408300902,33.5300316122234,120647.92939593618,3493653.210063618,99.79056305801224,70.74814795656926
1376,-121.750835,38.546638,52.93,20,27.907455444335938,0.6817356976098381,0.1880288310874334,4.575368223127546,1544.18990267902,33.5300316122234,265961.44391491334,2912640.4884822965,60.38761635474865,170.60896456249478
1179,-121.740541,38.544669,13.34,5,33.71809005737305,0.7251327040139586,,,0.0,,,,50.682247378049155,2.5236146122996925
1178,-121.741689,38.544681,23.6,9,33.04473876953125,0.6968285536859185,,,1559.6358290894082,33.5300316122234,,,68.89134941767276,20.600362443182235
1180,-121.739394,38.544656,15.36,8,33.50959014892578,0.7364549862686545,,,0.0,,,,45.619163898469566,25.73593094415369
1282,-121.740526,38.54557,15.6,8,32.07402038574219,0.7416495869401842,7.379584622182943,8.837825894829871,0.0,,,,147.52741711431835,5.687872097702277
1283,-121.739379,38.545557,7.83,3,32.90802001953125,0.7334332541795447,9.630606860158313,4.485488126649076,0.0,,,,137.44737150516968,71.71719685193699
1284,-121.738231,38.545545,7.84,3,33.77277755737305,0.7532320180907845,13.537117903930133,5.109170305676856,0.0,,,,146.0404404291491,48.6735811517527
1281,-121.741673,38.545582,10.94,3,31.441688537597656,0.7451754829380661,7.989578810247504,4.038211029092488,0.0,,,,160.10542978816025,91.53092301907667
1384,-121.741657,38.546483,27.21,12,30.546167373657227,0.7335116487229243,10.847139731165989,0.0,1332.9818549435658,33.5300316122234,,,236.97621535778123,68.30389537424787
1388,-121.737068,38.546434,22.53,9,31.52372169494629,0.7486967399017885,5.042279987472596,0.0,6497.841032865708,33.37508947745168,104248.9949440529,4999126.42445095,242.73071844243216,76.13503214236235
1385,-121.74051,38.546471,19.06,10,31.58182716369629,0.7291663074865937,4.706620646375902,0.0,1528.6085009091546,33.5300316122234,,,247.04162625287006,28.823309692046298
1176,-121.743983,38.544706,13.9,6,29.544687271118164,0.7374112071702257,,,0.0,,,,0.0,66.92253207659662
1173,-121.747107,38.54478,19.48,4,31.20242691040039,0.7112275923912724,,,5085.015431122436,33.5300316122234,,4839966.642231708,177.06013912604337,19.04982100477194
1177,-121.742836,38.544693,19.21,7,31.18875503540039,0.6764219151809812,,,1935.5503710684795,33.5300316122234,,,93.60838729896363,43.70656154510213
1175,-121.74513,38.544718,9.8,4,29.3327693939209,0.7212789197219536,,,3135.643180300082,33.5300316122234,,11606524.944391103,27.497461215384664,15.490272506176636
1174,-121.746278,38.54473,35.36,10,30.24196434020996,0.704056802438572,,,5113.770298549334,33.5300316122234,,3869056.999429804,124.77048684849733,88.28554578278471
1280,-121.74282,38.545594,21.71,7,30.932403564453125,0.7384729489373664,14.536671058410189,4.084321475625823,1559.6358290894082,33.5300316122234,,,116.69902119118466,141.1398245627842
1277,-121.746262,38.545631,27.38,10,29.671154022216797,0.7230130674724933,11.217808817110432,5.237887385421213,5001.126777113292,33.5300316122234,,1856619.4779201702,80.99827259780754,66.32036180016429
1278,-121.745115,38.545619,30.27,6,28.5466251373291,0.614150679204613,25.215419501133784,5.170068027210884,0.0,,,,4.489419552539361,7.170245334584915
1279,-121.743968,38.545607,26.92,8,28.252676010131836,0.741511621454265,15.913120567375886,4.609929078014184,0.0,,,,19.450680582733174,104.64726801567834
1381,-121.745099,38.54652,14.51,8,30.32057762145996,0.7438325544353575,0.0,0.0628338045868677,0.0,,,,15.326479426882761,8.065204362265295
1387,-121.738216,38.546446,7.94,3,32.87725830078125,0.7548220092430711,3.070175438596491,0.0,0.0,,95942.81004111406,4902464.750094149,240.54878236165945,146.0904818959122
1386,-121.739363,38.546458,7.81,3,32.88751220703125,0.7245741087244824,10.056390977443607,2.568922305764411,0.0,,,,235.58508429536874,124.46959552681797
1489,-121.739347,38.547359,3.45,1,32.829402923583984,0.7334463123697788,8.035153797865663,0.0,0.0,,,,334.816385644365,27.001750779710246
1487,-121.741642,38.547384,22.48,3,29.77027702331543,0.7091615630779415,4.1040100250626566,0.0,4272.166356640464,33.5300316122234,119560.82720358843,4529080.870384619,261.7945048480908,19.00481911539131
1490,-121.7382,38.547347,8.3,5,32.42266082763672,0.7462427910650149,11.43483709273183,0.0,2534.189713145585,33.37508947745168,91586.23126228657,4581101.542169348,336.6928804981143,49.917415834668276
1486,-121.742789,38.547396,9.88,4,30.72048568725586,0.7471262032631785,8.158142453718229,0.0,2225.338074575356,33.5300316122234,89628.46541046609,3481710.8033681605,171.43312485189983,41.93839148636623
1488,-121.740494,38.547372,13.51,7,31.13748550415039,0.7432536222040653,10.303789539617911,0.0,1528.6085009091546,33.5300316122234,139744.0274474776,5255631.647588338,346.9300518743149,3.9464349923504294
1592,-121.739331,38.54826,6.15,2,32.29277420043945,0.7622376719955355,14.375392341494036,0.0,256.7012242825871,33.5300316122234,,,344.43115226148717,70.46608299509073
1593,-121.738184,38.548248,11.95,6,33.65998458862305,0.744648699183017,8.022563459730492,0.0,2510.882961394883,33.37508947745168,176165.7823434388,5310876.242241959,262.5823210708988,47.559563846025775
1594,-121.737037,38.548236,7.37,3,32.709774017333984,0.7606663191691041,11.528822055137844,0.0,3805.4768217260867,33.37508947745168,53601.667876342464,4551442.374124254,198.01572103333544,24.631240204036207
1382,-121.743952,38.546508,16.56,8,29.086671829223633,0.7449647469911724,11.644695543000626,0.0,0.0,,,,42.54253147459887,32.49216508747552
1379,-121.747382,38.546554,28.96,10,30.583765029907227,0.7025086932117119,0.5021971123666039,0.0,132.9364547744854,33.5300316122234,,,0.0,35.80112986998914
1380,-121.746246,38.546532,25.47,8,30.819608688354492,0.7005529209272936,7.661038148843027,0.6566604127579738,132.9364547744854,33.5300316122234,,,0.0,33.79639779250988
1383,-121.742805,38.546495,16.34,6,30.768339157104492,0.7272912422195077,8.646616541353383,0.0,2730.687367730866,33.5300316122234,,,139.7046748469415,55.535783387155625
1482,-121.747378,38.547446,24.27,11,30.112077713012695,0.719724589609541,8.349026993094789,0.0,132.9364547744854,33.5300316122234,,,20.6690316366385,134.9539617308637
1485,-121.743936,38.547409,19.41,6,30.34450340270996,0.7406512277666479,0.0,3.1387319522912747,3114.039006408405,33.5300316122234,131555.72983438318,4596370.827265773,101.03111613728275,64.9817054233586
1484,-121.745084,38.547421,17.14,8,30.983673095703125,0.7323054858328154,2.78125,0.0,0.0,,,,63.65647271001433,52.53285407744854
1483,-121.746231,38.547433,9.84,6,31.284460067749023,0.7283977612387389,17.56036375039197,0.0,132.9364547744854,33.5300316122234,,,0.0,44.552165764189134
1587,-121.745068,38.548322,18.94,7,30.081315994262695,0.7320878758716086,15.317286652078774,0.0,1818.8926570684857,33.5300316122234,82042.55131175695,3018878.3275562325,81.75222991749752,72.86696445189698
1589,-121.742773,38.548297,27.0,7,29.879653930664062,0.7390237771129856,8.631512868801003,2.5423728813559325,2225.338074575356,33.5300316122234,111867.96489956064,3982727.216419729,239.61242426387645,119.7889699931615
1581,-121.751952,38.548396,25.07,6,27.384498596191406,0.633669366245158,8.458646616541353,0.0,1821.0717408300902,33.5300316122234,419693.9196538895,4053625.5457097893,103.41005477489934,72.1647921573912
1685,-121.750789,38.549284,22.42,5,27.193090438842773,0.7051068732980639,7.832080200501252,1.6917293233082706,1681.8301020906247,33.5300316122234,272881.5042900514,2785541.6010034126,184.68310611249728,66.66613821584617
1684,-121.751936,38.549297,14.88,6,27.95189094543457,0.7154805294703692,12.868801004394223,0.0,1821.0717408300902,33.5300316122234,304960.4197307829,2749144.851679047,194.24581829839465,72.73094135930582
1687,-121.748494,38.54926,12.65,5,31.63993263244629,0.7726789043905834,3.194487942373943,0.0,2712.814793702954,33.5300316122234,211006.00014527806,2685969.787744028,73.32936623848211,158.93431104312882
1686,-121.749641,38.549272,28.75,8,29.021730422973633,0.7437360489275306,24.86689633573442,1.8791105543376132,1544.18990267902,33.5300316122234,353958.4010244856,3223889.1908029444,173.1788897403355,76.66327316824285
1790,-121.748479,38.550161,15.03,7,31.55106544494629,0.7472097888045633,16.55732583567635,6.5916900968447365,3045.3586934289406,33.5300316122234,222647.87926271278,2427085.1462360127,125.45429381878908,58.771633829347074
1789,-121.749626,38.550173,27.84,5,29.965103149414062,0.7493700507329777,16.32205513784461,4.2293233082706765,1544.18990267902,33.5300316122234,287304.4031719043,2776328.6108338004,200.89459199532106,58.567621745297565
1791,-121.747331,38.550149,16.6,5,31.445106506347656,0.7520322408268435,9.38480853735091,0.0,2519.586487832807,33.5300316122234,173985.84820044707,1820879.3683578332,100.67795036537365,59.013793384638404
1787,-121.751921,38.550198,19.45,9,30.28297996520996,0.6940037049353123,7.958477508650519,4.3095312991506765,1821.0717408300902,33.5300316122234,270198.75198449055,2278960.372791921,291.2807721015472,58.04574745985101
1788,-121.750773,38.550185,25.41,10,29.158451080322266,0.7457552366734792,10.608913998744509,0.0,1821.0717408300902,33.5300316122234,231813.56246016428,2829727.2065209216,284.8443036474157,58.3624479222272
1390,-121.734774,38.546409,10.31,3,34.28548049926758,0.7459132934454829,6.140350877192982,0.0,8916.253139148977,33.37508947745168,101886.84725235088,2152952.9545881147,282.873803222698,76.02747483604993
1495,-121.732463,38.547285,0.0,0,36.43541717529297,0.7376208697678521,8.312421580928483,0.0,87.28375914424522,33.37508947745168,,,159.97326291010202,135.12916025202279
1491,-121.737052,38.547335,22.48,8,31.725383758544922,0.7501892207656056,3.142677561282212,0.0,3816.104757370838,33.37508947745168,76375.64947505173,5035788.275700095,289.1256580605951,53.29265288704011
1493,-121.734758,38.54731,14.76,7,34.21370315551758,0.7220970757771283,8.051378446115288,0.0,2744.6460651087427,33.37508947745168,46799.67222147514,2544693.4646444623,289.8637536490847,53.008171291613614
1492,-121.735905,38.547322,13.28,7,31.745891571044922,0.7410058338427916,4.699248120300752,0.0,3656.1402301143994,33.37508947745168,68719.61323878472,3633170.6380032576,271.7815269598494,43.903350430424624
1494,-121.733611,38.547298,1.4,1,35.68003463745117,0.7451754978392273,8.082706766917292,0.0,87.28375914424522,33.37508947745168,,,258.99961448885773,35.17965687126892
1596,-121.734742,38.548211,13.27,6,34.11799621582031,0.7256792935077101,4.265997490589712,0.0,2744.6460651087427,33.37508947745168,105898.08621846321,4099267.825453896,199.04680761875187,22.270318796822032
1597,-121.733595,38.548198,4.4,4,35.563819885253906,0.7389844177523628,7.832080200501252,0.0,87.28375914424522,33.37508947745168,,,258.26315802530576,32.25566835559247
1595,-121.735889,38.548223,27.33,11,31.991989135742188,0.7419518908718601,4.070131496556042,0.0,3799.508453310368,33.37508947745168,63311.62101147605,4895370.480547368,171.61871409526222,1.576840621887022
1598,-121.732448,38.548186,4.42,3,35.92271423339844,0.7095736509654671,8.074143889412504,0.0,87.28375914424522,33.37508947745168,,,190.09621069489427,51.87252847770287
1398,-121.725596,38.546309,13.13,5,33.53009796142578,0.6528864884749055,15.820802005012531,7.268170426065162,0.0,,,,81.13196023110994,10.537936955208332
1397,-121.726743,38.546322,2.86,1,33.246402740478516,0.6558241622988135,15.78782172002511,8.976773383553043,0.0,,,,12.875608089991367,8.560296578083332
1500,-121.726727,38.547223,9.43,2,34.18635940551758,0.5622482581529766,15.48811013767209,1.4080100125156445,87.28375914424522,33.37508947745168,,,0.0,10.101032069376576
1501,-121.72558,38.54721,0.59,1,35.30405044555664,0.717926267767325,15.191462649089768,0.0,2526.3066123039416,30.447680690399135,,,86.67370119633274,59.039393599163695
1502,-121.724432,38.547198,0.0,0,35.74839401245117,0.7007316686213017,7.928549044186775,0.0,2526.3066123039416,30.447680690399135,,,186.06464813350502,29.47135252080077
1504,-121.722138,38.547173,4.89,3,36.06626892089844,0.4576913940254599,9.187833176544371,6.114769520225776,0.0,,,,260.21856625799137,21.47118200006921
1503,-121.723285,38.547185,4.97,3,35.88169479370117,0.5432132640853524,5.007824726134586,1.3458528951486697,2526.3066123039416,30.447680690399135,,,229.43268793213625,0.17751055683043462
1605,-121.724416,38.548099,0.3,0,35.509132385253906,0.7018817181233317,8.691559460307499,0.0,2526.3066123039416,30.447680690399135,271090.06330299133,16178622.480060995,197.04773193255252,102.11085267729533
1604,-121.725564,38.548111,1.54,2,35.512550354003906,0.7394173452630639,8.364661654135338,0.0,2526.3066123039416,30.447680690399135,,,99.83468943495023,69.69348582998882
1606,-121.723269,38.548086,0.0,0,37.47107696533203,0.6170215646270663,15.6328320802005,0.0,2526.3066123039416,30.447680690399135,,,295.9906756042777,95.48718995091376
1603,-121.726711,38.548124,10.12,4,33.93684387207031,0.7258605270180851,8.190059393560487,0.0,87.28375914424522,33.37508947745168,,,32.59359980038794,6.136702857966701
1706,-121.726695,38.549025,9.38,6,34.11116027832031,0.7372670769691467,3.449357165255566,0.0,7070.828521273028,33.37508947745168,,,132.7575584190288,6.913574777053568
1707,-121.725548,38.549012,12.36,9,35.136566162109375,0.7404148727655411,16.108852048795747,0.0,5080.764361886046,30.447680690399135,,,162.83911752444737,6.483598789903706
1708,-121.7244,38.549,0.0,0,33.85822677612305,0.6908801684621722,11.761006289308176,0.0,2526.3066123039416,30.447680690399135,,,235.3471547951786,17.49085433477763
1709,-121.723253,38.548987,1.77,1,33.85822677612305,0.7275515235960484,15.819209039548024,0.0,2526.3066123039416,30.447680690399135,,,322.7368370087256,88.03346981107839
1813,-121.72209,38.549876,7.5,7,33.73859786987305,0.7117595756426454,8.035153797865663,0.0,2526.3066123039416,30.447680690399135,,,457.74178472204227,100.34780302512877
1812,-121.723237,38.549888,14.26,10,32.829402923583984,0.7392336635384709,7.68748038908064,0.0,2526.3066123039416,30.447680690399135,,,375.1976624581566,23.528127991360098
1811,-121.724385,38.549901,13.84,4,31.728801727294922,0.7461241635028273,15.726817042606516,0.0,5080.764361886046,30.447680690399135,,,303.2820642225843,21.352485798779586
1809,-121.726679,38.549926,8.33,3,32.641414642333984,0.730182975763455,15.505335844318896,3.389830508474576,5080.764361886046,30.447680690399135,,,232.921497813568,6.048228588499583
1810,-121.725532,38.549913,18.63,7,32.53545379638672,0.7272131668869406,8.2213191622382,0.0,5080.764361886046,30.447680690399135,164597.14394897336,3612044.6715582255,251.2604990918505,89.23506815810389
1602,-121.727858,38.548136,15.38,7,33.52667999267578,0.7417810000479221,12.837413684871311,0.9416195856873822,87.28375914424522,33.37508947745168,,,32.65135250897693,47.118918698815584
1600,-121.730153,38.548161,5.07,3,34.35383987426758,0.7371360643301159,15.444862155388472,0.0,87.28375914424522,33.37508947745168,,,36.5199292821531,49.25759799865591
1599,-121.7313,38.548174,2.25,2,35.615089416503906,0.7503742584958673,12.71531475101785,0.0,87.28375914424522,33.37508947745168,,,120.38166800870943,51.936866096905455
1601,-121.729006,38.548149,14.22,7,33.79670333862305,0.736507365712896,15.633847121736396,6.763133060710916,87.28375914424522,33.37508947745168,,,33.75243559670098,47.61078947934548
1702,-121.731284,38.549075,13.17,7,34.35725784301758,0.734518256271258,9.84943538268507,0.2509410288582183,1200.483467409492,33.37508947745168,,,59.624289087888826,48.189580806905795
1703,-121.730137,38.549062,3.64,2,34.415367126464844,0.7454389447811991,7.981220657276995,0.0,1200.483467409492,33.37508947745168,,,71.08110152061091,50.868815992883306
1705,-121.727842,38.549037,6.51,3,34.381187438964844,0.7499777770135552,13.218210361067504,6.028257456828885,1200.483467409492,33.37508947745168,,,132.8153095142301,52.52997792113518
1704,-121.72899,38.54905,1.52,0,34.72640609741211,0.6717365162912756,12.687969924812032,0.0,1200.483467409492,33.37508947745168,,,133.22425797142262,52.540819787324864
1807,-121.728974,38.549951,9.68,6,33.85480880737305,0.7371360643301159,15.100250626566416,0.0,1200.483467409492,33.37508947745168,47324.59172751788,1843180.4436092135,142.24094756865188,152.6924092554574
1808,-121.727827,38.549938,0.0,0,33.290836334228516,0.7264066338539124,15.507518796992482,0.0,7070.828521273028,33.37508947745168,,,232.97813531750106,93.17275821745595
1611,-121.717533,38.548024,0.51,0,34.446128845214844,0.5276270247995853,8.23676792984654,0.6263701847792045,0.0,,,,422.10433437467236,0.11114770228019122
1714,-121.717517,38.548925,2.71,3,35.78257369995117,0.6990721507463604,12.855802314670004,1.18861432593056,1354.9777079715682,30.447680690399135,,,517.6391277918509,42.060041415718814
1712,-121.719811,38.54895,3.89,1,35.645851135253906,0.7344397939741611,8.725674827369742,6.654111738857502,1354.9777079715682,30.447680690399135,,,515.6321839620009,101.18858368543216
1710,-121.722106,38.548975,4.54,4,35.27328872680664,0.726848870748654,11.576971214017522,0.0,2526.3066123039416,30.447680690399135,,,415.8162966870013,161.4567071316138
1711,-121.720959,38.548962,0.23,0,35.594581604003906,0.6825851800385863,0.0,0.0,2526.3066123039416,30.447680690399135,,,481.50411955978416,131.3639897914365
1713,-121.718664,38.548937,2.74,2,35.061370849609375,0.712377623654902,8.959899749373433,3.3834586466165413,1354.9777079715682,30.447680690399135,,,553.0886569060845,70.79085132174637
1816,-121.718648,38.549838,2.95,2,35.34848403930664,0.7311742568854243,15.222849968612682,8.537350910232266,1354.9777079715682,30.447680690399135,,,644.7786325654874,166.62595303757567
1814,-121.720943,38.549863,1.36,1,35.003265380859375,0.7355909943580627,14.817130353235386,0.0,2526.3066123039416,30.447680690399135,,,546.0547288523421,159.0968181724414
1815,-121.719795,38.549851,7.86,6,35.35873794555664,0.7300265191588551,2.231301068510371,2.765556253928347,1354.9777079715682,30.447680690399135,,,608.2656805893201,158.1578656202173
1817,-121.717501,38.549826,3.49,2,34.993011474609375,0.7567322114482522,7.863408521303258,0.7205513784461153,1354.9777079715682,30.447680690399135,,,614.6495861681342,138.0067467062616
1701,-121.732432,38.549087,13.3,6,34.69564437866211,0.733603123575449,6.672932330827068,0.0,1200.483467409492,33.37508947745168,,,119.0116583796989,47.85478573820147
1699,-121.734726,38.549112,4.05,2,34.456382751464844,0.7413474369095638,3.884711779448621,1.8796992481203008,2677.978777607223,33.37508947745168,,,123.62820440963247,6.249775885002893
1697,-121.737021,38.549137,23.15,9,32.631160736083984,0.7545568943023682,4.1040100250626566,0.0,3805.4768217260867,33.37508947745168,92661.9916826813,6219855.662516516,121.96154792907528,6.131426842022361
1698,-121.735874,38.549124,18.21,10,32.55937957763672,0.7481685407692567,11.0832811521603,0.0,3799.508453310368,33.37508947745168,88533.6088385168,4615353.688267379,71.45931839892926,90.94147640836215
1700,-121.733579,38.549099,11.5,7,34.84261703491211,0.7232887952122837,4.105296145408962,0.0,1200.483467409492,33.37508947745168,,,211.46093071825732,65.34985900027502
1803,-121.733563,38.55,16.77,10,34.02571105957031,0.7479969412088394,11.707470182046452,1.4124293785310735,1200.483467409492,33.37508947745168,76260.97154051297,2945840.2885801545,201.1404125127108,97.52137629907668
1802,-121.734711,38.550013,11.24,4,34.20686721801758,0.7419387111440301,15.09375,1.15625,1200.483467409492,33.37508947745168,63726.97229892981,2801231.6556795617,101.20197446847739,2.0763919976492384
1804,-121.732416,38.549988,7.4,4,33.83430099487305,0.7434114897623658,11.716791979949877,1.2844611528822054,1200.483467409492,33.37508947745168,76970.10675904526,3026436.194383147,106.63015691452134,128.16473127027763
1801,-121.735858,38.550025,15.2,7,31.985153198242188,0.7521200217306614,13.690476190476192,0.6892230576441103,2677.978777607223,33.37508947745168,38387.473103318356,1713910.640391804,1.3507384404229767,96.39433012618794
1905,-121.734695,38.550914,20.28,11,32.819149017333984,0.7647440584842116,9.549154664996868,0.0,2677.978777607223,33.37508947745168,61039.08468446884,3067477.876539967,102.82153714433642,7.952373205827138
1805,-121.731269,38.549976,25.24,9,33.314762115478516,0.7379485303536057,13.721804511278195,0.5952380952380952,1200.483467409492,33.37508947745168,38727.13915566809,2008426.038241894,28.240094173796653,148.31241343629216
1806,-121.730121,38.549963,1.93,1,33.77277755737305,0.7228735834360123,15.4351909830933,0.5948653725735754,1200.483467409492,33.37508947745168,60629.321580110525,2552047.732779801,48.789013347120985,150.9952098123171
1909,-121.730105,38.550864,12.23,6,32.23808670043945,0.7574225999414921,7.978723404255319,0.0,4675.855653336019,33.37508947745168,63569.25824163862,2387334.1184754935,134.78235748105996,251.1215834319875
1911,-121.727811,38.550839,0.39,0,33.06524658203125,0.7334463009610772,8.333333333333332,0.0,7070.828521273028,33.37508947745168,,,271.67537704442526,81.78057003893173
1910,-121.728958,38.550852,10.82,6,33.181461334228516,0.7186504660639912,7.993730407523511,0.0,4675.855653336019,33.37508947745168,58814.03762296971,2062059.6612488457,189.81344058227904,180.9844669713052
1908,-121.731253,38.550877,25.32,15,32.13896560668945,0.7285931147634983,3.884711779448621,0.0,1200.483467409492,33.37508947745168,53405.85653371404,2620198.126981552,128.27744015922391,171.67167620582666
2013,-121.728942,38.551753,6.79,4,32.832820892333984,0.7351722717285156,14.1875,0.0,4675.855653336019,33.37508947745168,59593.423539864074,2100226.2004757044,268.12576498517825,169.5835967395104
2011,-121.731237,38.551778,22.06,9,31.950973510742188,0.7546099135652184,13.402385436283742,0.0,3485.018962614501,33.37508947745168,70781.6792767784,2853042.267863457,228.42578292901973,179.19174023568985
2014,-121.727795,38.55174,4.85,2,32.84991455078125,0.7199186915531754,10.009413241292751,0.0,1200.483467409492,33.37508947745168,60438.503245532745,2184582.3368351115,331.14652126118534,70.3809034534964
2015,-121.726647,38.551728,9.63,6,32.23125076293945,0.7306785322725773,13.157894736842104,0.0,1782.9716059641962,30.447680690399135,5000.0,1012189.5031149664,409.24061017384776,28.91967315430513
1916,-121.722074,38.550777,2.82,1,33.307926177978516,0.7319312132894993,0.5649717514124294,0.0,2526.3066123039416,30.447680690399135,,,515.9626984735766,26.51814146205069
1913,-121.725516,38.550814,14.9,7,31.55106544494629,0.740677491761744,13.107557227971151,0.0,3676.284671435833,30.447680690399135,,,346.13976113650915,116.72541812422857
1914,-121.724369,38.550802,3.47,3,31.451942443847656,0.7318789968267083,8.351579605880513,0.0,5080.764361886046,30.447680690399135,,,385.57945049275395,85.34203169544222
1912,-121.726663,38.550827,9.65,5,32.17314529418945,0.7016516327857971,10.147196993423114,0.0,1782.9716059641962,30.447680690399135,,,333.08541795459826,17.5212112884801
1915,-121.723221,38.550789,13.67,5,32.29961013793945,0.7265887151006609,8.740601503759398,0.0,5080.764361886046,30.447680690399135,,,444.3569829637017,5.8509018682087115
2017,-121.724353,38.551703,7.36,2,31.886030197143555,0.7444643685594201,15.716969317470255,0.0,3570.604586561016,30.447680690399135,,,474.79325208902384,147.12848684704306
2019,-121.722058,38.551678,16.08,5,32.21416091918945,0.7226919683162123,19.141604010025063,0.0,2429.9648440058427,30.447680690399135,,,585.6390314712307,30.48711187700043
2018,-121.723205,38.55169,7.44,4,31.24686050415039,0.7411765961442143,8.208020050125313,0.0,4386.3792228158845,30.447680690399135,,,523.6397440361225,78.58234279028144
2016,-121.7255,38.551715,8.78,5,31.964645385742188,0.7326363178435713,7.268170426065162,0.0,3774.8806009450636,30.447680690399135,,,443.35003562995786,128.12267634073714
2118,-121.726632,38.552629,10.62,3,33.242984771728516,0.7237300763372332,10.420590081607031,0.0,1782.9716059641962,30.447680690399135,,,380.11344568802383,42.89257723380058
1904,-121.735842,38.550926,17.85,6,31.24344253540039,0.7332894951105118,13.147160338876688,0.0,2677.978777607223,33.37508947745168,12034.666747887193,915208.1927911628,9.843078950405882,107.7870251612406
1903,-121.736989,38.550939,18.97,8,32.04667663574219,0.725808527553454,14.75563909774436,0.0,2796.820717589294,33.37508947745168,34819.04129885911,1629462.1715468743,63.088031860392164,77.49013884846528
1907,-121.7324,38.550889,12.51,7,32.617488861083984,0.737869885051623,3.954802259887006,0.0,3373.4290971106793,33.37508947745168,74812.08769983097,3250379.8553824853,164.36698396032895,71.9647158996169
1906,-121.733547,38.550901,20.24,7,32.29619216918945,0.745873760082759,14.361702127659576,0.0,3373.4290971106793,33.37508947745168,67151.25659350364,2863239.6029168568,202.54504516830713,28.80555386688335
2009,-121.733532,38.551802,10.22,5,33.51984405517578,0.7036728770472109,8.03125,0.0,1586.732552540798,33.37508947745168,,,230.05970724553737,60.27185265523539
2007,-121.735826,38.551827,8.19,4,32.19023513793945,0.7397060340736061,1.8216080402010049,0.0,2677.978777607223,33.37508947745168,55061.030717706555,2098070.3763130163,109.70853249967492,65.76359924487595
2008,-121.734679,38.551815,9.12,4,32.634578704833984,0.7427801201120019,12.707875745214936,0.0,2677.978777607223,33.37508947745168,57266.75310937195,2921243.7755032643,150.0738676625189,5.891006617712065
2010,-121.732384,38.55179,7.36,3,32.685848236083984,0.7199187250807881,8.047783715812637,0.0,1586.732552540798,33.37508947745168,42449.30539006035,2461959.9350253497,250.45691243420538,88.86725756989323
2111,-121.734663,38.552716,19.18,7,32.46025848388672,0.7564136767759919,5.775266792215945,0.0,1586.732552540798,33.37508947745168,91531.41839079454,3084457.6551396684,233.53305227971293,9.386859894806726
2112,-121.733516,38.552703,12.29,6,33.123355865478516,0.7417679006466642,8.38810641627543,0.0,1586.732552540798,33.37508947745168,58959.27861389702,3057349.1100643612,291.42974530059973,50.475400211040366
2012,-121.73009,38.551765,14.22,7,32.02616882324219,0.7660523056983948,11.152882205513784,0.0,4675.855653336019,33.37508947745168,57124.92419609069,2321163.3716457495,232.40142426337704,180.46869052053873
2117,-121.727779,38.552641,15.0,7,33.123355865478516,0.7185728559270501,9.441656210790464,0.0,11339.988326180139,33.37508947745168,98811.02095357803,2153219.8066507103,336.9335182715022,54.104325598907664
2115,-121.730074,38.552666,7.72,5,33.123355865478516,0.7208252514246851,10.354565422026983,0.0,3485.018962614501,33.37508947745168,46175.96586921178,1647270.1707570797,322.97720966112996,80.34547519948508
2114,-121.731221,38.552679,6.52,4,33.335269927978516,0.7240935901645571,8.066541117388574,0.0,3485.018962614501,33.37508947745168,202245.7754392057,4714220.793684462,327.4351735949465,83.15979131613669
2116,-121.728926,38.552654,17.67,6,32.750789642333984,0.7350676096975803,5.911792305286205,0.0,3485.018962614501,33.37508947745168,81252.07467084646,2467695.04490024,320.0505893822115,77.43926356768316
2219,-121.72891,38.553555,15.73,4,33.225894927978516,0.7265887151006609,9.899749373433584,0.0,5441.433085391693,11.895910780669144,93933.93395072459,2373608.193286337,219.9076550293348,22.683896703008074
2218,-121.730058,38.553567,12.21,5,33.188297271728516,0.7272131668869406,7.940991839296924,0.0,5441.433085391693,11.895910780669144,182268.98388520873,4559914.494848652,222.86675961364688,19.777719797339277
2220,-121.727763,38.553542,5.86,2,33.188297271728516,0.7379485303536057,14.71875,0.0,20788.358781209557,11.895910780669144,71690.4694761165,1435264.0182528333,243.80264148554576,21.068509075996364
2217,-121.731205,38.55358,5.38,2,34.35042190551758,0.7404148727655411,8.017538365173818,0.0,6167.955170315363,11.895910780669144,200235.01927098352,3396028.74319247,228.3094330404049,16.96078961228738
2323,-121.727747,38.554443,9.5,4,31.752727508544922,0.7487361468374729,22.73295809881176,0.0,5441.433085391693,11.895910780669144,88469.51891070914,2378303.620658856,159.4392720077773,31.04958392635417
1619,-121.708354,38.547923,3.89,2,32.730281829833984,0.4162375290179625,21.138211382113823,7.535959974984366,1388.2251746012103,8.475800626053456,187607.23508067854,4540237.52001327,158.08831745687735,108.56547132362267
1618,-121.709502,38.547935,4.64,3,32.603816986083984,0.287696507293731,36.54631083202512,10.455259026687598,1388.2251746012103,8.475800626053456,208772.7532004672,4918453.903738171,254.06082893821142,128.13791799631136
1617,-121.710649,38.547948,0.0,0,32.52861785888672,0.09243130520917475,11.32787916928886,5.663939584644431,1388.2251746012103,8.475800626053456,,,351.89754536691316,101.21168041217013
1620,-121.707207,38.54791,7.2,4,32.750789642333984,0.6289204417262226,6.1384278108362045,5.198872533667397,1388.2251746012103,8.475800626053456,102352.00720117858,3439548.7692464516,72.29114262691218,12.644968215163244
1720,-121.710633,38.548849,3.25,3,32.29277420043945,0.2514287686208263,7.957393483709272,0.5012531328320802,1388.2251746012103,8.475800626053456,,,381.03848780209063,5.28088126038843
1721,-121.709486,38.548836,0.42,0,32.02958679199219,0.0818598319310695,0.0,0.0,1388.2251746012103,8.475800626053456,,,292.5001341361882,34.05910171377436
1723,-121.707191,38.548811,8.49,4,33.83430099487305,0.6658964944072068,0.6887914840325611,6.011271133375078,1388.2251746012103,8.475800626053456,72427.6571276012,4162537.858655042,159.2148910885237,14.891590242247554
1722,-121.708338,38.548824,0.0,0,31.971481323242188,0.12626042240299284,10.466938263867126,5.985584456283297,1388.2251746012103,8.475800626053456,,,213.7682488111973,62.75315075632066
1824,-121.709469,38.549737,6.01,6,32.46709442138672,0.5892241690307856,8.583959899749374,0.0,0.0,,,,355.16701334106426,18.72285404104416
1825,-121.708322,38.549725,2.71,2,32.27568435668945,0.6111022555269301,0.0,0.0,0.0,,,,293.31157653293906,33.17833738976663
1616,-121.711796,38.547961,0.0,0,32.57646942138672,0.16709771065507084,7.894736842105263,5.670426065162907,1388.2251746012103,8.475800626053456,,,450.1132339735952,57.319743749427886
1612,-121.716385,38.548011,6.13,4,33.78986740112305,0.6463192331138998,11.090225563909774,3.853383458646616,0.0,,,,397.34067807230304,29.450996158492526
1719,-121.71178,38.548862,3.94,3,32.99005126953125,0.4969524989137426,12.147777082028805,3.6005009392611145,86.77092669077267,40.43246953835593,,,474.0123946819801,27.355479419837295
1718,-121.712927,38.548874,2.39,1,33.91633605957031,0.44633929955307394,3.1024757129426512,0.0,0.0,,,,529.7857757461034,22.27456297875719
1717,-121.714075,38.548887,7.08,4,33.67365646362305,0.43954132148064673,8.022563459730492,0.0,0.0,,,,501.0294592076213,7.2837707391211675
1716,-121.715222,38.548899,5.84,1,33.73176193237305,0.6461720357183367,8.020050125313283,0.0,0.0,,,,491.1764766245771,15.622607421238293
1715,-121.716369,38.548912,7.69,6,34.75374984741211,0.620598528534174,13.327061774851051,0.0627155848228284,1354.9777079715682,30.447680690399135,,,496.2260365641073,13.31089564581032
1819,-121.715206,38.5498,6.06,2,34.23079299926758,0.728020147420466,13.402385436283742,0.0,1032.3582714515728,30.447680690399135,,,591.3401738255615,53.125682863635774
1818,-121.716353,38.549813,8.82,6,34.30257034301758,0.6296467056963593,9.909346670834635,0.0,1354.9777079715682,30.447680690399135,,,595.5389068939597,46.726367564152284
1822,-121.711764,38.549763,6.82,2,32.627742767333984,0.6200217502191663,15.372573575453975,0.0,0.0,,,,515.4882782593147,7.202127022800195
1820,-121.714059,38.549788,0.0,0,35.17758560180664,0.14416028023697436,8.020050125313283,0.0,1032.3582714515728,30.447680690399135,,,599.5594539658825,50.87855623020375
1821,-121.712911,38.549775,3.64,2,33.37628936767578,0.4691084298538044,7.926065162907268,0.8458646616541353,1032.3582714515728,30.447680690399135,,,604.3162973133852,21.648110688460534
1924,-121.712895,38.550676,6.19,5,32.89434814453125,0.6761584036285058,0.0,0.0,1032.3582714515728,30.447680690399135,,,523.6830714196471,117.52471086086253
1925,-121.711748,38.550664,1.22,2,31.803998947143555,0.7009872563648969,0.0,0.4379105411323115,1032.3582714515728,30.447680690399135,,,501.4212429498353,88.67482406922822
1922,-121.71519,38.550701,15.73,10,36.03892517089844,0.7558033394161612,8.134422110552764,0.0,1032.3582714515728,30.447680690399135,,,616.1707676640715,52.5629518274881
1921,-121.716337,38.550714,7.75,4,33.53693389892578,0.6986639557871968,13.70463078848561,0.0,1354.9777079715682,30.447680690399135,,,679.868839651233,47.29309487662232
1923,-121.714043,38.550689,0.0,0,35.69370651245117,0.5437532151117921,12.04894885472231,0.0,1032.3582714515728,30.447680690399135,,,562.9778347331428,146.632587311367
2028,-121.711732,38.551565,7.14,4,31.363073348999023,0.723613252514042,2.318295739348371,0.0,1032.3582714515728,30.447680690399135,,,402.28189549022716,120.32049267767135
2026,-121.714027,38.55159,0.84,1,35.30063247680664,0.74038863228634,9.981167608286253,0.0,1032.3582714515728,30.447680690399135,,,476.8132041742729,150.62694500099926
2024,-121.716321,38.551615,3.22,2,33.77961349487305,0.7543713415507227,5.606013153773881,0.3758221108675227,1354.9777079715682,30.447680690399135,,,610.431840842543,48.173628246143664
1826,-121.707175,38.549712,6.41,3,33.67707443237305,0.7111679420340806,8.945886768845792,6.005630278385987,0.0,,6513.752321364531,854562.8463310632,255.66389364674868,4.201903367214857
1823,-121.710617,38.54975,0.0,0,32.41924285888672,0.6068285389337689,10.11904761904762,0.0,0.0,,,,431.3452233609294,15.13983041427752
1926,-121.710601,38.550651,1.53,2,32.57646942138672,0.6937760554719716,8.058952649733458,0.0,1032.3582714515728,30.447680690399135,,,479.93927689831645,59.73464194721438
1927,-121.709453,38.550638,0.0,0,33.01739501953125,0.7011533953482285,20.05640864932623,0.0,1032.3582714515728,30.447680690399135,,,431.95349852316343,30.846989602415388
1929,-121.707159,38.550613,9.47,3,33.05157470703125,0.5854693875880912,7.899686520376176,0.0,0.0,,,,354.1300244113886,20.10315093163588
1928,-121.708306,38.550626,3.86,4,33.184879302978516,0.6368719489546493,15.502662073285313,0.0,1032.3582714515728,30.447680690399135,,,382.4364296574845,1.4947996570893938
2031,-121.70829,38.551527,0.26,0,33.130191802978516,0.6228484489256516,0.0,0.0,1285.6151500818657,11.840268081541469,,,377.7105827144678,4.3172427583990505
2029,-121.710585,38.551552,10.69,6,32.29619216918945,0.7045308310771361,0.0,0.0,1032.3582714515728,30.447680690399135,,,382.8534530484655,146.26496462755796
2032,-121.707143,38.551514,0.0,0,35.102386474609375,0.581681200535968,0.0,0.0,1285.6151500818657,11.840268081541469,,,401.95582627057155,66.53615567204629
2030,-121.709437,38.551539,11.32,8,31.981735229492188,0.6396875465288758,7.909604519774012,0.0,1032.3582714515728,30.447680690399135,,,368.15231071049726,72.26057548001178
1920,-121.717485,38.550727,3.24,2,33.84113693237305,0.7287233660463244,23.52572145545797,3.638644918444166,1354.9777079715682,30.447680690399135,,,712.2920668843739,147.23616390446048
1918,-121.719779,38.550752,12.4,9,34.29915237426758,0.6964210143778473,19.11764705882353,2.033792240300375,1354.9777079715682,30.447680690399135,,,680.8892442266864,58.01622603472936
1919,-121.718632,38.550739,7.24,5,34.10774230957031,0.7370574623346329,14.218455743879474,3.954802259887006,1354.9777079715682,30.447680690399135,,,738.6728316744277,111.1135188641082
1917,-121.720927,38.550764,3.13,3,34.03596496582031,0.75238470826298,15.644555694618273,0.0,2526.3066123039416,30.447680690399135,,,595.6956823776745,65.1172820241293
2023,-121.717469,38.551628,4.38,3,34.37434768676758,0.7389188336674124,8.976773383553043,2.573760200878845,1354.9777079715682,30.447680690399135,,,672.4793176474842,58.208010775873845
2020,-121.720911,38.551665,8.03,5,33.36603546142578,0.7383942662272602,8.440539692500785,0.0,5080.764361886046,30.447680690399135,,,656.9600617673168,2.637651605801028
2022,-121.718616,38.55164,14.15,6,33.174625396728516,0.7189868250861764,11.27466332602568,3.1631694331349824,1354.9777079715682,30.447680690399135,,,739.5222329254408,25.06443153537997
2021,-121.719763,38.551653,14.09,7,33.00714111328125,0.6993273331318051,15.567364801500467,0.0,1354.9777079715682,30.447680690399135,,,735.0940163448049,6.865076610528155
2123,-121.720895,38.552566,12.35,7,33.48224639892578,0.7307046188507229,15.977443609022558,0.0,5080.764361886046,30.447680690399135,,,726.9149094114945,91.99670952942506
2125,-121.7186,38.552541,5.64,3,32.96612548828125,0.760001057991758,9.167709637046308,0.0,5080.764361886046,30.447680690399135,73108.81705016851,6360142.248699173,672.543658984091,42.60872985825937
2027,-121.712879,38.551577,8.81,5,33.77619552612305,0.7330281902104616,16.342534504391466,2.8858218318695106,1032.3582714515728,30.447680690399135,,,429.69779333823215,122.89609721343118
2025,-121.715174,38.551602,4.11,3,34.67171859741211,0.7399160249624401,14.884302689180736,0.0,1032.3582714515728,30.447680690399135,,,538.5735734531671,51.68120694973496
2131,-121.711716,38.552466,8.54,3,32.07743835449219,0.7143494907068089,8.048856874412778,0.0,1032.3582714515728,30.447680690399135,,,303.815470981118,23.65699549912766
2128,-121.715158,38.552503,7.33,5,33.43439483642578,0.737240873510018,4.44305381727159,0.0,0.0,,,,469.5979656188363,22.722794669827426
2129,-121.714011,38.552491,6.64,4,35.27328872680664,0.7205403943080455,5.819774718397998,0.0,0.0,,,,397.2697956790111,54.19565341421353
2130,-121.712863,38.552478,0.33,0,34.504234313964844,0.5355376057559624,9.698681732580038,0.0,1032.3582714515728,30.447680690399135,,,339.2669906192123,39.38535669785791
2234,-121.7117,38.553366,7.32,5,32.637996673583984,0.7219916703179479,7.909604519774012,0.0,1032.3582714515728,30.447680690399135,,,207.08976013838242,49.44304520676945
2231,-121.715142,38.553404,19.42,11,32.757625579833984,0.7104213917627931,15.155318481330404,0.0,4794.852758106897,30.447680690399135,82756.88388213681,3123278.4431322156,392.1806390416148,57.13424634652034
2233,-121.712847,38.553379,10.94,7,33.150699615478516,0.7255616533802822,3.3823989978077043,0.0,1032.3582714515728,30.447680690399135,132420.47928479896,4881286.3321337765,256.1828246480392,5.288528922111816
2232,-121.713994,38.553392,14.02,7,32.93878173828125,0.7214601897867396,8.161350844277674,0.0,2843.9070050425894,30.447680690399135,102017.90119964264,3970256.905163341,329.11245091754336,26.05517868725472
2132,-121.710568,38.552453,16.62,10,31.985153198242188,0.6610619073035195,17.183098591549296,0.6572769953051643,1032.3582714515728,30.447680690399135,,,287.85150856935456,49.50672646122778
2133,-121.709421,38.55244,1.36,1,31.694622039794922,0.7290362550411373,10.25078369905956,0.0,1032.3582714515728,30.447680690399135,,,268.0035326590768,58.00775595106572
2135,-121.707126,38.552415,0.0,0,34.18977737426758,0.7211233853595331,11.24334481678672,1.0648293141246477,1285.6151500818657,11.840268081541469,,,310.54905943007094,95.06996009990418
2134,-121.708274,38.552428,1.8,2,33.00714111328125,0.6936226938851178,11.892061499843113,1.4119861939127707,1285.6151500818657,11.840268081541469,,,278.5941262896122,36.25761702110406
2238,-121.70711,38.553316,0.0,0,32.778133392333984,0.7176038260804489,5.513784461152882,0.0,1285.6151500818657,11.840268081541469,,,226.61515493388464,28.637077024478682
2236,-121.709405,38.553341,15.45,10,31.62967872619629,0.6692142768297344,8.127539856205065,0.0,1032.3582714515728,30.447680690399135,,,167.87287785286978,21.480636854112063
2237,-121.708258,38.553329,6.6,4,32.620906829833984,0.6587561090709642,9.60150611860684,0.0,1285.6151500818657,11.840268081541469,130802.33277967761,2880958.070560167,180.387670813423,3.4399651567085585
2235,-121.710552,38.553354,4.57,2,31.57840919494629,0.6857030057581142,12.37081114938929,0.0,1032.3582714515728,30.447680690399135,,,198.05326412016134,47.27276761316644
2339,-121.709389,38.554242,18.09,9,31.701457977294922,0.7106915052281693,15.456821026282856,0.0,1032.3582714515728,30.447680690399135,,,67.84055619231411,29.276209367517396
2338,-121.710536,38.554255,20.73,9,31.677532196044922,0.7064925194717944,10.954174513496548,1.6321406151914626,1032.3582714515728,30.447680690399135,101651.33467075697,4248451.263472243,100.81453281894072,27.036903631207135
2124,-121.719747,38.552554,19.83,10,31.944137573242188,0.7326101968064904,17.492163009404386,0.0,5080.764361886046,30.447680690399135,127236.68173735116,1677550.2106785262,752.8724093816052,7.345992523554066
2127,-121.716305,38.552516,10.71,6,33.242984771728516,0.7390237695071846,8.160703075957313,0.0,1354.9777079715682,30.447680690399135,27743.717168411717,3458507.7558525526,531.9645955942963,7.174279721342123
2126,-121.717453,38.552529,13.13,7,33.157535552978516,0.7358789353165776,9.238960225493264,3.1005324146570623,5080.764361886046,30.447680690399135,42619.532633391034,3262069.5908302255,598.0487970849754,23.074116823513055
2229,-121.717437,38.553429,6.65,4,34.19319534301758,0.7383942662272602,13.6235515189477,1.816473535859693,4211.928875314963,30.447680690399135,30980.044985652035,3642582.3860507132,532.1956477780965,94.88811814500755
2226,-121.720879,38.553467,6.56,3,33.126773834228516,0.7253925988916308,8.239348370927319,0.0,5080.764361886046,30.447680690399135,,,717.3818303391687,102.36172344238076
2228,-121.718584,38.553442,7.85,5,33.93684387207031,0.7493436245713383,12.71531475101785,0.0,5080.764361886046,30.447680690399135,46564.24955856306,4341215.845546777,614.6564026512598,71.39596521070088
2227,-121.719731,38.553455,10.13,7,32.90802001953125,0.7527288703713566,7.416719044626022,0.0,5080.764361886046,30.447680690399135,54479.709281299336,4393304.722214814,681.6944864914202,33.389271322142434
2230,-121.716289,38.553417,7.37,5,33.328433990478516,0.7490794735495001,2.1929824561403506,1.4411027568922306,2843.9070050425894,30.447680690399135,63690.47966102862,4394821.004121831,456.5914526076107,2.910900144746201
2333,-121.716273,38.554318,10.24,6,34.12141799926758,0.742411945015192,8.208020050125313,6.422305764411028,4162.476992706606,30.447680690399135,47542.031787408225,3992481.4860164495,392.4676206360415,6.772227936090428
2332,-121.717421,38.55433,11.28,7,34.610191345214844,0.750004205852747,13.166144200626958,0.0,5080.764361886046,30.447680690399135,40706.58950116819,4686729.87690582,478.30451312564884,45.1927770966198
2335,-121.713978,38.554293,9.1,4,33.03790283203125,0.7407170912483707,1.2225705329153604,3.385579937304075,3279.144076322356,30.447680690399135,133805.29295300337,4850164.951909357,254.046393443639,121.2356205592687
2334,-121.715126,38.554305,7.69,4,33.39679718017578,0.749634244479239,7.25958516656191,1.257071024512885,4162.476992706606,30.447680690399135,101428.90559797193,4040005.3861747584,315.1984451776907,106.62605687668761
2336,-121.712831,38.55428,10.87,7,32.610652923583984,0.7244573649950325,4.317897371714643,1.8147684605757195,3279.144076322356,30.447680690399135,112738.97313511684,3810049.702896081,190.3229574647378,87.59129199156196
2337,-121.711684,38.554267,7.99,4,32.637996673583984,0.7239007462048903,9.301597243971187,1.9417475728155336,2877.828295979665,30.447680690399135,102614.67403034047,3956969.086768076,116.05299484792756,28.382659082919453
2436,-121.716257,38.555219,2.41,1,34.17610549926758,0.7604267916176468,8.048856874412778,3.664265580958346,3102.3558327465107,30.447680690399135,77079.28571098033,3778288.2977559348,345.90685923888714,6.4240682277837164
2437,-121.71511,38.555206,11.42,7,33.38312530517578,0.7474560762057081,8.429959260419931,4.35600125352554,3102.3558327465107,30.447680690399135,120843.54676860268,4902045.440994944,254.87271889431065,106.27740940363671
2438,-121.713962,38.555194,0.01,0,33.68732833862305,0.7469033669913188,8.220897395669908,2.792594916849702,3102.3558327465107,30.447680690399135,106294.28712787133,4250201.212714111,173.6698043681477,121.88507293985373
2439,-121.712815,38.555181,21.19,10,32.795223236083984,0.7348717894637957,0.0,3.036944270507201,3080.8898422171496,30.447680690399135,106213.43799529572,4401129.777187119,123.97179674674999,24.11323605037829
2440,-121.711668,38.555168,10.05,4,32.603816986083984,0.7323491051793098,0.0,0.0,2877.828295979665,30.447680690399135,124386.45392022326,4842222.730921682,57.295980631561555,58.94085706142565
2543,-121.711651,38.556069,5.95,4,31.103303909301758,0.7368611517595127,10.95118898623279,2.972465581977472,3080.8898422171496,30.447680690399135,139801.09080664176,5226778.092193985,51.55978262490312,51.137402141140896
2341,-121.707094,38.554217,2.7,2,33.02081298828125,0.7421491527929902,8.409162221524944,0.0,1285.6151500818657,11.840268081541469,99562.08333852759,3605465.1780620283,162.27679251293,63.21213071751076
2340,-121.708241,38.55423,9.77,8,32.41582489013672,0.7464674729853868,8.60450563204005,0.0,1285.6151500818657,11.840268081541469,128096.98091473803,3613512.5185314654,86.8208401608118,32.84520007370607
2443,-121.708225,38.555131,7.22,4,32.42266082763672,0.7602141790557653,12.62894654579556,0.0,1215.2493404943493,11.840268081541469,142873.24793730455,7537363.182485373,47.2847461161044,30.83735129964579
2441,-121.71052,38.555156,9.71,4,30.840116500854492,0.7318398362258449,0.0,2.828409805153991,1215.2493404943493,11.840268081541469,42805.683191000324,2367349.3768198495,1.659036280974193,30.948983559009413
2444,-121.707078,38.555118,14.27,9,32.96954345703125,0.7442275290377438,12.18671679197995,0.0,1285.6151500818657,11.840268081541469,148363.46642884336,6721322.38899678,146.13518340449806,0.47285226957502835
2442,-121.709373,38.555143,13.63,8,31.130647659301758,0.7453335565514863,0.0,1.3806087229369313,1215.2493404943493,11.840268081541469,,,0.8287290288988144,5.352549488301714
2546,-121.708209,38.556031,0.01,0,32.08085632324219,0.7486176314996555,9.461152882205512,5.325814536340852,1215.2493404943493,11.840268081541469,91620.46228519562,5948731.96874445,16.9782699204033,22.37631089409404
2544,-121.710504,38.556057,12.97,5,28.902099609375,0.6442908293101937,8.048856874412778,2.693391794550579,1215.2493404943493,11.840268081541469,128199.20791875636,4145666.5717868707,0.0,12.151141050288423
2547,-121.707062,38.556019,0.87,1,32.89434814453125,0.7530731111764908,15.451986237097278,2.502345949327495,10883.946145748547,11.840268081541469,123430.01828708783,7205574.489634774,75.35352472939377,49.81333296910166
2545,-121.709357,38.556044,9.63,3,30.125751495361328,0.7216034610755742,7.940991839296924,5.681104833647207,1215.2493404943493,11.840268081541469,123482.9378272742,6686615.470406642,0.0,16.61412318771376
1588,-121.743921,38.54831,31.42,10,30.047136306762695,0.7427505569939967,9.019730660820544,0.0,2559.189373421682,33.5300316122234,114482.71664297876,4532478.839702861,180.4633008929684,162.47442540903646
1585,-121.747362,38.548347,11.26,4,30.71023178100586,0.733518291672226,1.5350877192982455,0.0,132.9364547744854,33.5300316122234,,,17.806163184506886,124.22103276308758
1586,-121.746215,38.548334,22.05,6,29.927505493164062,0.5656859748996794,10.577526679221592,0.0,132.9364547744854,33.5300316122234,77557.32774868676,2937184.5489611425,0.0,25.685375868545933
1689,-121.7462,38.549235,25.97,10,29.493417739868164,0.7316888686868229,14.630325814536342,0.0,132.9364547744854,33.5300316122234,285355.62089952786,5835996.694262631,29.664225945438655,9.553452461474109
1688,-121.747347,38.549248,15.77,6,30.443626403808594,0.7522525878157467,16.071428571428573,0.0,132.9364547744854,33.5300316122234,198457.26755638752,2517026.236682018,0.5910328591245475,108.10150443639067
1690,-121.745052,38.549223,29.01,10,28.977296829223633,0.7041933081733684,10.10354565422027,0.0,1818.8926570684857,33.5300316122234,66145.53333444564,3111391.6469535255,112.35316847307931,89.08378533494596
1691,-121.743905,38.549211,23.35,8,29.43531036376953,0.6871817337814718,4.78125,0.0,2559.189373421682,33.5300316122234,86045.81762232134,3476215.1948174834,200.05666739326742,187.6351410144924
1692,-121.742758,38.549198,26.8,9,29.73267936706543,0.7190592871047556,12.535255405828892,0.0,2287.840592653405,33.5300316122234,59588.80552332376,2697537.1215664693,295.5527242018281,97.56703052237548
1794,-121.743889,38.550112,18.54,7,30.221454620361328,0.7213046845281497,13.337507827175957,0.0,4336.34622575367,33.5300316122234,85576.16480737958,2170864.1618746715,250.11757172350906,104.4983844807032
1793,-121.745037,38.550124,14.51,4,30.36159324645996,0.7005528567824513,11.08675227059192,0.0,5119.198290500453,33.5300316122234,69336.056315167,2225218.5079320115,162.9254150988532,81.26826058157708
1591,-121.740479,38.548273,23.19,7,31.20584487915039,0.7492115432396531,8.28125,0.0,941.944411036596,33.5300316122234,127735.49172900287,4991672.536385475,394.5556587251375,74.7750017303946
1590,-121.741626,38.548285,25.11,13,29.992448806762695,0.7473108628764749,9.022556390977442,0.0,4272.166356640464,33.5300316122234,80276.16481302203,3398488.318477581,310.75981084359466,22.507128415689014
1693,-121.74161,38.549186,13.36,5,30.159931182861328,0.7164014736190438,12.429378531073446,0.0,3528.464378827601,33.5300316122234,81980.8614007654,3483425.3298600083,380.35851296690413,0.1101215595025779
1696,-121.738168,38.549149,19.65,8,33.116519927978516,0.7557901047402993,8.160703075957313,0.0,2510.882961394883,33.37508947745168,67715.88102649165,2816197.132269806,211.19313445702406,103.2285509276717
1694,-121.740463,38.549174,21.33,7,30.816190719604492,0.664950460428372,8.015028177833438,0.0,4415.637326969149,33.5300316122234,,,403.29384853390553,97.26193591569233
1695,-121.739316,38.549161,5.09,3,33.07891845703125,0.7407562874723226,7.908721475461082,0.0,2510.882961394883,33.37508947745168,71938.90024596355,1609548.530929062,307.12615769526616,167.95740612759485
1799,-121.738153,38.55005,27.4,9,32.651668548583984,0.7443722217576578,15.972439711869717,0.563733166301284,3805.4768217260867,33.37508947745168,54546.58780712564,2599716.8071735795,180.69297462853424,64.02476844628944
1795,-121.742742,38.550099,16.99,8,30.153095245361328,0.7614783324534073,10.338345864661653,0.0,4336.34622575367,33.5300316122234,126937.54054642248,3499959.17905353,334.02211426021057,75.93159420109478
1800,-121.737005,38.550038,16.23,6,32.12871170043945,0.7565463914070278,15.254237288135592,0.0,2796.820717589294,33.37508947745168,58421.2035004552,2355354.326105008,87.46779856035168,18.682385317701552
1798,-121.7393,38.550062,10.91,5,33.07550048828125,0.7085965278092772,15.375,0.0,2510.882961394883,33.37508947745168,86333.22757437821,1833322.7322819538,275.61457978501153,130.91258691946098
1792,-121.746184,38.550136,15.0,6,31.13748550415039,0.7523074694410232,10.213032581453634,0.0,5119.198290500453,33.5300316122234,194150.27234345174,6368183.342028868,102.54079922157312,6.189598094662449
1895,-121.746168,38.551037,17.61,9,32.49785614013672,0.7443912103073671,7.940991839296924,0.0,4960.224746821128,33.5300316122234,113950.09961086085,5867271.274068435,200.43243159645468,21.64765600369648
1894,-121.747316,38.55105,18.13,7,32.14921951293945,0.7429701289834661,20.65830721003135,0.0,1792.7506709404654,33.5300316122234,202949.6489076509,2252600.523021349,200.76705444620467,41.148612532713216
1897,-121.743874,38.551013,19.1,9,32.25517654418945,0.7668805497232825,8.064010040790711,0.0,4336.34622575367,33.5300316122234,104171.02086435538,3475456.596968674,303.64178949690967,7.051214659178453
1898,-121.742726,38.551,21.06,9,32.29961013793945,0.7493700757622719,3.2905045440300844,0.0,4336.34622575367,33.5300316122234,134790.21865177597,4483373.841296176,384.89096947872935,30.365204500856812
1896,-121.745021,38.551025,16.51,5,32.94903564453125,0.7406512277666479,8.145363408521304,0.0,4960.224746821128,33.5300316122234,55590.080855932596,5404693.8713772325,237.09490709298973,16.13120250363427
1997,-121.7473,38.551951,18.77,5,32.09794998168945,0.751319692179095,16.088722274289285,0.1874414245548266,1792.7506709404654,33.5300316122234,230392.00238200513,2331707.5676864,300.853935963209,61.63310292645119
2001,-121.74271,38.551901,9.05,4,33.256656646728516,0.7476054878983025,20.63243581715717,0.0,8455.828868356237,33.5300316122234,93763.76130560109,3740254.518099368,444.8311412839613,46.46278055739881
2000,-121.743858,38.551914,9.49,4,33.263492584228516,0.7451842667845389,14.317042606516292,0.0,8455.828868356237,33.5300316122234,79904.35288359619,3686547.1196775897,376.75426592950987,90.3769165477718
1998,-121.746153,38.551938,12.33,4,32.90802001953125,0.7496276402962394,16.03892027620841,0.0,4960.224746821128,33.5300316122234,70503.88931355556,5624832.482267163,299.81886104907096,37.01952164079122
1796,-121.741595,38.550087,26.0,10,30.594018936157227,0.7380796151701361,16.604010025062657,0.0,3026.5438587409817,33.5300316122234,144253.0819882427,4462570.242563967,422.92908329630006,22.07780674365661
1797,-121.740447,38.550075,10.1,4,31.486122131347656,0.699531588004902,19.42875078468299,0.0,256.7012242825871,33.5300316122234,,,372.2920225616428,119.53381750972605
1899,-121.741579,38.550988,17.22,10,32.54912567138672,0.7461373648839071,11.842105263157894,0.0,3902.5243788386997,33.5300316122234,171063.81356027807,2837011.122860087,461.77230817694243,38.02242947517288
1900,-121.740431,38.550976,10.11,6,33.64973068237305,0.7253147382289171,6.098711097139264,0.0,256.7012242825871,33.5300316122234,,,361.8684906147113,77.13224606576054
1902,-121.738137,38.550951,15.35,8,32.843074798583984,0.7640637207077816,13.16859555833594,0.0,2796.820717589294,33.37508947745168,55913.32902171581,2627150.2049845643,162.37575387962156,9.162262217498975
1901,-121.739284,38.550963,8.51,3,32.764461517333984,0.7451097132870927,12.010034493571652,0.0,2510.882961394883,33.37508947745168,56421.56262221554,1993351.8995527034,262.07628513606335,78.03778198793712
2004,-121.739268,38.551864,3.88,2,32.641414642333984,0.7153949630446732,11.016949152542372,0.4394224733207784,7800.832116664219,33.37508947745168,,4594391.527109054,284.61221642454393,4.374378000439054
2002,-121.741563,38.551889,24.05,6,33.00030517578125,0.7311351174721494,15.799373040752352,0.0,11651.941944802833,33.5300316122234,126282.2567051489,2109625.4080325114,474.92333366649603,43.43772195721148
2006,-121.736974,38.55184,20.16,12,31.851850509643555,0.7514585091266781,10.43233082706767,6.359649122807018,3796.313620536624,33.37508947745168,76692.60801800505,3062391.4415667774,127.80333747527577,27.30158514098362
2003,-121.740416,38.551877,7.72,4,33.38996124267578,0.7232890429440886,19.32352020043846,0.0,5732.953006232606,33.5300316122234,93149.09949934139,3928955.9884893456,378.6056036915642,20.357161732669837
2005,-121.738121,38.551852,26.34,10,31.838178634643555,0.7441615924471989,9.827856025039123,1.971830985915493,2675.5221446625274,33.37508947745168,80088.01160853957,3218584.2187021375,196.7167547092031,9.146009468870737
2107,-121.739253,38.552765,19.58,10,32.03642272949219,0.7256135769421235,12.030075187969924,0.4699248120300752,2675.5221446625274,33.37508947745168,,2511238.339818787,336.80108420129545,5.169719874055916
2109,-121.736958,38.552741,15.74,8,31.489540100097656,0.719569259439595,0.0,6.289111389236545,2675.5221446625274,33.37508947745168,92465.27361856401,2238923.7077202527,220.77622877131262,65.31177718193655
2108,-121.738105,38.552753,18.08,8,31.441688537597656,0.7415182136464864,0.0,5.6095267941084295,2675.5221446625274,33.37508947745168,,2878750.1546400036,266.6359288486392,83.10020189974765
2105,-121.741547,38.55279,22.4,12,33.167789459228516,0.7412423599744216,13.232988397616808,3.606146127312637,5779.313288142604,33.5300316122234,53098.881991778515,3168663.0770205185,501.86921885803395,66.2062763919947
2106,-121.7404,38.552778,5.15,4,32.85675048828125,0.6835063208127394,8.17669172932331,0.0,7800.832116664219,33.37508947745168,74748.27215589861,5863640.026773868,419.21153493876295,83.35878046326147
2211,-121.73809,38.553654,21.41,10,31.58182716369629,0.770814255811274,11.967418546365916,2.0676691729323307,2675.5221446625274,33.37508947745168,,2023218.2359667954,351.54662974031163,132.29220445040988
2209,-121.740384,38.553679,2.41,1,32.42607879638672,0.7249508062377572,13.335425164731724,7.059930969563853,7800.832116664219,33.37508947745168,,,462.98370295855676,62.073971487264004
2210,-121.739237,38.553666,18.77,8,31.745891571044922,0.7413216755958274,7.926065162907268,2.944862155388471,2675.5221446625274,33.37508947745168,,1945362.7616434617,407.29122874928953,34.551841885074815
2208,-121.741532,38.553691,25.5,11,32.743953704833984,0.7333548302995041,0.0,4.0,4181.1099048664555,33.5300316122234,47763.67364758362,3442833.4968925775,410.05208446996454,80.37800998496341
1999,-121.745005,38.551926,15.78,7,33.47882843017578,0.7441418502906647,9.68348480100282,0.0,4960.224746821128,33.5300316122234,77062.28560170878,4643968.434075402,325.49796322649786,113.53065462639412
2100,-121.747284,38.552852,15.85,8,31.786909103393555,0.7559823705193897,20.45028142589118,2.25140712945591,2708.465570274025,33.5300316122234,209976.2405744469,2328664.2204632433,366.9416643160663,46.17382494349274
2101,-121.746137,38.552839,17.76,9,31.974899291992188,0.7575952472398058,14.710485133020343,3.818466353677621,3141.9142262296077,33.5300316122234,39980.128540576006,3160115.573980503,393.41589263259345,52.47758071468894
2103,-121.743842,38.552815,10.63,6,33.208805084228516,0.7409139075316489,0.5325814536340852,0.0,8301.325317221197,33.5300316122234,53979.33952889013,3596089.166434661,450.3202669806138,131.37473291967626
2104,-121.742695,38.552802,15.65,7,33.51300811767578,0.756353966135066,1.0944340212632897,0.0,8301.325317221197,33.5300316122234,105691.93777042988,3422720.2875244915,472.82865667916303,32.634946733669494
2102,-121.74499,38.552827,6.12,4,32.49785614013672,0.7469020175049081,18.39296924042687,4.896421845574388,3159.7526703834515,33.5300316122234,44868.86700532102,3366696.0512234946,419.19667720656844,151.1448155696979
2205,-121.744974,38.553728,13.58,7,32.01933288574219,0.7560792908538133,10.463659147869674,0.0,3323.0822702990426,33.5300316122234,68120.4150480798,4177340.3816920742,338.7187677666589,166.60161271435848
2206,-121.743826,38.553716,6.96,4,32.96954345703125,0.7529645355651156,24.06652023846878,3.012237213680577,3088.6188303308218,33.5300316122234,41296.06140655958,2906771.6838765144,351.3191813937781,117.79628438639399
2203,-121.747269,38.553753,26.57,6,30.990509033203125,0.7408350855112076,10.483364720652856,0.0,1247.8466402230267,33.5300316122234,208782.52723708743,2247766.322260329,270.27929941867706,30.800813978022088
2207,-121.742679,38.553703,23.69,10,32.86700439453125,0.7388467419077642,0.0,1.4724310776942355,3088.6188303308218,33.5300316122234,35560.24850617139,3352251.2620516773,376.2504445640842,18.715329809142744
2204,-121.746121,38.55374,11.12,5,31.342565536499023,0.73684795293957,8.25,0.0,3323.0822702990426,33.5300316122234,38908.00197592125,2507486.3871076643,296.87821338108046,67.93557686651818
2308,-121.744958,38.554629,19.2,10,32.58672332763672,0.7543062095937785,3.5703100532414656,0.0,3323.0822702990426,33.5300316122234,41003.32862066271,2423728.9105663095,249.13016194116693,182.05844927609348
2306,-121.747253,38.554654,18.25,7,30.898223876953125,0.746275745506864,27.238572323105824,1.408891671884784,1247.8466402230267,33.5300316122234,31668.733256776606,2044053.8871580767,173.7024380990735,15.341618525230379
2310,-121.742663,38.554604,15.83,6,32.812313079833984,0.731474403408356,24.419334588826118,4.80225988700565,3323.0822702990426,33.5300316122234,38150.747926691605,2210580.733556309,279.7780815091737,3.5473821326024924
2307,-121.746106,38.554641,20.03,7,31.16141128540039,0.7530995947308838,22.197871008140265,0.0,2681.175786806287,33.5300316122234,45266.14789474229,2667231.4243204566,202.67475713760928,83.30740911809995
2309,-121.743811,38.554617,11.67,6,33.40021514892578,0.7661592041452725,12.31203007518797,0.0,3323.0822702990426,33.5300316122234,32754.099075027763,1725059.959625867,253.21473918317955,101.28112453313237
2410,-121.74609,38.555542,12.75,6,32.51152801513672,0.7394829514669254,11.856963613550816,0.0,2681.175786806287,33.5300316122234,42253.72633413786,2521501.0254859994,118.73025118789946,90.82894683169341
2411,-121.744943,38.55553,21.57,7,32.95928955078125,0.749356961925514,22.86967418546366,0.0,2681.175786806287,33.5300316122234,38672.196938024,2208618.4405894172,151.0960183969774,117.16020934798891
2413,-121.742648,38.555505,18.89,7,33.321598052978516,0.7387483544880524,8.040201005025125,0.0,5732.953006232606,33.5300316122234,65152.35015653656,3419663.75364645,186.23391584679155,21.142196222698338
2412,-121.743795,38.555518,13.72,5,33.51984405517578,0.7560156033529589,9.241854636591478,1.9110275689223055,2681.175786806287,33.5300316122234,37668.3133892742,2145121.6517794016,156.53897517295323,75.1907468325988
2302,-121.751843,38.554703,18.61,6,32.36113739013672,0.7633169434266165,20.23809523809524,1.5664160401002505,2049.0924576332736,33.5300316122234,172473.64184401554,2434213.1193234506,345.8022026010044,50.477439194025926
2409,-121.747237,38.555555,18.57,9,32.25517654418945,0.7400472844019532,9.395552771688068,4.447228311932352,2681.175786806287,33.5300316122234,36394.59681127814,2243231.168750808,77.12558661337461,10.691246441734574
2406,-121.75068,38.555591,16.49,8,32.05351257324219,0.7492247513728216,8.07259073842303,0.0312891113892365,2596.5915435602537,33.5300316122234,260824.22822900568,3303551.9348043394,216.26677197716006,27.416533601250713
2405,-121.751827,38.555604,7.31,2,32.06034851074219,0.7463087073604887,4.23728813559322,5.963590709353421,2049.0924576332736,33.5300316122234,240688.56983809048,2905744.0048722513,313.83630813384093,26.212926560686167
2407,-121.749532,38.555579,9.22,5,31.53055763244629,0.7283066029194742,14.352867439674084,0.0,1247.8466402230267,33.5300316122234,164249.6262606264,2427297.270144503,122.30850429056729,27.96437269555078
2408,-121.748385,38.555567,23.24,9,32.805477142333984,0.7344746665718654,14.40677966101695,0.0,1247.8466402230267,33.5300316122234,,,55.89623400897712,38.896493055637926
2509,-121.750664,38.556492,6.37,3,32.42607879638672,0.7391549518797547,3.4158570980883733,5.233469131933563,0.0,,,,209.10447499063386,72.72367015186302
2510,-121.749517,38.55648,1.93,0,32.22099685668945,0.7100870425347239,6.435488909715714,0.937207122774133,0.0,,,,109.25438977117196,72.19617784578676
2508,-121.751811,38.556505,8.42,4,32.89093017578125,0.7485249079763889,9.447583176396735,0.0,0.0,,,,308.95611037297664,43.20682874675179
2511,-121.748369,38.556468,10.64,4,32.03642272949219,0.7102799272397533,11.989956057752668,0.0,0.0,,,,9.317252461876262,8.090179699848632
2313,-121.739221,38.554567,12.61,8,32.36797332763672,0.7298961572814733,13.15128688010044,8.819836785938481,2675.5221446625274,33.37508947745168,74997.6255144206,2330721.6710541043,465.7494853465826,59.76463768709641
2312,-121.740369,38.55458,13.77,6,32.96954345703125,0.752953972783871,0.0,7.234575634199812,7800.832116664219,33.37508947745168,,,388.17814471342643,36.93450907647688
2314,-121.738074,38.554555,14.2,9,31.862104415893555,0.7443458825582638,8.020050125313283,3.132832080200501,2675.5221446625274,33.37508947745168,,2404194.432047134,442.84678362710696,156.4160808237
2311,-121.741516,38.554592,7.05,4,32.93878173828125,0.7327669383957982,0.0,5.4375,5732.953006232606,33.5300316122234,136903.93097282498,16880953.033038337,323.2781933928485,94.75900717027568
2414,-121.7415,38.555493,3.31,1,33.64631271362305,0.7075690967030823,19.69887076537014,5.081555834378921,5732.953006232606,33.5300316122234,,,246.86125165769022,108.19016730010937
2417,-121.738058,38.555456,16.16,8,31.462196350097656,0.74229410442058,15.34839924670433,1.4752040175768988,1035.1814399541918,33.37508947745168,75030.87965333153,2815259.280924314,509.3473518362485,181.70626159954097
2415,-121.740353,38.555481,21.47,9,33.47541046142578,0.6902596662985161,6.6270709596748985,3.719912472647703,7800.832116664219,33.37508947745168,58836.59172591608,1941805.3846402757,327.2985180547147,11.577635289556596
2416,-121.739205,38.555468,0.0,0,30.928985595703125,0.20061821688432246,8.040201005025125,1.3819095477386936,1035.1814399541918,33.37508947745168,88564.27123077807,3069097.555362763,416.3564883319595,85.09308634845858
2517,-121.741485,38.556394,0.04,0,33.335269927978516,0.7227180944755673,15.751490429871351,0.0,7800.832116664219,33.37508947745168,,,193.40721334501686,82.94343334835104
2519,-121.73919,38.556369,0.49,0,30.115497589111328,0.1378469541668892,5.48073911681804,0.0,1035.1814399541918,33.37508947745168,,,387.01713391003346,88.46838921013313
2318,-121.733484,38.554505,18.6,8,32.56279754638672,0.74889459554106,9.176323207015349,0.0,3124.642334132363,11.895910780669144,44991.25399146877,1511421.1301367239,269.68517375165237,133.80291181647263
2419,-121.735763,38.555431,3.25,1,31.964645385742188,0.7336292623076588,9.4700533082471,0.0,1035.1814399541918,33.37508947745168,71014.99337516632,1775366.0849367897,439.52575917634107,64.05393123569431
2418,-121.736911,38.555444,20.58,9,32.36113739013672,0.7564800331601873,8.017538365173818,0.0,1035.1814399541918,33.37508947745168,50544.34285541296,2060077.1738228097,516.1111914925733,163.98967814005792
2420,-121.734616,38.555419,10.42,5,32.21416091918945,0.7506386376917362,13.84180790960452,0.0,2600.5668242036536,11.895910780669144,90045.37505874045,2451715.7739154226,339.874407743948,35.794227838108505
2421,-121.733468,38.555406,25.68,11,32.15947341918945,0.7472844815347344,18.828320802005013,0.0,2210.0149176310942,11.895910780669144,84346.07425144776,2242912.010110549,240.312267713043,135.73003095794112
2422,-121.732321,38.555394,16.85,7,32.682430267333984,0.76509103551507,18.10209834011901,5.919198246163482,2210.0149176310942,11.895910780669144,105181.34213388307,2341674.680671859,141.35267860732114,160.3322718115444
2524,-121.733453,38.556307,9.48,6,33.178043365478516,0.7523582607973367,18.130489335006278,0.0,2600.5668242036536,11.895910780669144,77811.72800097632,2007412.0044677446,239.35412708925887,135.8872998382781
2522,-121.735747,38.556332,3.28,2,31.810834884643555,0.7382631534710526,18.96282411746329,0.0,1035.1814399541918,33.37508947745168,57343.99447514238,1500577.588533433,439.05541668005804,63.377006259912726
2523,-121.7346,38.55632,14.29,6,32.58330535888672,0.7373981012497097,15.944758317639671,0.0,2862.7453227715923,11.895910780669144,103573.85856951652,2564673.5975954416,339.2057186906187,36.17203387096022
2627,-121.733437,38.557208,4.92,3,32.596981048583984,0.7507972933817655,8.035153797865663,0.0,2862.7453227715923,11.895910780669144,89245.00692221912,2396504.3406928745,242.8984736389802,123.75984331032153
2121,-121.723189,38.552591,25.22,13,31.127229690551758,0.7437009571585804,15.302602696770148,0.0,2796.6358328622246,30.447680690399135,,,597.7794906063577,161.87160020611137
2119,-121.725484,38.552616,4.28,2,32.641414642333984,0.7405987011734396,5.294486215538847,0.3446115288220551,3774.8806009450636,30.447680690399135,,,442.169728391652,116.19380696212625
2120,-121.724337,38.552604,15.28,7,31.51688575744629,0.7355124747846276,2.5753768844221105,1.7273869346733668,2796.6358328622246,30.447680690399135,,,516.1168312145351,156.58277962859623
2122,-121.722042,38.552579,10.11,4,31.814252853393555,0.7330020612571388,8.17669172932331,0.0,2429.9648440058427,30.447680690399135,,,663.1698400537016,121.01892474323661
2224,-121.723174,38.553492,20.67,8,32.03300476074219,0.7454389447811991,7.827175954915466,0.0,1782.9716059641962,30.447680690399135,10602.597144356714,2882477.9487689035,550.6044327585711,75.82560429572779
2223,-121.724321,38.553505,14.8,9,32.40215301513672,0.7579538822174072,0.0,0.0,1782.9716059641962,30.447680690399135,48328.23456214169,4287464.3214454,460.76137450156295,58.015441857778875
2225,-121.722026,38.55348,16.97,9,31.899703979492188,0.7516437033191323,8.72293693128334,0.0,5080.764361886046,30.447680690399135,,,643.4479110569359,93.27557493597367
2222,-121.725468,38.553517,9.56,5,32.56963348388672,0.746836069971323,8.213166144200628,0.0,1782.9716059641962,30.447680690399135,19145.292898768996,2378553.8123023356,376.0697460477242,27.039953226897087
2221,-121.726616,38.55353,7.4,2,31.913375854492188,0.662985966540873,9.444618763727645,0.0,1534.7127642217258,30.447680690399135,5000.0,1457836.8644503937,300.68642033503033,5.696695831007302
2326,-121.724305,38.554406,10.22,2,31.20242691040039,0.7085192697122693,15.225563909774436,0.0,1534.7127642217258,30.447680690399135,27189.616617145617,3302833.2896592394,422.2453154531271,40.551882794015555
2113,-121.732368,38.552691,9.02,4,32.726863861083984,0.7413605211768299,8.041301627033793,0.0,1586.732552540798,33.37508947745168,66805.8540369302,3292771.579367306,344.24766875723645,70.5127884050282
2110,-121.735811,38.552728,18.98,8,32.03984069824219,0.732923679985106,8.114035087719298,1.5350877192982455,2287.783427120076,33.37508947745168,80488.1220213865,2175068.001720984,209.8564494923611,26.627129083742258
2216,-121.732353,38.553592,12.55,5,32.91485595703125,0.7653847162146121,15.625,0.0,6167.955170315363,11.895910780669144,137589.14459423444,1571141.8361633671,264.54424752637277,28.274938357800583
2212,-121.736942,38.553642,7.52,4,32.34746551513672,0.7635035939747468,0.0,3.9448966812773953,2675.5221446625274,33.37508947745168,,2280117.9799637645,318.1449605269569,157.68436411179815
2213,-121.735795,38.553629,9.67,3,31.359655380249023,0.7366784360492602,0.0,0.2192295646727216,2287.783427120076,33.37508947745168,44596.36927252032,1514002.9201360662,310.0158243728324,65.42953777146879
2214,-121.734647,38.553617,14.25,4,31.298131942749023,0.7390500046312809,8.834586466165414,1.6604010025062657,3124.642334132363,11.895910780669144,98383.80811900705,2612766.758496298,326.52537284643125,34.50834136394546
2215,-121.7335,38.553604,28.15,11,31.896286010742188,0.7257825285196304,12.680477087256747,0.0,6167.955170315363,11.895910780669144,73582.59135025858,2464936.8436331744,328.2922968640599,45.26622382981218
2316,-121.735779,38.55453,16.82,6,31.653606414794922,0.7367832689778879,8.032632569814872,0.0,2287.783427120076,33.37508947745168,67955.25037762088,2293319.985985935,410.17740079859647,65.9448838172537
2317,-121.734632,38.554518,11.61,5,31.60233497619629,0.7465459930244833,11.685463659147867,0.0,2210.0149176310942,11.895910780669144,81272.41901789424,2161599.965587042,361.22613298167846,33.88589313250686
2315,-121.736926,38.554543,7.11,4,32.815731048583984,0.7653579954057932,15.312500000000002,1.25,2675.5221446625274,33.37508947745168,,2411709.9557100637,416.8403766006383,165.77477018876374
2319,-121.732337,38.554493,19.71,13,32.98321533203125,0.7535763853229582,2.443609022556391,0.0,3124.642334132363,11.895910780669144,122841.74243433357,2835154.356944259,186.9473360825453,126.89190583364133
2320,-121.731189,38.554481,15.37,5,33.222476959228516,0.7549280682578683,15.216030056355669,0.0,6167.955170315363,11.895910780669144,75886.40296602272,2359533.0493129445,130.77550338989164,117.08135017081679
2322,-121.728895,38.554456,13.1,5,32.90802001953125,0.758060161024332,14.65787821720025,0.0,2415.7475899180236,11.895910780669144,93308.22683292626,2696622.3345570797,119.79713436150666,70.66621924998816
2321,-121.730042,38.554468,10.04,5,33.02764892578125,0.7613318713847548,3.820858127153147,0.0,2415.7475899180236,11.895910780669144,77129.11858063487,2634847.4645929625,122.75633003126515,89.61429275807612
2425,-121.728879,38.555357,20.25,9,30.973419189453125,0.7687256671488285,15.53398058252427,1.7225180081428124,2415.7475899180236,11.895910780669144,84253.36562419143,2357975.201198156,20.232444994898696,7.00606136369236
2426,-121.727731,38.555344,12.35,6,30.105241775512695,0.7515907883644104,8.47723704866562,0.0,3537.8646995748095,11.895910780669144,52083.348807743314,1840327.7124765867,107.0870882468344,31.50291929971543
2423,-121.731174,38.555382,5.38,1,31.756145477294922,0.7613584995269775,8.171571696931746,0.0,6167.955170315363,11.895910780669144,128683.89479799048,3340805.348353567,46.387348825466134,98.84724604810172
2424,-121.730026,38.555369,12.84,4,30.949493408203125,0.75588293466717,10.74561403508772,0.0,2415.7475899180236,11.895910780669144,74714.3237609611,2310368.125261829,22.6459209601826,12.477319192183476
2526,-121.731158,38.556283,11.78,3,30.853788375854492,0.7337861044798046,11.713122455371124,6.107109301597244,3615.9154651214594,11.895910780669144,76293.70487270463,2283058.141294048,39.56763605118131,30.402406404782553
2525,-121.732305,38.556295,20.78,10,32.45684051513672,0.7450437694787979,10.651629072681704,0.0,2600.5668242036536,11.895910780669144,129502.30723710643,2981418.077850641,139.41737084986937,129.80314709570274
2329,-121.720863,38.554368,8.0,4,33.47541046142578,0.6954281367361546,5.200501253132832,0.0,1534.7127642217258,30.447680690399135,47887.28445685932,3250105.209687659,627.7515187824301,2.6187693252640543
2330,-121.719715,38.554356,8.08,6,33.37287139892578,0.7469151916448027,3.2571249608518635,0.0,5080.764361886046,30.447680690399135,41626.05362870426,3151387.566762042,586.646766378391,11.71552968155738
2331,-121.718568,38.554343,12.29,7,34.35042190551758,0.7465196251869202,1.8808777429467085,0.0,5080.764361886046,30.447680690399135,45021.45390964769,3479510.3507606867,560.671526919567,20.598794213125416
2434,-121.718552,38.555244,9.86,6,34.552085876464844,0.7448857286944985,14.00375939849624,3.634085213032581,1534.7127642217258,30.447680690399135,50377.63909170802,4224457.9316086015,462.4438163731012,19.88928897635454
2433,-121.719699,38.555257,5.37,4,34.408531188964844,0.7373456901405007,12.151581584716569,9.834011901033511,1534.7127642217258,30.447680690399135,60179.447955013056,4608115.972815031,493.62651023854175,82.11879202966043
2435,-121.717405,38.555231,12.73,7,34.897308349609375,0.7555911059025675,9.23606762680025,0.0,5080.764361886046,30.447680690399135,27615.981879393064,3548886.704763845,440.8898468005427,23.70691849091527
2432,-121.720847,38.555269,0.0,0,33.266910552978516,0.08859742642380297,9.981167608286253,10.420590081607031,1534.7127642217258,30.447680690399135,,,541.8236819218012,97.12416852294126
2536,-121.719683,38.556158,7.72,3,33.74885177612305,0.661520708585158,0.0,3.514276749294007,1534.7127642217258,30.447680690399135,67571.24101136859,4740568.973366234,404.0364718419631,92.20280839765908
2537,-121.718536,38.556145,10.98,5,34.11457824707031,0.7437799125909805,0.0,3.7907268170426063,1534.7127642217258,30.447680690399135,56113.241300806185,4584224.636227624,365.2692634049672,38.94217897516722
2538,-121.717389,38.556132,10.04,3,34.28889846801758,0.7670141793787479,0.0,2.345215759849906,5080.764361886046,30.447680690399135,47510.221433162435,5174825.577406812,351.47949744865923,23.316948153601032
2328,-121.72201,38.554381,8.31,4,33.63605880737305,0.6215364879462868,8.153026026967702,0.0,1534.7127642217258,30.447680690399135,21974.439916424944,3156752.7223527036,616.4516720314091,6.469146271822742
2325,-121.725452,38.554418,5.2,2,29.677989959716797,0.6757444406393915,15.160075329566856,0.0,1534.7127642217258,30.447680690399135,35868.501014011774,3831544.0916820383,327.73227960456643,61.975556595842306
2327,-121.723158,38.554393,13.1,5,33.57794952392578,0.7187798256054521,4.472943384422896,0.0,1534.7127642217258,30.447680690399135,26770.17143129837,3959037.820570355,518.7898077415865,22.74264004668617
2324,-121.7266,38.554431,12.75,3,29.954849243164062,0.3350406186655164,17.402190923317683,0.0,1534.7127642217258,30.447680690399135,,,237.49532576322477,68.43520613192109
2427,-121.726584,38.555332,0.81,0,28.273183822631836,0.2872843958903104,7.8125,0.0,1534.7127642217258,30.447680690399135,,,206.06149348785453,68.09413235838592
2431,-121.721994,38.555282,8.03,3,32.90118408203125,0.06635718140751123,3.71875,5.84375,1534.7127642217258,30.447680690399135,,,602.7299062342925,106.22358756363599
2430,-121.723142,38.555294,5.34,4,32.767879486083984,0.06888469366822392,0.0,3.883495145631068,1534.7127642217258,30.447680690399135,,,505.159451110921,121.31087523160274
2428,-121.725436,38.555319,9.68,6,27.914291381835938,0.15263018722180277,8.080175383651738,1.7225180081428124,1534.7127642217258,30.447680690399135,,,305.7025296983175,157.51825003961207
2429,-121.724289,38.555307,0.69,0,29.43531036376953,0.07771722413599491,0.0,2.008788449466416,1534.7127642217258,30.447680690399135,,,405.3970379534638,139.11948660768553
2533,-121.723126,38.556195,3.03,2,33.84455490112305,0.2676513160113245,0.0,0.0,1534.7127642217258,30.447680690399135,29902.436014056155,2166791.971279712,509.8927796943814,165.82634854426632
2531,-121.725421,38.55622,8.12,3,30.758085250854492,0.5557570123346522,10.73888541014402,0.0,1534.7127642217258,30.447680690399135,37557.518167200324,2338651.2395418966,310.86925896941085,158.48311711046335
2532,-121.724273,38.556208,4.36,3,30.190692901611328,0.3499531412962824,7.988721804511279,0.281954887218045,1534.7127642217258,30.447680690399135,14554.05081129238,1439591.4897246067,410.428433209835,165.64187832854861
2534,-121.721978,38.556183,1.69,1,33.87873840332031,0.1964446489000693,0.0,0.4690431519699812,1534.7127642217258,30.447680690399135,,,531.8462361098178,171.2684101559327
2636,-121.72311,38.557096,17.78,8,33.150699615478516,0.7365206634858623,9.987437185929648,4.114321608040201,3134.4163146058418,30.447680690399135,38474.86369640781,2772911.134522216,518.6435204217315,65.6880579150447
2637,-121.721962,38.557084,11.58,5,34.24446487426758,0.7359577596653253,0.0,0.0,3134.4163146058418,30.447680690399135,30333.957545112895,2376083.4152058586,471.70237993626125,71.3950604083202
2634,-121.725405,38.557121,23.63,17,32.21416091918945,0.7506386609748006,8.137715179968701,0.0,2487.883137884126,30.447680690399135,19204.21143896437,1493621.4529393231,319.5829077442039,58.72829461589328
2635,-121.724257,38.557109,21.49,10,32.16289138793945,0.7520009308354929,16.003758221108676,0.1879110554337613,2487.883137884126,30.447680690399135,35246.48631887837,2340677.371220824,419.1605304606929,65.48584088456215
2633,-121.726552,38.557134,4.61,2,33.09600830078125,0.7458210602635518,13.053027925949168,0.0,1534.7127642217258,30.447680690399135,29759.931426425403,2028953.1339947095,220.10015862510335,49.68321847425654
2738,-121.724241,38.55801,8.83,4,33.97444152832031,0.7599079451756552,0.0,0.5952380952380952,2902.1020039582413,8.294736842105262,143374.04711161574,2505517.7598995147,433.8166899718998,34.67017748000002
2739,-121.723094,38.557997,12.96,5,33.98469543457031,0.7338253246853128,7.829627309740056,0.0,2902.1020039582413,8.294736842105262,151889.17128334072,2579134.730247753,521.5479406145687,34.45021398670224
2527,-121.73001,38.55627,20.04,6,28.5739688873291,0.5397549606859684,0.0,0.0,2415.7475899180236,11.895910780669144,,,0.0,7.857728220283509
2530,-121.726568,38.556233,1.51,1,29.934341430664062,0.6531875946093351,8.142812402129659,0.0,1534.7127642217258,30.447680690399135,46208.66854485254,2253564.3558760574,211.40520187142585,77.30908825721428
2528,-121.728863,38.556258,19.29,9,28.642330169677734,0.707877358654514,5.952380952380952,0.0,2415.7475899180236,11.895910780669144,78898.87605329735,2279893.942670175,12.38246084052661,29.340265400430738
2529,-121.727715,38.556245,11.1,3,31.766399383544922,0.7360360366292298,12.256442489000628,0.0,3537.8646995748095,11.895910780669144,110571.97585523118,3424481.97773571,111.93308086092102,22.137004690482495
2630,-121.729994,38.557171,12.68,8,29.961685180664062,0.7564402301795781,16.3795803319762,6.92139054181021,2415.7475899180236,11.895910780669144,93532.96296806444,2654123.9386519995,14.71649234987912,44.63665137680561
2631,-121.728847,38.557159,19.51,8,30.467552185058594,0.7604800204280764,7.897210905672203,0.0,2415.7475899180236,11.895910780669144,104507.14931576586,2904198.267693164,22.136918615500605,47.52182905109335
2629,-121.731142,38.557183,12.3,4,31.417762756347656,0.7444380375090986,10.488415779586726,0.0,3615.9154651214594,11.895910780669144,83190.42494336076,2314386.4650838207,46.490986594979184,67.87083357904999
2632,-121.7277,38.557146,6.53,3,32.51836395263672,0.763983724755235,11.8734335839599,0.0,3537.8646995748095,11.895910780669144,82036.98280220492,2729238.1991438516,120.52277427578447,10.83797075992404
2733,-121.729979,38.558072,7.71,2,31.301549911499023,0.7628370962338522,8.153701968134957,0.0,2378.016682214551,11.895910780669144,90462.21662267376,2546377.839634582,114.58574396812985,109.12916118218621
2735,-121.727684,38.558047,8.1,3,32.47734832763672,0.7577147823758423,8.33072345756342,0.0,3717.7197075944327,8.294736842105262,53696.57900636204,1039539.7137754832,162.11913641619878,23.860874367965774
2732,-121.731126,38.558084,19.88,9,31.773237228393555,0.7413081370759755,8.051378446115288,0.0,3084.439072457398,11.895910780669144,69525.71735646509,2251554.669930021,126.62956933999027,47.65789179556882
2734,-121.728831,38.55806,14.58,5,31.339147567749023,0.7554587135091424,9.102322661644696,6.277463904582549,2378.016682214551,11.895910780669144,103488.8648854251,2441490.5288365846,110.70504938670852,45.392215197993956
2839,-121.72652,38.558936,16.16,7,33.03448486328125,0.7335508475080132,0.0,0.0,2902.1020039582413,8.294736842105262,193621.72816910117,3121003.6515371567,303.5492667601552,108.01790423839485
2836,-121.729963,38.558973,13.22,8,31.899703979492188,0.7418861389160156,8.041301627033793,0.0,2378.016682214551,11.895910780669144,71599.26781902989,2165248.5594038623,214.44944532422664,31.833459089014646
2838,-121.727668,38.558948,8.09,4,32.57988739013672,0.7552993334829807,10.043942247332078,5.555555555555555,3717.7197075944327,8.294736842105262,97966.1400881392,1692775.4849674806,241.04400780632193,95.9980234813398
2837,-121.728815,38.558961,15.1,7,32.761043548583984,0.7537353339139372,3.534563653425086,0.0,3675.858919807664,8.294736842105262,73977.68843612596,1760961.1108316795,209.96844474038886,31.568321018087207
2835,-121.73111,38.558985,30.01,10,32.50469207763672,0.758352578850463,8.064010040790711,0.0,3084.439072457398,11.895910780669144,80307.08972954756,2476593.014440456,223.5492394255913,97.57149815930111
2939,-121.729947,38.559874,10.91,5,32.16972732543945,0.7553523788228631,16.101694915254235,3.1387319522912747,2835.8334957425673,8.294736842105262,149241.67549274478,2557973.2682672343,314.31312697539033,43.86776771493298
2938,-121.731094,38.559886,25.47,10,32.11162185668945,0.7493447654414922,33.438089252042744,6.033940917661848,3084.439072457398,11.895910780669144,49988.021250923,1736662.9369805313,322.4578173012853,35.613181777898596
2941,-121.727652,38.559849,4.19,1,32.19707107543945,0.7497927881777287,15.909802693391796,3.131850923896023,1875.823046601496,8.294736842105262,105383.16682483128,2053350.1520944242,331.64343760803223,1.1008959464701225
2736,-121.726536,38.558035,17.6,8,33.81721115112305,0.7513527614064515,13.596491228070176,0.3132832080200501,1875.823046601496,8.294736842105262,162029.45125728913,2865064.116625955,245.58467462559307,50.06745903688821
2737,-121.725389,38.558022,5.71,2,34.09065246582031,0.7621309706009924,0.0,1.8466353677621283,2902.1020039582413,8.294736842105262,137371.22424762792,2527856.270689658,337.98843405517545,41.02593704121201
2740,-121.721946,38.557985,5.82,3,33.87873840332031,0.7535896688932553,8.129315756434401,2.9504080351537976,3121.6154602929773,8.294736842105262,107993.19131934704,2456952.171516402,426.8623634116547,28.478272451000173
2840,-121.725373,38.558923,7.47,4,33.88215637207031,0.758193020010367,8.043818466353677,0.4068857589984351,2902.1020039582413,8.294736842105262,132228.65504199563,2400081.177714593,382.1707498668501,132.02028663281615
2842,-121.723078,38.558898,17.94,8,33.74201583862305,0.7496210891986266,0.0,0.6265664160401002,2902.1020039582413,8.294736842105262,211611.65413072237,3170433.4145584553,501.7708464123953,134.58846713766735
2843,-121.72193,38.558886,13.1,5,33.69416427612305,0.746954775066115,8.174130911368618,0.0,3121.6154602929773,8.294736842105262,200457.17754516972,3311699.248593933,402.4741399540425,128.35158840083415
2841,-121.724225,38.558911,8.78,5,33.81721115112305,0.7669743505539373,0.0,1.2844611528822054,2902.1020039582413,8.294736842105262,138733.36974422197,2170768.1967997397,469.06871807951944,134.82617675074567
2944,-121.724209,38.559812,12.06,7,34.18635940551758,0.7696624437812716,21.5625,6.25,3244.8103750399086,8.294736842105262,146957.51530435352,2836011.997546343,521.4590501480873,97.10274856821901
2946,-121.721914,38.559787,8.49,6,34.13508987426758,0.7504271306097507,15.815847165674915,6.576886940181648,3218.3847579247904,8.294736842105262,186576.54408462739,3294839.5200623074,393.60638659667853,228.1685530770205
2945,-121.723062,38.559799,10.67,4,34.15901565551758,0.7630103537812829,16.692814559146534,7.530593034201444,2902.1020039582413,8.294736842105262,177949.94905906852,3246532.7665697606,493.17889652648137,161.3207238977653
2940,-121.728799,38.559862,14.63,5,32.706356048583984,0.7485513112042099,15.99500156201187,2.874101843174008,2835.8334957425673,8.294736842105262,146818.10996160124,2813252.140222424,309.81196054471445,87.21080074222401
3043,-121.728783,38.560763,15.99,6,32.754207611083984,0.7399685273412615,8.108954289292424,6.54351909830933,3675.858919807664,8.294736842105262,170282.17836776952,3258605.521536128,409.81179281420305,134.5833374690988
3041,-121.731078,38.560787,11.13,5,32.20732498168945,0.7302351465914398,6.295020357031006,1.5972439711869717,0.0,,63696.642384600025,1910681.9195998874,421.95897967796327,0.9226268082972083
3042,-121.729931,38.560775,18.34,8,32.09453201293945,0.7487625575158745,11.581920903954805,6.591337099811676,2835.8334957425673,8.294736842105262,190359.17870515125,3165130.127139247,414.1767910956163,94.07567138106774
3045,-121.726488,38.560738,12.4,4,28.5397891998291,0.7554584750905633,8.03767660910518,5.839874411302983,1875.823046601496,8.294736842105262,,,464.7574052850632,61.331856165182515
3044,-121.727636,38.56075,9.44,5,30.976837158203125,0.7399160249624401,8.043818466353677,6.604068857589985,1875.823046601496,8.294736842105262,95494.05617265159,2086727.2187858815,426.54199166871445,100.81479701659802
3147,-121.72762,38.561651,4.77,1,33.266910552978516,0.7570508131757379,0.0,0.0,1875.823046601496,8.294736842105262,109196.82746530487,2218758.305895696,364.09426648074003,107.19065423653355
3146,-121.728768,38.561663,21.62,10,34.04621887207031,0.7205920815467834,0.0,0.0,2835.8334957425673,8.294736842105262,148229.70980728045,2831569.1444495665,359.6167082641315,100.3291842969629
3148,-121.726473,38.561639,4.11,3,32.685848236083984,0.7610389925539494,0.0,0.0,1875.823046601496,8.294736842105262,158232.49801512234,2616065.621337491,387.3963322378404,115.32519487693999
3144,-121.731063,38.561688,8.89,3,33.58478546142578,0.741387187037617,6.107109301597244,0.0,2835.8334957425673,8.294736842105262,60026.949688434375,1738203.952033504,404.32653501203333,9.329139411677733
1341,-121.790988,38.547097,9.09,5,34.596519470214844,0.7382107118610293,,,1855.1393067904926,11.049488054607508,120354.7677693369,1716036.762228315,455.8738878587553,83.32659619315874
1342,-121.789841,38.547081,19.83,7,35.075042724609375,0.6764219347387552,,,1855.1393067904926,11.049488054607508,150859.53112958744,2008693.5843371078,374.7689589778479,23.112962613175807
1339,-121.793283,38.547127,1.96,0,34.623863220214844,0.7184047150658444,,,1855.1393067904926,11.049488054607508,188211.92792413372,2855432.9331360497,575.0421604148786,276.89480021017465
1348,-121.782958,38.546989,11.43,8,33.160953521728516,0.6489839499117807,,,7803.299401678322,33.6026441424899,45576.27297819748,4671157.136876057,301.86308579066014,98.99799414086307
1349,-121.78181,38.546974,12.4,7,32.12871170043945,0.592589411069639,,,7803.299401678322,33.6026441424899,192308.07780347526,4216238.439670189,376.7053085439878,0.9564165494941227
1351,-121.779516,38.546943,10.11,8,32.96954345703125,0.7351809953494618,,,2172.9946712119436,33.6026441424899,195544.54803566448,5247211.29027505,550.7264438160552,5.98900610415994
1350,-121.780663,38.546958,5.54,1,32.40557098388672,0.7203330518677831,,,2172.9946712119436,33.6026441424899,200870.4840172428,4138040.727753882,461.14553193535846,31.481034128329867
1451,-121.782945,38.547821,19.55,7,32.06718444824219,0.7131247999301801,,,7803.299401678322,33.6026441424899,41305.97317114824,4303651.656176452,241.58129939720743,37.01098146788432
1452,-121.781797,38.547809,15.54,5,31.431434631347656,0.6838085741037503,,,2172.9946712119436,33.6026441424899,374236.00278789893,3628232.8938414566,330.11270179846844,17.48943954037298
1453,-121.78065,38.547797,8.94,7,31.438270568847656,0.742096439236775,,,2172.9946712119436,33.6026441424899,192471.06769462745,3998451.4027652177,423.6704240885734,78.50891209310505
1454,-121.779503,38.547785,2.53,0,31.909957885742188,0.7582528668572195,,,2172.9946712119436,33.6026441424899,192387.51924878097,4932845.274952496,519.5799407344548,10.093324945640745
1554,-121.782929,38.548722,11.7,6,32.07743835449219,0.7332894951105118,,,2172.9946712119436,33.6026441424899,165021.86925249815,3316957.5410123076,205.5461165996505,37.36574355139325
1557,-121.779487,38.548686,11.92,8,30.084733963012695,0.7180038498481736,,,2172.9946712119436,33.6026441424899,162210.6000236345,4667249.45947011,503.8666346284584,24.12626141036629
1556,-121.780635,38.548698,6.95,5,29.541269302368164,0.7240416561253369,,,2172.9946712119436,33.6026441424899,204733.56147599837,4273173.085214696,404.1471628169444,30.49785680965453
1345,-121.786399,38.547035,6.14,3,35.67319869995117,0.7204625611193478,,,7803.299401678322,33.6026441424899,,,222.6264073004565,6.836450086175614
1346,-121.785252,38.54702,17.81,8,33.55402374267578,0.6353259936440736,,,7803.299401678322,33.6026441424899,218116.9998705054,1944499.6004842035,222.3629107776555,28.6592717333621
1343,-121.788694,38.547066,11.17,5,36.4012336730957,0.7114763990975916,,,7803.299401678322,33.6026441424899,,,304.9215254154694,28.462762587950316
1347,-121.784105,38.547005,3.98,3,34.65804672241211,0.7320356796096478,,,7803.299401678322,33.6026441424899,36981.969989079465,4480669.172890378,245.5297806442247,56.376218217796875
1344,-121.787547,38.547051,10.23,6,36.3465461730957,0.7091358657926321,,,7803.299401678322,33.6026441424899,,,254.19699553852192,28.66409034590873
1450,-121.784092,38.547833,14.68,5,33.78986740112305,0.7057733037509024,,,7803.299401678322,33.6026441424899,21296.36274531086,3090045.0539134745,166.56997488004512,35.757967421902805
1449,-121.785239,38.547845,7.39,5,34.08039855957031,0.7347275097854435,,,7803.299401678322,33.6026441424899,,,130.66757081725947,54.556481115471335
1447,-121.787534,38.547868,18.14,10,35.102386474609375,0.724639032036066,,,7803.299401678322,33.6026441424899,,,173.561218610928,80.33181656615035
1448,-121.786387,38.547857,1.26,1,35.19467544555664,0.7402835807297379,,,7803.299401678322,33.6026441424899,,,132.36418834948608,9.180397056763832
1552,-121.785224,38.548746,11.79,5,33.43097686767578,0.7347929078387097,,,7803.299401678322,33.6026441424899,41267.37447950881,2805859.0164194275,30.654756924522225,20.64161608059518
1360,-121.769191,38.546839,20.41,6,33.126773834228516,0.6239449868444353,2.510197678067148,0.0,4184.968971647088,18.236674488769694,,,248.60598837553695,120.9801265738887
1355,-121.774927,38.546901,8.17,4,33.61896896362305,0.7478209946615001,14.87758945386064,1.3182674199623352,1660.734429960276,18.236674488769694,159190.6547821821,1925741.6674734803,378.95991596028955,21.29734369461365
1353,-121.777174,38.547029,6.85,4,34.596519470214844,0.7349978482040266,16.052467207995,0.0,1716.011698903208,18.236674488769694,98561.19960466352,1610753.3246063087,463.97913330240834,25.40612176673855
1354,-121.776071,38.546923,17.33,10,34.28548049926758,0.729075126699172,12.448915435397677,0.0,1716.011698903208,18.236674488769694,127051.30690708272,1979959.0827938241,417.0303642285366,51.04087846730121
1352,-121.778392,38.546945,8.02,4,34.435874938964844,0.741307969391346,9.103641456582633,0.0,2172.9946712119436,33.6026441424899,294951.56178258586,3307790.688706251,546.0524644533654,54.033022212263724
1356,-121.77378,38.546888,16.59,8,33.77961349487305,0.7482785061001778,16.066395239586594,6.295020357031006,1660.734429960276,18.236674488769694,179769.78596277672,2213490.3012093287,363.8965966426365,121.15886079521988
1456,-121.777208,38.547761,12.9,8,33.52326202392578,0.752199424818779,11.682743837084674,0.0,2753.6115175919613,18.236674488769694,155655.10335884022,2517174.1715534665,408.7562597094352,55.84431157031581
1455,-121.778355,38.547773,13.53,6,32.88751220703125,0.7593981674096236,,,2172.9946712119436,33.6026441424899,237055.19361108966,4058061.0170048783,488.064087849615,3.868283119875932
1457,-121.776061,38.547749,22.36,9,33.48908233642578,0.7591446312144399,8.427318295739349,0.0,2058.18586834936,18.236674488769694,124670.53744410066,1921474.3781299358,340.44223851478165,76.0548940515688
1458,-121.774913,38.547737,14.75,8,32.767879486083984,0.7219138762447983,8.47723704866562,0.0,1866.1129242800596,18.236674488769694,99612.64014866627,1665683.114606561,290.93834239217057,23.081597879348084
1459,-121.773766,38.547725,25.26,10,32.18681716918945,0.7190709335845895,15.49560853199498,0.0,1819.7371290935232,18.236674488769694,131463.26495282492,1901340.7174935224,270.86896245263574,122.35244760733583
1559,-121.777193,38.548662,21.08,13,32.644832611083984,0.7506121976766735,,,1716.011698903208,18.236674488769694,181183.07645492587,2936602.453900035,350.5514222461537,84.82296706216657
1560,-121.776045,38.54865,14.12,7,32.805477142333984,0.7453401454840787,14.825688073394495,2.2752293577981653,2058.18586834936,18.236674488769694,187571.36477439143,3080357.547160986,267.70026082899466,27.57536165110218
1365,-121.763455,38.546776,1.3,0,33.106266021728516,0.7207734328694642,15.848702719599874,2.9696780243826195,24937.914149173026,55.93314763231198,,,128.47175011431668,17.200408459017964
1362,-121.766896,38.546814,10.73,5,31.762981414794922,0.6970272780396044,10.43233082706767,6.265664160401002,2936.7219998890464,55.93314763231198,,,66.74498432046693,77.90799935888039
1361,-121.768044,38.546826,11.72,5,32.743953704833984,0.6620048108743504,10.053241465706233,0.0,0.0,,,,157.01250399875434,162.1985508732055
1468,-121.76344,38.547616,1.54,1,32.802059173583984,0.7253969581409668,21.1184004998438,4.311152764761013,24937.914149173026,55.93314763231198,,,93.6614176035865,46.04721569584246
1466,-121.765735,38.547641,14.53,6,30.751249313354492,0.4148602281929925,0.0626762770291444,6.330303979943591,2936.7219998890464,55.93314763231198,,,0.0,29.536983009871207
1467,-121.764588,38.547629,20.46,8,30.392356872558594,0.6978160881553777,7.846829880728186,5.398618957940992,2936.7219998890464,55.93314763231198,,,0.0,45.236064016931714
1464,-121.76803,38.547665,7.07,4,33.00030517578125,0.6182568642543629,13.677621283255087,0.0,0.0,,,,129.6249773751577,124.09633256980753
1465,-121.766882,38.547653,15.17,8,32.11845779418945,0.7061963920714334,15.037593984962406,0.3446115288220551,16929.84091405753,55.93314763231198,,,30.43172453940336,26.412087432014125
1571,-121.763425,38.548517,2.76,1,32.93194580078125,0.6956826532259583,3.823252898777812,5.828893763710435,6535.386523328574,55.93314763231198,,4838196.544053518,108.67894240284492,52.1299313162103
1568,-121.766867,38.548554,10.75,4,32.53545379638672,0.7366514235036448,8.025078369905957,0.0,16929.84091405753,55.93314763231198,,,76.71099929824092,46.58251051489262
1357,-121.772633,38.546876,18.84,10,33.74885177612305,0.733864534064196,0.0,0.0,1660.734429960276,18.236674488769694,110715.07346162073,1520607.444765549,364.0599072036709,178.65513279116087
1358,-121.771486,38.546864,16.76,9,34.24446487426758,0.7393648633733392,0.0,3.170119271814187,1660.734429960276,18.236674488769694,,,367.41454240508824,78.80565320584677
1359,-121.770338,38.546851,16.93,6,34.411949157714844,0.731043788837269,0.0,0.0,4184.968971647088,18.236674488769694,,,343.1927983804206,21.130573559290887
1460,-121.772619,38.547713,17.04,5,31.909957885742188,0.7375081759877503,25.148391127772573,7.997500781005935,1819.7371290935232,18.236674488769694,193506.58385978898,2616840.5202033296,271.0119531269077,177.14513104512847
1462,-121.770324,38.547689,10.12,3,33.92317199707031,0.736572844403175,6.74192536845406,3.951081843838194,4184.968971647088,18.236674488769694,72139.04359856644,2075161.0065508136,309.164672225294,22.638668857490654
1463,-121.769177,38.547677,24.54,11,33.09259033203125,0.6822524189483374,1.5037593984962403,3.4461152882205512,4184.968971647088,18.236674488769694,,,228.22149779906883,88.68481264775703
1461,-121.771471,38.547701,12.23,7,32.679012298583984,0.7468162958393805,8.505963590709353,3.1073446327683616,1660.734429960276,18.236674488769694,49057.49719994011,1099303.2892739505,275.47076216732825,77.20972142758015
1565,-121.770309,38.54859,11.57,5,33.352359771728516,0.7476802514865994,13.46938775510204,5.368916797488226,5825.335985244727,18.236674488769694,78943.94417950654,2506113.469822084,226.47505145478246,8.018749580571827
1566,-121.769161,38.548578,24.1,10,32.57646942138672,0.681249542045407,0.0,0.7205513784461153,5825.335985244727,18.236674488769694,76534.32889649218,4161280.057240759,237.58264210751992,3.4086938548102768
1563,-121.772603,38.548614,30.58,12,30.836698532104492,0.7497839909822991,10.075093867334168,0.0,1819.7371290935232,18.236674488769694,145745.4996325777,2241384.8377827113,170.8483509656888,183.04346409600114
1561,-121.774898,38.548638,25.3,11,31.797163009643555,0.7510023506474681,14.321529301159512,2.883108743340645,1866.1129242800596,18.236674488769694,75143.8443862691,1341879.4861225574,201.09236561724097,53.811733342564885
1562,-121.773751,38.548626,15.11,7,31.845014572143555,0.732576883235015,15.191462649089768,0.5021971123666039,1819.7371290935232,18.236674488769694,126262.6304976066,1561534.6593393795,170.75344432314316,144.74246377269282
1662,-121.777177,38.549563,15.68,7,32.791805267333984,0.7660055654705502,14.205816554809845,0.1677852348993288,2058.18586834936,18.236674488769694,137014.06348069807,2143605.595026402,314.1698026459632,71.23404466810187
1663,-121.77603,38.549551,14.69,7,32.798641204833984,0.7560355046880431,0.0,9.216589861751151,1866.1129242800596,18.236674488769694,131205.56113863937,2159078.502946008,218.00847721952906,28.25789004195523
1665,-121.773735,38.549527,13.37,5,31.855268478393555,0.7514626327902079,0.0,0.0,1819.7371290935232,18.236674488769694,115280.93504964405,1623671.141532345,70.7628323246881,88.00756954897234
1664,-121.774883,38.549539,18.83,10,32.24492263793945,0.7597798795904964,0.0,2.808046940486169,1866.1129242800596,18.236674488769694,158723.44653316427,2063713.6811940002,127.65721758187095,112.84847857037282
1661,-121.778325,38.549575,7.81,4,32.01933288574219,0.7501804119286438,15.74328030718596,0.0,1716.011698903208,18.236674488769694,146022.48465576844,2501719.29477318,412.17971624664654,23.552526426307033
1765,-121.777162,38.550464,16.02,6,32.54570770263672,0.744819893152453,15.517784073024863,0.0,1716.011698903208,18.236674488769694,139104.4263344164,3772057.7423058897,302.30911114615674,16.979593058830282
1768,-121.77372,38.550428,6.23,3,30.67263412475586,0.7478172605966821,0.0,3.23951141795008,1865.1272544940587,18.236674488769694,120075.8444661253,3482187.2971308157,6.460909343054513,21.569140638422336
1767,-121.774868,38.55044,8.55,4,32.40898895263672,0.7488597317909201,0.0,10.206084396467125,3318.135607585969,18.236674488769694,81826.40259839458,2901969.3027379285,102.97595973412322,104.71914495721693
1364,-121.764602,38.546789,5.55,1,30.764921188354492,0.7229825663845986,8.21831869510665,6.555834378920953,2936.7219998890464,55.93314763231198,233495.0516392913,58605471.65023432,57.94385808792203,29.48509453192552
1363,-121.765749,38.546801,2.88,0,30.549585342407227,0.7349498752737418,4.772370486656201,3.7990580847723705,2936.7219998890464,55.93314763231198,78447.46611219707,1716020.3108837951,17.638823299667212,1.0603034702045415
1368,-121.760013,38.546739,15.57,6,33.85139083862305,0.732235851775234,15.71205007824726,0.0,3589.244096209575,55.93314763231198,,,407.4068226083802,107.44394424935885
1367,-121.76116,38.546751,10.53,4,35.051116943359375,0.7366776118287817,15.40633824913712,0.0,3589.244096209575,55.93314763231198,,,311.28967650414137,58.314099253599785
1369,-121.758865,38.546726,10.79,5,33.47541046142578,0.7277988508576527,15.449702287684111,0.0,3589.244096209575,55.93314763231198,,,503.75503067188777,13.6157477419112
1366,-121.762307,38.546764,9.1,2,34.79818344116211,0.7474757837480865,10.298273155416013,0.847723704866562,13812.892769165417,55.93314763231198,,,216.2950148821071,29.03543821645198
1372,-121.755424,38.546689,5.61,3,32.28593826293945,0.750579159532208,11.69645656945751,0.0,1999.366249397839,32.20917014020462,41736.62707218897,1079263.6300243454,372.3958032058305,228.92058763786386
1373,-121.754276,38.546676,29.14,11,31.376745223999023,0.725747866400828,12.47257912879975,0.0,1999.366249397839,32.20917014020462,112270.70880420278,1953539.474778736,276.15883590282755,128.97279921576813
1370,-121.757718,38.546714,4.83,2,33.84455490112305,0.7350152814760804,15.123941010354566,0.0,2157.185839097147,32.20917014020462,87657.68650840204,2872991.059230137,567.9969853837059,86.24372706652534
1371,-121.756571,38.546701,8.81,2,33.143863677978516,0.7284758990863338,10.68295739348371,0.0,1999.366249397839,32.20917014020462,80325.18764216534,2438355.5542317987,469.85195656998013,186.10374944199935
1474,-121.756556,38.547543,13.72,6,33.04815673828125,0.7497663630638272,8.020050125313283,0.0,1999.366249397839,32.20917014020462,72348.16932225447,2567194.3731462243,458.7700603186812,186.97094463650345
1476,-121.754262,38.547519,22.52,9,31.650188446044922,0.7479283209424465,11.114589855979965,0.0,1999.366249397839,32.20917014020462,58692.14574418915,1767948.9543463127,259.24122914724694,128.26051115879977
1473,-121.757704,38.547556,14.48,6,34.405113220214844,0.7542653216514736,12.653061224489797,0.0,2157.185839097147,32.20917014020462,82359.875884574,2975839.7922495687,534.3638591590931,87.02499939420258
1475,-121.755409,38.547531,30.15,8,31.51688575744629,0.7684179936768487,8.114035087719298,0.0,1999.366249397839,32.20917014020462,70810.8476398578,1564609.8976430616,358.97850339819655,228.11951084498563
1477,-121.753115,38.547507,25.44,9,30.235126495361328,0.7379813048173673,11.027568922305765,0.0,1999.366249397839,32.20917014020462,114726.22316370103,2113933.4391960013,159.57855354664045,28.401485727116462
1377,-121.749687,38.546626,25.39,8,29.81812858581543,0.7678847178467549,5.381727158948686,1.4705882352941175,1544.18990267902,33.5300316122234,166294.81039039194,1699928.4048599664,104.6260997447571,172.38910107644213
1374,-121.753129,38.546664,16.35,6,30.26589012145996,0.7355648321099579,20.457393483709275,0.0,1999.366249397839,32.20917014020462,114038.21227356415,1597998.4600968433,182.63145891989754,29.112640243477593
1378,-121.74854,38.546613,19.07,6,32.17998123168945,0.7324848333373666,0.0314267756128221,0.4085480829666876,2712.814793702954,33.5300316122234,260649.28792852574,2744017.361176466,75.54135833903769,79.06397658262308
1478,-121.751967,38.547495,11.06,3,27.96556282043457,0.692867984122131,22.775689223057643,0.0,1821.0717408300902,33.5300316122234,281665.42708373413,2412091.915189687,60.108018695440556,71.54462020417297
1479,-121.75082,38.547482,29.19,9,27.213598251342773,0.641430081644406,11.581920903954805,0.0,1681.8301020906247,33.5300316122234,209801.79137818105,1577759.056026764,0.0,171.40430194816074
1481,-121.748525,38.547458,16.62,7,31.431434631347656,0.7346228868700564,8.897243107769423,0.0,2712.814793702954,33.5300316122234,272309.4077889786,3139005.975584951,87.0599045642068,150.99269063031807
1480,-121.749673,38.54747,30.97,10,28.912353515625,0.7119142465526238,12.222569552985307,0.0,1544.18990267902,33.5300316122234,249299.98594440697,2349371.035392877,49.55055909192986,215.11481376178173
1582,-121.750804,38.548383,39.56,9,26.711149215698242,0.643612884716796,24.631776872453777,0.0,1681.8301020906247,33.5300316122234,248903.28149983656,2617081.406163003,84.52244931524463,157.2028455138742
1584,-121.74851,38.548359,15.04,7,31.52030372619629,0.7619567893561907,4.946775203506575,0.0,2712.814793702954,33.5300316122234,209745.90282140503,2267900.685191203,80.83827249833215,217.9812231297297
1583,-121.749657,38.548371,37.06,12,28.936279296875,0.7201647096080706,16.66144691512684,0.0,1544.18990267902,33.5300316122234,307380.1553558493,3300023.011161107,96.9053415172957,161.68559526415714
1472,-121.758851,38.547568,11.81,5,34.965667724609375,0.7462427916470915,7.151780137414117,0.0,3589.244096209575,55.93314763231198,20631.449276155272,1698934.7093238465,488.61862462346176,12.833343223164418
1470,-121.761146,38.547592,6.98,5,36.46276092529297,0.717318918206729,11.993720565149136,0.0,3589.244096209575,55.93314763231198,,,289.6110541847598,63.76571159195573
1471,-121.759998,38.54758,0.99,0,36.2132453918457,0.7077102913754061,7.988721804511279,0.0,3589.244096209575,55.93314763231198,,,389.05748052746395,41.52342130665349
1469,-121.762293,38.547604,2.22,1,35.057952880859375,0.73865652740933,14.223057644110275,0.0,13812.892769165417,55.93314763231198,154486.7254801844,8072979.940406084,190.7602495482227,33.98168455106835
1572,-121.762278,38.548505,20.51,11,34.986175537109375,0.7334463009610772,13.047559449311642,6.320400500625782,4312.067259526597,55.93314763231198,,2988210.7160833576,198.62904800151895,5.011790553303102
1574,-121.759983,38.548481,16.57,8,35.440773010253906,0.718521129572764,15.034526051475202,0.0,3589.244096209575,55.93314763231198,,,393.0174185827262,23.695649740797688
1575,-121.758836,38.548469,7.32,4,34.81185531616211,0.7436483225319535,16.44777986241401,0.0,3589.244096209575,55.93314763231198,84528.48793641123,2615467.9005532134,424.4104696045559,12.087608113540714
1576,-121.757688,38.548457,13.61,9,34.17610549926758,0.751326241530478,14.710485133020343,0.0,2157.185839097147,32.20917014020462,100602.15988273431,3062552.015091555,436.46625106273945,87.85779743241112
1573,-121.76113,38.548493,12.62,5,36.705440521240234,0.7319025264820084,11.407082419304292,1.629583202757756,3589.244096209575,55.93314763231198,,,294.9803327357913,76.16269765100859
1676,-121.761115,38.549394,23.32,9,33.236148834228516,0.7485777148976922,10.526315789473683,6.422305764411028,3589.244096209575,55.93314763231198,,2245179.981452312,331.3404212591238,75.60244831089032
1579,-121.754246,38.54842,21.19,8,30.604272842407227,0.7541239810331414,12.003751172241325,0.0,1999.366249397839,32.20917014020462,99625.609474672,2633702.3183090007,272.314948811931,127.55376684834725
1580,-121.753099,38.548408,32.57,9,29.534433364868164,0.7238600263372064,7.936010037641155,0.0,1999.366249397839,32.20917014020462,94753.0675193986,1723960.7652638387,180.1449999070398,27.694498934264452
1577,-121.756541,38.548444,10.89,4,32.33037185668945,0.7500570651609451,9.25925925925926,0.0,1999.366249397839,32.20917014020462,99723.7923728895,2854252.0737243663,466.3424979198532,187.71686717889034
1578,-121.755394,38.548432,17.44,7,30.576929092407227,0.7616248067934066,14.509558132246944,0.0,1698.8807630717263,32.20917014020462,66486.80416432729,2078768.651313304,368.59937743899775,227.50006407089887
1679,-121.757673,38.549358,11.3,5,32.767879486083984,0.7568384045735002,14.0893470790378,0.6248047485160888,3403.5972402772272,32.20917014020462,73983.74803510874,2276457.644390902,339.866927420507,88.4080474323402
1682,-121.754231,38.549321,18.95,6,30.939239501953125,0.7415269471239299,0.0,3.164160401002506,1999.366249397839,32.20917014020462,137782.59571964198,3243496.256530375,318.14326552322734,127.07561390420486
1680,-121.756525,38.549345,11.21,6,31.920211791992188,0.7506121977930889,14.066416040100252,0.0,1999.366249397839,32.20917014020462,64295.01090590357,2096234.452866702,382.01094876051314,157.37071945061243
1681,-121.755378,38.549333,23.02,8,31.677532196044922,0.7292835820699111,7.1563088512241055,2.102950408035154,1698.8807630717263,32.20917014020462,133662.81010190997,3644765.29335103,403.5698664768724,157.58243513507855
1683,-121.753083,38.549309,26.03,7,29.640392303466797,0.7426091871457174,2.4375,1.7812499999999998,1999.366249397839,32.20917014020462,133803.86906093097,2858042.10431226,243.8827347948698,27.128821255689925
1785,-121.754215,38.550222,27.34,11,31.414344787597656,0.728567065903917,13.716258631512869,3.0131826741996237,1999.366249397839,32.20917014020462,99493.456050386,2543451.983526703,385.0917486557005,57.62896726819251
1675,-121.762262,38.549406,16.83,9,33.57111358642578,0.7540003044996411,10.2660406885759,4.945226917057903,4312.067259526597,55.93314763231198,,2952665.5289607528,249.18733213913725,57.19276666624355
1678,-121.75882,38.54937,12.19,5,32.35430145263672,0.7433654470951296,7.909604519774012,0.3138731952291274,3589.244096209575,55.93314763231198,106516.46335743523,2932124.2859582272,324.248194416347,11.450640615605888
1677,-121.759967,38.549382,21.51,11,32.38506317138672,0.7411306258873083,14.540896270761516,1.9743027264180508,3589.244096209575,55.93314763231198,,2626600.979604558,333.0348046930295,24.342785698421995
1778,-121.762247,38.550307,15.28,8,32.29619216918945,0.7547027185792103,5.309181761399126,5.496564647095565,3196.965919533577,55.93314763231198,,3336173.699667109,323.23383909124317,103.24445377467384
1781,-121.758805,38.550271,11.33,5,32.58330535888672,0.7424776969710365,0.0,6.700220195029884,3589.244096209575,55.93314763231198,58481.465899536495,2446791.378399662,224.0878710925366,11.033602232695316
1780,-121.759952,38.550283,18.69,6,32.56279754638672,0.7636102602118626,12.781954887218044,3.3208020050125318,2027.9827194489844,55.93314763231198,,3400635.1875389186,235.94611062290818,70.11233723362083
1782,-121.757657,38.550259,19.17,9,32.15947341918945,0.7528083035722375,0.0,4.569640062597809,3403.5972402772272,32.20917014020462,70038.47163548389,2242990.328239102,246.16798056186988,56.825507891715745
1779,-121.761099,38.550295,22.83,8,31.909957885742188,0.7447013689670712,11.393596986817323,3.672316384180791,3589.244096209575,55.93314763231198,,3931565.0566518824,281.7406587219872,94.06255850650389
1882,-121.761084,38.551196,29.41,13,32.661922454833984,0.766967409348581,5.639097744360902,8.333333333333332,1648.202150340779,55.93314763231198,111699.73413417008,2389294.726491628,210.25584192722917,4.47961404671222
1885,-121.757642,38.55116,4.74,3,32.726863861083984,0.7537353339139372,0.0,2.0068987143305117,3145.985702430142,32.20917014020462,114900.63504072679,3292491.646967193,160.42448101529226,43.337227612265366
1340,-121.792136,38.547112,7.97,2,34.459800720214844,0.6988042693119496,,,1855.1393067904926,11.049488054607508,191602.31297950275,2687901.8694254286,543.3917968219248,178.43783034047652
1445,-121.789828,38.547892,21.59,8,33.331851959228516,0.7180038429796696,,,1855.1393067904926,11.049488054607508,267218.1141353027,3347202.501603835,324.7651452022264,30.069308161408408
1443,-121.792123,38.547916,21.5,9,33.60187530517578,0.7201064363471232,,,1618.6159922505265,11.049488054607508,155697.55250796047,2102041.9986454607,484.8737892084145,159.14826729926125
1446,-121.788681,38.54788,6.61,2,35.136566162109375,0.7181849068729207,,,7803.299401678322,33.6026441424899,,,240.46990492755867,34.350700917938354
1444,-121.790976,38.547904,14.14,7,33.96418762207031,0.7300786694977432,,,1618.6159922505265,11.049488054607508,173560.31407864045,2408750.901937108,416.09052501402437,91.56820269889808
1442,-121.79327,38.547928,17.17,8,33.02081298828125,0.7452808631351218,,,1855.1393067904926,11.049488054607508,175199.01314557463,2649766.460702423,486.3260606228498,224.62814102791612
1548,-121.789813,38.548793,14.47,8,32.91827392578125,0.7461329769187917,,,2020.9549818096145,11.049488054607508,242872.06847113292,3235976.9218588863,292.65337526625376,1.707789180238838
1549,-121.788666,38.548781,23.98,9,32.668758392333984,0.6948429404292256,,,7803.299401678322,33.6026441424899,193653.34080921073,2922762.7650721367,194.9193098558314,0.5984159103983079
1546,-121.792108,38.548817,17.11,8,33.67707443237305,0.7553921641083434,,,2249.6741068415286,11.049488054607508,187679.89840455592,2477772.2053841846,384.7183895047257,87.33849010343654
1545,-121.793255,38.548829,16.64,7,32.86700439453125,0.7486833345610648,,,1618.6159922505265,11.049488054607508,97176.2320358577,1722377.2914421493,386.71111366660534,124.60105935099077
1551,-121.786371,38.548758,14.59,8,34.17952346801758,0.7337599631864578,,,7803.299401678322,33.6026441424899,,,39.62310164081392,10.701720081811997
1553,-121.784077,38.548734,10.53,8,34.04621887207031,0.7531128375558183,,,7803.299401678322,33.6026441424899,60953.76902670442,3282316.4131856505,107.72517360771863,64.39480267879708
1550,-121.787519,38.548769,8.34,3,33.95735168457031,0.7164208846515976,,,7803.299401678322,33.6026441424899,,,101.41587920539024,81.36936132675724
1655,-121.785209,38.549647,16.29,6,32.54570770263672,0.6978479237295687,11.811391223155928,0.0,7803.299401678322,33.6026441424899,50990.9174978928,2457877.465336653,4.366560156830944,3.7623726930500303
1654,-121.786356,38.549659,19.41,8,32.36113739013672,0.7199963752645999,11.203501094091903,0.0,7803.299401678322,33.6026441424899,,,0.0,27.284196483093936
1656,-121.784062,38.549635,11.86,5,33.71125411987305,0.7620882927905768,5.499760879961741,0.0,7803.299401678322,33.6026441424899,38560.18737542285,2100857.452868344,104.21700549595433,52.086188939366814
1653,-121.787504,38.54967,13.54,5,31.947555541992188,0.7388795079120124,10.913815504547424,0.0,7803.299401678322,33.6026441424899,,,88.14571903262716,19.379084975832363
1757,-121.786341,38.55056,12.95,6,33.77277755737305,0.7526097291847691,7.899686520376176,0.0,4402.329017595086,33.6026441424899,91913.37601014801,3278460.8063439364,54.567759867590226,41.70860774299216
1758,-121.785194,38.550548,9.38,4,33.54035186767578,0.7629970252746716,8.040201005025125,0.0,2172.9946712119436,33.6026441424899,154633.23498707998,3196469.9698732435,55.72031795513559,87.85543706412803
1756,-121.787488,38.550571,18.29,10,32.29619216918945,0.7365335563663393,8.17669172932331,0.0,2020.9549818096145,11.049488054607508,178308.8213005288,6754283.149402269,102.98748900612262,0.5489072526025853
1547,-121.790961,38.548805,22.74,11,34.00862121582031,0.7646039565443061,,,2249.6741068415286,11.049488054607508,237793.16140022868,2977552.7501855185,390.9203313084143,20.63993271528014
1651,-121.789798,38.549694,10.75,5,30.881134033203125,0.7288102092376599,7.894736842105263,0.0,2020.9549818096145,11.049488054607508,228821.85151129955,3589764.678439684,287.846381635116,101.31705076825907
1648,-121.79324,38.54973,17.86,8,32.46709442138672,0.7571747329396507,9.842972041363463,8.962083492914592,1618.6159922505265,11.049488054607508,222130.13133828554,5103340.429826803,287.4772018980972,24.538266610870636
1652,-121.788651,38.549682,12.39,7,30.782011032104492,0.6996336134616286,10.796915167095117,0.0,4869.436128888371,11.049488054607508,212416.37600428498,6375202.416524278,187.99606648230457,28.636134169150974
1650,-121.790946,38.549706,11.59,7,33.133609771728516,0.7345705716405064,7.165479018210609,5.304829770387965,3056.98937228698,11.049488054607508,210664.06457129898,2628283.1484774416,292.72713933209087,49.740891899484275
1649,-121.792093,38.549718,16.34,8,33.74543380737305,0.7497663630638272,9.878479027832222,7.095256762054096,2249.6741068415286,11.049488054607508,239522.53151396857,3247211.50337888,284.56300864290057,26.648299986017
1752,-121.792078,38.550619,9.22,6,33.72150802612305,0.7211751403519884,0.0,13.084405396925009,3462.1235026596933,11.049488054607508,122399.80683899736,4646278.24019783,184.40764665372208,42.0862639566798
1753,-121.790931,38.550607,20.14,9,31.469032287597656,0.6579017930198461,0.0,2.7281279397930387,2020.9549818096145,11.049488054607508,113686.98561811545,1527669.4394842675,196.53203406714903,43.55018283626897
1751,-121.793205,38.550622,21.0,10,32.784969329833984,0.7055938479024917,0.0,7.42371815036175,3462.1235026596933,11.049488054607508,122291.64060748182,7462756.006499299,189.76399039581705,11.526736230939107
1754,-121.789783,38.550595,1.89,1,25.972856521606445,0.03997285390505567,7.223264540337711,2.2201375859912447,2020.9549818096145,11.049488054607508,,,248.92383735221895,142.78513583637204
1555,-121.781782,38.54871,18.48,8,30.34450340270996,0.6215485736029223,,,2172.9946712119436,33.6026441424899,257925.55823994835,2919645.97222709,304.6636937711975,7.3493688600857725
1558,-121.77834,38.548674,7.59,3,32.22441482543945,0.7406670480966568,,,1716.011698903208,18.236674488769694,217167.00013978407,3652951.310945014,440.4732957544611,22.316766459359453
1659,-121.78062,38.549599,9.38,6,29.81812858581543,0.7384554637440791,12.903225806451612,1.1264720942140296,2172.9946712119436,33.6026441424899,273564.948236289,5464674.714430882,403.8555884520011,18.19531554738339
1658,-121.781767,38.549611,14.43,4,30.170185089111328,0.438378777471371,12.999494183105718,0.0,2172.9946712119436,33.6026441424899,51777.0350324527,2043800.5050991292,304.00504643868976,0.2035282009502566
1660,-121.779472,38.549587,4.77,2,31.807416915893555,0.7340083263115957,13.186813186813188,1.0465724751439036,2172.9946712119436,33.6026441424899,132949.46361365568,3592283.8074684218,503.79321625405476,28.558824396228108
1657,-121.782914,38.549623,15.72,5,31.694622039794922,0.7129959403537214,10.49830672472182,0.0,2172.9946712119436,33.6026441424899,157158.64196410196,2536141.3199528335,204.15453663013312,0.27688184705903574
1763,-121.779457,38.550488,15.11,9,31.974899291992188,0.7350414453539997,0.0,4.952978056426333,2963.7131543304567,33.6026441424899,94094.06784549064,2781049.556260695,462.92490119296116,30.43717506188667
1762,-121.780604,38.5505,13.13,6,30.436790466308594,0.7419255684362724,7.268170426065162,0.0,2172.9946712119436,33.6026441424899,184167.82924906447,3938060.872528173,408.3283100011683,37.03240322527954
1764,-121.77831,38.550476,17.09,9,33.08233642578125,0.745070111239329,5.668650172251801,3.225806451612903,1716.011698903208,18.236674488769694,118145.29853409225,3344301.7759341975,402.2053241976743,17.747256440720072
1760,-121.782899,38.550524,15.64,8,31.55790138244629,0.7199963931925595,15.481040426198684,0.0,2172.9946712119436,33.6026441424899,153016.47267491222,3037169.632939224,212.12434847716492,22.30756852896892
1755,-121.788636,38.550583,12.72,8,29.513925552368164,0.5696868116501719,13.49231251961092,3.263256981487292,2020.9549818096145,11.049488054607508,259995.11362778244,7536698.484090802,195.14879086262027,82.08755062442764
1759,-121.784046,38.550536,10.47,5,33.62238693237305,0.7347536685410887,8.032632569814872,0.0,2172.9946712119436,33.6026441424899,102014.32426969371,2589525.596301941,118.65720548852529,100.104806011262
1862,-121.784031,38.551437,13.48,9,33.126773834228516,0.7469679417554289,8.066541117388574,0.0,2963.7131543304567,33.6026441424899,122273.41876452157,2207566.5235966155,187.68026784621725,79.68216656189398
1859,-121.787473,38.551472,9.81,5,32.637996673583984,0.6547125019133091,9.256353937872609,0.0,2020.9549818096145,11.049488054607508,66014.59191221779,4135253.7418362126,177.56641410542457,1.994067483740084
1861,-121.785179,38.551449,15.32,9,34.466636657714844,0.7518553817644715,8.010012515644556,0.0,4715.6463062984085,33.6026441424899,142566.46089487337,3662637.8769223536,155.74159043210994,114.67378140730267
1860,-121.786326,38.551461,10.89,8,34.75374984741211,0.752967182546854,8.142812402129659,0.0,4402.329017595086,33.6026441424899,48943.553045530876,3311111.643883568,154.72542069883679,69.01002540774851
1961,-121.788606,38.552385,16.67,10,30.27614402770996,0.7222639658721164,12.53908692933083,0.0,2020.9549818096145,11.049488054607508,,,266.96977781982514,83.89167474524885
1962,-121.787458,38.552373,6.93,4,33.87873840332031,0.736402610084042,5.601006922592826,0.0,2020.9549818096145,11.049488054607508,111300.77111973683,2500024.5845917733,269.292419510113,1.7902689675294654
1963,-121.786311,38.552362,18.62,11,34.582847595214844,0.7515378758932153,4.235958581738312,0.0,4402.329017595086,33.6026441424899,39307.29967703877,2690454.0793688367,254.8830619068164,29.625496696975066
1965,-121.784016,38.552338,10.13,7,33.56427764892578,0.7389647431555204,0.0,0.0,2963.7131543304567,33.6026441424899,181127.83028426164,2820662.207003058,276.4658909961115,76.86710643012125
1858,-121.788621,38.551484,8.65,3,29.684825897216797,0.6161828376352787,12.74264245460238,0.0,2020.9549818096145,11.049488054607508,,,242.9245385910615,97.72257967596565
1856,-121.790915,38.551508,16.98,8,31.711711883544922,0.7324273625854403,0.0,0.0,2020.9549818096145,11.049488054607508,234273.79893014967,2632212.1648835647,107.87544874770249,44.01162499398626
1857,-121.789768,38.551496,9.5,3,24.680845260620117,0.05197184655646032,0.0,0.0,2020.9549818096145,11.049488054607508,478538.5015866064,5457906.697230944,186.96905680637187,143.13056834194256
1855,-121.792063,38.55152,5.81,3,33.188297271728516,0.754035638878122,6.624803767660911,8.822605965463108,3462.1235026596933,11.049488054607508,167606.34785861342,4700346.851942863,84.25230355852764,55.06805775000738
1854,-121.793112,38.551518,6.51,4,32.88409423828125,0.7428677980788052,31.977471839799747,4.25531914893617,3462.1235026596933,11.049488054607508,136987.11539668083,5496392.481834222,92.60727557735565,11.739959098430983
1960,-121.789753,38.552397,0.24,0,25.75410270690918,0.03951199573930353,7.306365631859517,5.487613671997491,2020.9549818096145,11.049488054607508,,,167.38261532424914,157.6578186915272
1958,-121.792048,38.552421,32.6,14,32.47393035888672,0.7153643675070877,27.77951769495772,0.563733166301284,3462.1235026596933,11.049488054607508,107497.5031642559,2201099.012087383,0.0,6.183073074177357
1959,-121.7909,38.552409,11.93,5,30.911895751953125,0.6833039467455819,7.436460621273926,6.965798556636335,2020.9549818096145,11.049488054607508,275915.76438333525,2393211.0483510043,68.39511299474664,58.74009484107794
1957,-121.79302,38.552421,17.03,5,31.961227416992188,0.7150589425582439,14.32145090681676,0.6566604127579738,3462.1235026596933,11.049488054607508,195658.9205248829,2692398.802131179,27.318501845845553,30.2931797607951
2063,-121.789738,38.553298,4.28,1,25.76777458190918,0.041919465409591794,13.433772755806652,0.0,2020.9549818096145,11.049488054607508,5000.0,566756.535416862,183.82112531884596,157.9929869195166
1964,-121.785163,38.55235,12.38,8,34.65804672241211,0.7472053403034806,1.0025062656641603,1.8170426065162903,4715.6463062984085,33.6026441424899,167010.42440090573,4141242.1261288887,255.87642213595075,93.55721191728028
2067,-121.785148,38.553251,24.44,12,33.42072296142578,0.7527447573840618,8.72293693128334,1.098211484154377,2963.7131543304567,33.6026441424899,104040.6953646037,2930731.1972260554,356.0252399337691,66.49233857590019
2068,-121.784001,38.553239,11.42,9,33.95051574707031,0.7484985052142292,7.926065162907268,6.547619047619048,2963.7131543304567,33.6026441424899,181428.9016892056,2920219.079485977,371.0903375652665,56.88665861986948
2066,-121.786296,38.553263,12.31,2,33.68049240112305,0.7050812477245927,5.087939698492463,0.0,4402.329017595086,33.6026441424899,,,355.04068347652986,115.2995798952234
2065,-121.787443,38.553274,14.61,7,34.00862121582031,0.7333940304815769,11.510791366906476,4.410384735689709,4402.329017595086,33.6026441424899,,,365.47522300416233,16.528872574020568
2171,-121.783986,38.55414,10.7,7,32.90460205078125,0.7497927881777287,1.317027281279398,0.0,3165.9813197833896,29.783393501805055,91131.91210769568,3485854.8953462713,468.0254486031937,43.19426024980777
2168,-121.787428,38.554175,10.68,5,33.77277755737305,0.728020147420466,27.62828535669587,0.0938673341677096,4402.329017595086,33.6026441424899,,,405.4390607003728,30.598212944946564
2169,-121.78628,38.554164,14.59,4,32.815731048583984,0.7445960310287774,14.621164683782093,0.8766437069505322,4402.329017595086,33.6026441424899,,,455.20030159533053,59.19753924986018
2170,-121.785133,38.554152,22.91,7,32.802059173583984,0.7287103404523805,10.51145277690618,0.1568873548791967,3165.9813197833896,29.783393501805055,137746.8004134387,3398225.841936689,456.18015944096436,16.5409029477962
2271,-121.787413,38.555076,6.62,5,34.576011657714844,0.7543978476896882,0.0,6.08604407135362,4402.329017595086,33.6026441424899,21873.818802035672,1401012.8853583494,451.85155278963,17.196767371773106
2060,-121.793054,38.553349,16.95,7,31.718547821044922,0.7436272922437638,31.83673469387755,0.2511773940345368,3062.9378906883585,11.049488054607508,134203.53781447443,3164513.935258442,63.69075524165238,58.82075007457978
2062,-121.790885,38.55331,12.6,8,30.416282653808594,0.6891732856165618,32.80075187969925,2.913533834586466,2020.9549818096145,11.049488054607508,227544.89745429571,2234629.7572414083,91.51581527706011,74.3216718175679
2061,-121.792033,38.553322,14.46,8,32.737117767333984,0.7398679020116106,24.178917735376917,0.0,3062.9378906883585,11.049488054607508,203789.75709485784,2853506.06978846,46.20330474056556,24.461052606205648
2064,-121.78859,38.553286,12.11,8,31.21951675415039,0.7440957762300968,4.542606516290727,2.255639097744361,2020.9549818096145,11.049488054607508,,,281.27833860566585,70.12440421551736
2164,-121.792018,38.554223,12.33,6,33.219058990478516,0.7438457167008892,1.598746081504702,4.57680250783699,3062.9378906883585,11.049488054607508,133591.0871599756,2617037.9124154625,145.384494279376,9.28326234151907
2163,-121.79312,38.55424,14.4,7,32.771297454833984,0.7506915279664099,18.293065578914337,3.702541575149043,3062.9378906883585,11.049488054607508,133768.51215430637,3355031.298506142,160.75422651533157,104.02197286976887
2166,-121.789723,38.554199,15.97,8,29.114017486572266,0.4769565985770896,28.665413533834588,6.986215538847118,2020.9549818096145,11.049488054607508,486484.72078938416,3479282.919495726,231.32607699984854,74.24236477554753
2165,-121.79087,38.554211,1.99,1,28.36205291748047,0.06918932369444519,8.325508607198747,6.197183098591549,2020.9549818096145,11.049488054607508,276589.11784768174,2796583.3440284883,166.39046382767066,89.49824879114165
2167,-121.788575,38.554187,12.11,5,32.44658660888672,0.7556087931152433,24.568559774082207,5.930342014433636,2020.9549818096145,11.049488054607508,178682.63283546545,2825307.540733637,314.7179499112558,23.067379983852717
2268,-121.790855,38.555112,22.52,9,31.995407104492188,0.7573695239714451,23.514696685428397,7.16072545340838,2020.9549818096145,11.049488054607508,255614.93887802187,2423171.3780987454,258.45762789595716,104.68388317477648
2277,-121.780528,38.555005,9.09,5,33.198551177978516,0.7305350658716634,0.1317523056653491,0.0,2217.1204294558397,29.783393501805055,,,220.0258771853122,6.294526123245374
2276,-121.781676,38.555017,29.58,15,30.939239501953125,0.6247646177653223,0.4126547455295735,0.0,2217.1204294558397,29.783393501805055,,,319.84001450755414,6.686611392652941
2275,-121.782823,38.555029,15.31,6,29.664318084716797,0.35688299708999693,19.061707523245985,0.0,2217.1204294558397,29.783393501805055,,,419.6265590803482,92.83449273842615
2381,-121.779366,38.555894,15.26,7,31.821088790893555,0.7418773786630481,2.380952380952381,0.0,3056.1831896465387,29.783393501805055,43537.059165731065,9456761.073811991,133.37027343132408,53.573223667890346
2378,-121.782808,38.55593,10.99,5,29.83180046081543,0.3391691134311259,0.0,45.83333333333333,2217.1204294558397,29.783393501805055,,,423.22998344948763,89.75759688159489
2380,-121.780513,38.555906,13.98,6,32.01933288574219,0.7247949142474681,,,2217.1204294558397,29.783393501805055,47658.66396860615,4420972.183566954,227.15961724379557,21.522846705183706
2382,-121.778218,38.555882,13.26,6,31.417762756347656,0.7552250972017646,0.1063829787234042,0.0,3056.1831896465387,29.783393501805055,95935.13013789344,8062857.027281461,62.538462304000504,14.435413564669997
2379,-121.78166,38.555918,15.32,6,30.65212631225586,0.6870173445204273,0.0,15.517241379310343,2217.1204294558397,29.783393501805055,49938.22064496654,3141250.6904692845,324.585723071222,9.67627061412515
2485,-121.778203,38.556783,12.49,5,32.10820388793945,0.717590156942606,,,3056.1831896465387,29.783393501805055,124960.47593597944,5176064.220695694,160.7829070026057,4.668623953226654
2482,-121.781645,38.556819,4.97,6,30.25221824645996,0.6877636827994138,,,2217.1204294558397,29.783393501805055,215585.24946049778,5226315.5941889,356.81077178514136,9.874952497171531
2274,-121.78397,38.555041,14.68,10,33.198551177978516,0.7369133724132553,26.682289922999665,1.5065282892534315,5731.9321513752175,29.783393501805055,88561.9725963054,3774402.4858819055,519.4382448474021,64.48917976880526
2272,-121.786265,38.555065,23.85,11,33.76594161987305,0.7400079081999138,20.151679306608884,11.375947995666303,2217.1204294558397,29.783393501805055,82836.53067666505,2759243.1376382955,538.185815364367,16.88841890728221
2273,-121.785118,38.555053,15.84,8,33.71125411987305,0.7590701812878251,31.49087221095335,0.4056795131845842,3165.9813197833896,29.783393501805055,119572.86234442725,3440681.4497339814,556.3375450190251,81.73615072950797
2376,-121.785103,38.555954,4.65,2,34.442710876464844,0.7460978031158447,,,2217.1204294558397,29.783393501805055,87908.71225142173,3016389.3076260258,621.6730357169713,103.48667579738441
2374,-121.787398,38.555977,7.1,5,35.24936294555664,0.7365859404671937,14.40225917791026,0.0,2632.10824736887,11.049488054607508,115011.37685672438,4761557.682971646,513.6046496305812,0.24238069979136928
2377,-121.783955,38.555942,8.4,5,32.47393035888672,0.7224455307004973,,,2217.1204294558397,29.783393501805055,95595.25573506913,3127876.2104771133,522.2800472017425,3.550115472330959
2375,-121.78625,38.555966,15.77,8,34.63412094116211,0.7359312958239267,3.0599755201958385,10.771113831089352,2217.1204294558397,29.783393501805055,89089.22584046327,2931078.4515981795,591.112360342561,92.85151863062003
2373,-121.788545,38.555989,5.11,3,35.31430435180664,0.7346926431637257,8.959899749373433,0.0,2632.10824736887,11.049488054607508,107904.99818149139,3472922.903515898,445.1202045418347,37.79292819044374
2479,-121.785088,38.556855,2.46,2,34.979339599609375,0.7485117065953091,11.895161290322582,12.634408602150538,3576.096415280607,29.783393501805055,87704.48210362569,2919383.7483540843,639.1016688941479,116.76336770357538
2477,-121.787383,38.556878,12.61,7,34.969085693359375,0.7540003047324717,10.867522705919198,3.4137175070466643,2632.10824736887,11.049488054607508,84489.88474669652,3146559.0665051616,585.9307566975197,37.825259919710206
1569,-121.76572,38.548542,11.83,5,33.02764892578125,0.7409664273727685,9.934189909119398,5.985584456283297,6535.386523328574,55.93314763231198,,3294604.212044369,71.492578523639,13.73607545643045
1567,-121.768014,38.548566,6.71,3,32.696102142333984,0.5104673696914688,0.8445417578980294,7.381920550516109,0.0,,,,145.57742908256992,102.4078059330785
1570,-121.764572,38.54853,13.97,7,32.781551361083984,0.7310698835644871,0.0,6.390977443609022,6535.386523328574,55.93314763231198,,3848361.942704018,54.389009341817484,43.21293456455513
1674,-121.763409,38.549418,16.04,5,33.297672271728516,0.7603469633031636,7.738095238095238,5.482456140350877,6535.386523328574,55.93314763231198,,2373944.6219062954,184.74354091629672,27.928514954308543
1670,-121.767999,38.549467,16.52,6,32.720027923583984,0.6284089793916792,13.471177944862156,3.414786967418546,0.0,,,,213.6314148652992,102.45432776184914
1672,-121.765704,38.549443,16.87,7,32.96954345703125,0.7487977708224207,8.069073783359498,0.0,6535.386523328574,55.93314763231198,,2941290.8802266913,155.06634279357385,109.13469456824623
1673,-121.764557,38.549431,13.69,7,32.815731048583984,0.7417960268711405,5.733082706766917,2.036340852130326,6535.386523328574,55.93314763231198,,2319593.8450999195,148.3113720232771,112.07981691650367
1671,-121.766851,38.549455,4.65,2,32.84991455078125,0.7185081845382228,7.995003123048095,0.0936914428482198,16929.84091405753,55.93314763231198,,4675703.758371799,174.12549650934133,105.95466195436198
1776,-121.764541,38.550332,15.59,5,32.720027923583984,0.746480074361898,7.940991839296924,0.0,6535.386523328574,55.93314763231198,9950.432145553235,1635285.5754149358,246.29621626038355,48.27903998311453
1777,-121.763394,38.550319,13.4,6,32.747371673583984,0.7520776809193194,4.1040100250626566,5.200501253132832,3196.965919533577,55.93314763231198,,2983160.490067797,276.2423767001217,27.274789814979567
1564,-121.771456,38.548602,24.18,8,31.660442352294922,0.7414700208464637,16.04629340006256,2.064435408195183,1865.1272544940587,18.236674488769694,178764.05337230433,3124776.174188135,177.76092719796807,85.95288995734226
1668,-121.770293,38.549491,23.83,9,32.774715423583984,0.7363502329681069,4.291979949874687,0.0,5825.335985244727,18.236674488769694,47597.44733965607,2557339.1865568017,164.59036288217433,7.942635961353684
1666,-121.772588,38.549515,19.97,9,30.908477783203125,0.7295181729908412,9.38480853735091,3.0759573132454485,1819.7371290935232,18.236674488769694,48954.91964609081,940614.4022115804,70.68572403981587,85.47008294180425
1667,-121.771441,38.549503,12.87,6,31.434852600097656,0.7517722194405416,0.218681661980631,0.0,1865.1272544940587,18.236674488769694,92376.53169373999,1389928.3226295752,85.90081194255558,91.9998088718413
1669,-121.769146,38.549479,18.71,9,32.35088348388672,0.6987277561565861,31.042059008160702,6.936597614563716,4184.968971647088,18.236674488769694,59242.07513569598,4235031.4748212425,258.33388527240095,2.5968023941546305
1770,-121.771425,38.550404,7.7,3,31.25369644165039,0.7359663130094608,15.497808390732622,1.0644959298685035,1865.1272544940587,18.236674488769694,161529.46554056817,2313730.965025546,48.8695710859452,56.05153452653018
1772,-121.769131,38.55038,21.33,9,32.747371673583984,0.7175022898707539,0.8147916013788781,0.0,4184.968971647088,18.236674488769694,66438.39295466365,6131959.686875013,248.5824569363939,3.2019550788072713
1771,-121.770278,38.550392,20.42,10,32.44316864013672,0.7513527197297662,0.1252348152786474,0.0,5825.335985244727,18.236674488769694,95450.47364097023,3134092.1205563955,148.72600225034816,8.044130406536825
1769,-121.772573,38.550416,13.94,5,29.001222610473633,0.3191555831115693,7.456140350877193,0.4385964912280701,1865.1272544940587,18.236674488769694,5000.0,482020.0954912533,0.0,14.018824660963304
1874,-121.770263,38.551293,18.21,9,33.64631271362305,0.7439773200312629,9.589470385459103,0.4700720777185835,5825.335985244727,18.236674488769694,80861.30819730113,2834821.047279591,149.3058167158251,4.709499654706462
1775,-121.765689,38.550344,16.7,7,33.05841064453125,0.7541725734481588,13.471177944862156,0.0,2936.7219998890464,55.93314763231198,30426.357000077303,2518172.7588161645,250.41976898849313,119.89079058405348
1773,-121.767983,38.550368,7.38,2,32.696102142333984,0.7105114556616172,16.415568110483363,3.452605147520402,0.0,,,,300.21284896812574,103.14531944943663
1774,-121.766836,38.550356,3.32,2,33.137027740478516,0.7390500106848776,8.09122149328335,2.499218994064355,2936.7219998890464,55.93314763231198,21336.06962958099,1787730.6893838656,273.5405932717138,200.88828770399772
1880,-121.763379,38.55122,22.52,9,31.807416915893555,0.7700105669209734,16.101694915254235,0.0,2318.6479038384314,55.93314763231198,239203.24368261965,2981607.207392331,302.77018637103964,11.759263308322499
1879,-121.764526,38.551233,23.46,12,32.42607879638672,0.7340126892086118,17.587939698492463,0.0,2318.6479038384314,55.93314763231198,145608.47457723515,2348504.119110354,345.5217919688924,20.65653074147398
1878,-121.765673,38.551245,17.28,9,33.212223052978516,0.7503918870352209,7.223264540337711,1.5322076297686054,2281.524140723046,55.93314763231198,38026.5478987227,3158652.078546452,348.4681313261251,67.93111332056132
1877,-121.766821,38.551257,12.82,5,33.00714111328125,0.7312699495814741,14.769520225776104,6.898714330511132,3186.0667833694442,55.93314763231198,23868.01453972064,2369431.469178543,373.3555842305317,163.24204730936754
1980,-121.766805,38.552158,8.74,3,33.249820709228516,0.7335181780508719,0.0,0.0,3186.0667833694442,55.93314763231198,29052.273255601274,2889479.8637022,332.4123074457765,154.225181596149
1979,-121.767953,38.55217,5.25,2,33.201969146728516,0.7057989400345832,0.0,0.0,0.0,,55041.53220214288,3927480.816242929,335.51168747014714,148.625819235588
1982,-121.764511,38.552134,23.8,9,32.56279754638672,0.7606664646882564,0.0,0.0,2318.6479038384314,55.93314763231198,189840.84513480103,2829120.9104686854,334.1031611907377,45.407427282785136
1761,-121.781752,38.550512,5.16,4,30.836698532104492,0.7584853507578373,15.476190476190476,0.0,2172.9946712119436,33.6026441424899,126042.01688426384,3655387.012645802,309.60842834560367,61.73598858325049
1863,-121.782884,38.551425,8.14,3,31.15799331665039,0.7669798228557089,8.032632569814872,0.0,2963.7131543304567,33.6026441424899,183593.6192496899,3607091.412574707,257.16586454542863,9.676935152653419
1866,-121.779442,38.551389,2.48,2,31.499794006347656,0.6801920459838584,4.832130530279259,0.0,2963.7131543304567,33.6026441424899,251738.02085569807,4151031.9057071824,384.6705410020042,7.049301726349446
1864,-121.781736,38.551413,11.77,9,30.440208435058594,0.7632902819896117,9.646100845599747,0.0,2963.7131543304567,33.6026441424899,237402.61605254296,5963829.877035207,342.11293715957265,39.2896017637205
1865,-121.780589,38.551401,12.84,7,30.28981590270996,0.7215249906294048,14.982796371598372,0.0,2963.7131543304567,33.6026441424899,143086.51801705634,3488301.9671710404,433.4229303259112,8.53414975359028
1969,-121.779426,38.55229,1.31,1,31.868940353393555,0.44858068285975605,15.121031122288588,0.0,893.5012259858313,18.236674488769694,422812.06328305014,5567161.630077769,318.8454963149381,24.725095714418096
1970,-121.778279,38.552278,2.82,1,31.790327072143555,0.31977125734556466,13.680577345465956,0.0,893.5012259858313,18.236674488769694,,,243.31611872289804,116.77921774723137
1966,-121.782869,38.552326,9.47,6,31.845014572143555,0.7571517206262797,0.0,0.0,2963.7131543304567,33.6026441424899,222026.18385435035,4635982.970903593,327.6232192698325,9.733836529981014
1968,-121.780574,38.552302,11.31,9,30.25905418395996,0.7444556002349904,7.735671782023176,0.0,2963.7131543304567,33.6026441424899,240881.96874208562,4757084.173666794,379.98738696574816,38.8056449463077
1967,-121.781721,38.552314,5.56,3,30.368431091308594,0.7479309585178271,2.3503603885929176,0.0,2963.7131543304567,33.6026441424899,255905.01455404647,5471844.736803855,397.7903021242191,32.59765020919594
1766,-121.776015,38.550452,9.09,5,31.034944534301758,0.7259459736357842,7.86833855799373,0.1253918495297805,3318.135607585969,18.236674488769694,130327.45918778196,3538566.8606092515,202.54820297412348,31.488271665977248
1871,-121.773705,38.551329,21.64,8,30.594018936157227,0.7402557263401552,0.0,13.29987452948557,893.5012259858313,18.236674488769694,195443.34219204818,4114087.778995468,6.46182083359723,14.329156682388703
1870,-121.774852,38.551341,3.46,3,32.36797332763672,0.6849825382232666,7.844367743959838,0.2510197678067147,893.5012259858313,18.236674488769694,186538.39226342982,3895133.3449410833,106.31885877035162,101.26703093611583
1869,-121.776,38.551353,4.56,3,30.864042282104492,0.5597567707300186,15.43771572011296,0.0,893.5012259858313,18.236674488769694,,,206.2629243371868,9.633570200243133
1867,-121.778294,38.551377,7.7,4,32.04667663574219,0.697847975185141,12.37081114938929,4.979642968994676,893.5012259858313,18.236674488769694,,,324.7634099108963,82.38471911184993
1868,-121.777147,38.551365,13.09,9,31.745891571044922,0.7335090290755033,8.270676691729323,0.0,893.5012259858313,18.236674488769694,,,288.0271314041001,83.17946698409443
1974,-121.77369,38.55223,5.61,3,32.737117767333984,0.7438575946725905,7.624725447128962,0.3765296517100722,1865.1272544940587,18.236674488769694,245072.27949286797,5266242.938390053,61.384451887616464,67.35127248431806
1973,-121.774837,38.552242,10.26,8,33.09259033203125,0.7196184829808772,15.413533834586463,0.0,893.5012259858313,18.236674488769694,220919.31184345216,4396972.587754891,122.61751222812804,67.1614538155912
1971,-121.777132,38.552266,12.24,6,32.33378982543945,0.7402179391356185,5.231829573934837,3.3834586466165413,893.5012259858313,18.236674488769694,,,191.53308933582477,58.412486528950375
1972,-121.775984,38.552254,2.34,1,32.610652923583984,0.6860606622261306,4.478546821171312,2.160977137488256,893.5012259858313,18.236674488769694,,,181.466713966841,35.80819082624118
1872,-121.772557,38.551317,30.86,10,29.599374771118164,0.3197108341846615,8.391608391608392,0.6293706293706294,1865.1272544940587,18.236674488769694,236798.47412795818,3899972.276467216,0.0,23.93312122607228
1876,-121.767968,38.551269,0.0,0,33.44464874267578,0.6685886939521879,0.0,0.0,0.0,,,,349.10337597602637,104.66573990413085
1875,-121.769115,38.551281,17.15,7,33.84797286987305,0.7156009708996862,0.0,0.0,4184.968971647088,18.236674488769694,82016.8069468245,5874655.51253826,249.24810925081877,8.13257705753582
1873,-121.77141,38.551305,9.33,7,31.807416915893555,0.7426381734665484,8.040201005025125,5.810301507537688,1865.1272544940587,18.236674488769694,135683.1606252492,2519735.4716833313,49.450597020857884,39.15643556257019
1978,-121.7691,38.552182,22.26,13,33.47541046142578,0.6853277830717465,11.421399435205522,0.0,4184.968971647088,18.236674488769694,32766.6161052989,3157649.4951161747,258.1788785032867,97.427327658631
1975,-121.772542,38.552218,10.41,8,32.33037185668945,0.7513703580480069,0.0,18.717504332755635,1865.1272544940587,18.236674488769694,185906.98585553677,3379999.691752453,61.03498457480554,67.76342996543084
1976,-121.771395,38.552206,9.54,5,33.212223052978516,0.7581398761055121,23.881537492123503,0.0,3236.116567744612,18.236674488769694,110840.90636862114,3095715.252028823,79.70230666194048,60.64605453524438
1977,-121.770247,38.552194,18.49,9,33.94709777832031,0.7625838974490762,12.48435544430538,0.5319148936170213,4184.968971647088,18.236674488769694,63013.4306578873,3475358.953410082,163.05647011394566,23.48796265349249
2079,-121.771379,38.553107,10.12,6,33.79328536987305,0.7528347831685096,0.0,14.814814814814811,2221.086984272258,18.236674488769694,122802.96398752449,2892821.4245740785,123.15622941668802,26.276755987401394
2078,-121.772527,38.553119,15.23,9,32.607234954833984,0.748010138166137,0.0,1.4093329157532102,4550.87876402242,18.236674488769694,100692.0567698646,3256955.6959158117,81.60321561396654,32.39860522041805
2070,-121.781706,38.553215,9.66,3,30.416282653808594,0.7365440358407795,8.032632569814872,0.0,2963.7131543304567,33.6026441424899,244312.68854426048,5273783.136902027,384.3211919293982,30.893878420714234
2072,-121.779411,38.553191,4.88,4,32.97637939453125,0.7494162747752853,3.7593984962406015,0.0,893.5012259858313,18.236674488769694,157671.1034672279,3815844.3969200756,240.00532841232604,25.796985950746155
2069,-121.782853,38.553227,9.32,6,31.735637664794922,0.7194267979357392,8.010012515644556,0.0,2963.7131543304567,33.6026441424899,176775.83495142343,4425943.678442199,410.6595462594791,6.963615159360243
2071,-121.780559,38.553203,8.35,4,31.445106506347656,0.7297744879809519,13.408521303258144,0.0,2221.086984272258,18.236674488769694,176968.35502604084,4512694.075324235,306.3762442832496,1.3983242980619948
2073,-121.778264,38.553179,3.32,2,33.38996124267578,0.7112061401130632,13.676286072772898,0.0,893.5012259858313,18.236674488769694,132265.93501208205,3051754.901093679,181.65729512087276,32.34930329914524
2174,-121.780543,38.554104,0.0,0,32.668758392333984,0.7445565309608355,0.0,0.0,2221.086984272258,18.236674488769694,225643.8965767907,6694400.640794095,247.1577433429509,22.200868887340473
2172,-121.782838,38.554128,25.21,7,29.496835708618164,0.3503861252684146,0.0,0.0,2217.1204294558397,29.783393501805055,,,434.4546856974023,41.20057416243008
2173,-121.781691,38.554116,12.62,8,29.76685905456543,0.6786978805903345,0.0,0.0,2217.1204294558397,29.783393501805055,313826.80979881197,7893166.10300908,339.06875701929994,4.764300333546354
2175,-121.779396,38.554092,8.94,5,33.222476959228516,0.7492485297378153,0.0,0.0,2221.086984272258,18.236674488769694,25467.899680308106,1824602.2143149811,164.9340689625685,19.633630730444835
2278,-121.779381,38.554993,19.88,12,32.54912567138672,0.7537883243057877,0.0,0.0,2221.086984272258,18.236674488769694,,,120.50575678013708,14.032112062177797
2075,-121.775969,38.553155,3.16,3,32.58330535888672,0.7530201460467651,8.017538365173818,0.0,3502.8490472838043,18.236674488769694,131275.30190190327,4606383.162317359,81.31454872312175,29.228347622001696
2076,-121.774822,38.553143,6.55,5,33.266910552978516,0.7252496510045603,7.957393483709272,5.983709273182957,3502.8490472838043,18.236674488769694,146128.78690045924,4535696.91479643,81.58843065308882,33.001246511940664
2074,-121.777116,38.553167,7.61,4,33.00030517578125,0.7248468848410994,8.064010040790711,0.0,893.5012259858313,18.236674488769694,77216.9451162853,2827493.4408698534,102.29501159918368,20.21944295311307
2077,-121.773674,38.553131,10.17,6,32.02275085449219,0.7435588535852731,13.538075838295203,0.0,4550.87876402242,18.236674488769694,126355.24141082006,3994645.038053025,81.59591978989367,32.81156016568061
2179,-121.774806,38.554044,8.73,6,30.088151931762695,0.6682892937678844,0.0,0.0,2221.086984272258,18.236674488769694,141150.69363173758,4505523.88149331,0.0,9.386304513464136
2177,-121.777101,38.554068,12.0,5,31.421180725097656,0.38794992270413786,0.0,0.0,2221.086984272258,18.236674488769694,146704.97462411746,3830846.024821583,62.50637129779613,15.983149732720749
2180,-121.773659,38.554032,11.26,7,29.585702896118164,0.5787172241834924,0.0,2.2521113543947453,2221.086984272258,18.236674488769694,232684.22971753575,5802150.290125324,0.0,7.941390194839553
2176,-121.778249,38.55408,7.83,4,33.171207427978516,0.7457551604602486,0.0,0.0,2221.086984272258,18.236674488769694,190605.99229477037,3870040.9912421643,104.16675299486933,17.5846646759701
2178,-121.775954,38.554056,9.44,5,29.937759399414062,0.4255523963365704,0.0,0.0,2221.086984272258,18.236674488769694,167977.98480356677,5040307.783280273,0.0,14.455188820358398
2282,-121.774791,38.554945,2.99,3,30.782011032104492,0.7131763383901367,0.0,0.0,2221.086984272258,18.236674488769694,,,0.0,17.209695825285703
2080,-121.770232,38.553095,11.61,9,33.89582824707031,0.7556309105129912,12.599905970850964,0.0,3158.569119189066,18.236674488769694,34917.27896338463,3359495.2981449873,203.87357877086643,52.084681205215766
2081,-121.769085,38.553083,10.93,4,33.52667999267578,0.7272912451298907,14.245371823031064,0.0,3158.569119189066,18.236674488769694,33172.66664817021,2759659.69570211,272.18556394634146,35.304714205239684
2183,-121.770217,38.553996,9.85,4,32.655086517333984,0.7214420459233224,0.0,0.0,4184.968971647088,18.236674488769694,39311.595549768106,3448514.0402302914,153.48887540419807,4.774732576352698
2185,-121.767922,38.553972,4.27,1,31.674114227294922,0.5230483779450879,15.44740973312402,0.0,0.0,,,,138.8738672429919,38.55710337113161
2182,-121.771364,38.554008,4.88,3,32.44316864013672,0.733603123575449,0.0,1.1278195488721805,2221.086984272258,18.236674488769694,149205.48418489567,4327949.669554154,64.44172198941901,4.919114793380766
2181,-121.772512,38.55402,7.01,3,30.836698532104492,0.3559811284067109,0.0,0.0,2221.086984272258,18.236674488769694,200639.2811895967,5472003.998754119,0.0,11.02457685834176
2184,-121.769069,38.553984,20.31,7,32.19365310668945,0.6444314764812589,4.69361147327249,0.0,4184.968971647088,18.236674488769694,46232.668100653915,3478222.2081243624,193.55000999546212,9.140824540647891
2287,-121.769054,38.554885,0.9,2,32.46709442138672,0.6939782903064042,0.0,0.0,4225.792315358125,18.236674488769694,58511.1542159958,4698444.565905851,144.66675488939777,58.05776750458368
2285,-121.771349,38.554909,8.49,7,31.909957885742188,0.742522389581427,0.0,0.0,3663.2904660483773,18.236674488769694,77281.76510417821,5377240.063412823,71.91940602765276,61.72179007241136
2288,-121.767907,38.554873,1.57,1,31.451942443847656,0.43640419802007574,4.909240924092409,0.0,0.0,,,,52.40781070151814,41.58769697573428
2283,-121.773644,38.554933,5.86,3,30.026628494262695,0.45172362797893584,0.0,0.0,2221.086984272258,18.236674488769694,,,0.0,16.482494960906887
2280,-121.777086,38.554969,12.54,6,30.433372497558594,0.3425542847253382,0.0,0.0,2221.086984272258,18.236674488769694,,,0.0,19.820810025974403
2281,-121.775938,38.554957,13.57,7,30.187274932861328,0.3778097830945626,0.0,0.0,2221.086984272258,18.236674488769694,,,0.0,13.542824103391192
2279,-121.778233,38.554981,23.81,11,32.08769607543945,0.7574668665571759,0.0,0.0,2221.086984272258,18.236674488769694,,,23.85902189779159,34.27854363124695
2386,-121.773628,38.555834,2.96,2,32.97296142578125,0.720015800150577,0.0,0.0,5070.253268836147,29.783393501805055,86383.24326268195,5657444.896126356,57.0839710424986,4.725344590700117
2383,-121.777071,38.55587,5.18,4,31.807416915893555,0.7570826803799718,0.0,0.0,3056.1831896465387,29.783393501805055,89366.43284540682,4633834.390416464,60.79931159729509,45.659564606199915
2384,-121.775923,38.555858,6.16,3,33.325016021728516,0.7205661763437092,0.0,0.0,5070.253268836147,29.783393501805055,63353.89266145372,4869218.9577112235,56.739699565554204,44.78184096805812
2385,-121.774776,38.555846,1.59,2,33.74885177612305,0.733028189279139,0.0,0.0,5070.253268836147,29.783393501805055,70056.65886765478,4559378.5666876,58.57286060730609,43.90601997382231
2488,-121.77476,38.556747,0.24,0,33.68391036987305,0.7571304740849882,0.0,0.0,5070.253268836147,29.783393501805055,66089.96224033374,4559126.522764462,158.72474334596598,72.13731773526118
2487,-121.775908,38.556759,9.78,7,33.70783615112305,0.7429028654781481,,,5070.253268836147,29.783393501805055,76711.06436666257,5376733.935751874,156.89173640989313,144.94400818173148
1786,-121.753068,38.55021,29.35,11,29.85572624206543,0.6863724053837359,0.0,3.1865042174320526,1999.366249397839,32.20917014020462,167912.84828489728,2648192.9484304744,326.49349003659415,27.202913871261106
1784,-121.755363,38.550234,20.17,10,31.927047729492188,0.75985473964829,1.257861635220126,0.0,1999.366249397839,32.20917014020462,,,375.82580418000293,57.41977240708407
1783,-121.75651,38.550246,18.36,10,31.882612228393555,0.730613317922689,0.0,8.145363408521304,2945.6043005572,32.20917014020462,100286.99929730437,3342844.4527222565,301.62139418734733,57.20805994666699
1886,-121.756494,38.551147,8.41,3,32.13896560668945,0.7520406253170222,0.0,5.545112781954887,2688.642202155304,32.20917014020462,99455.38575398223,2883212.639528686,236.8936056418906,42.95555813238683
1889,-121.753052,38.551111,18.08,8,30.946075439453125,0.7351199473875264,15.710253998118532,0.0,1851.8997069959446,32.20917014020462,72977.7943643421,1943444.8519427497,416.84005474985605,26.904858325664808
1888,-121.7542,38.551123,20.71,8,30.71364974975586,0.7486833391400675,1.098556183301946,0.0,2376.1166777097833,32.20917014020462,160233.45307636235,3599669.6924158484,420.26310800216487,42.53367822070499
1887,-121.755347,38.551135,23.52,8,31.60233497619629,0.7005720477900468,0.0,7.080200501253133,2376.1166777097833,32.20917014020462,135109.96098241865,3094704.2949420423,326.18781886752805,42.74385031769743
1991,-121.754184,38.552024,21.09,7,31.069124221801758,0.7472141407585392,10.49498746867168,1.8796992481203008,2376.1166777097833,32.20917014020462,152477.87619838218,3716507.5516543007,402.3061740671378,126.1587471395655
1990,-121.755332,38.552036,19.52,8,31.978317260742188,0.7590834755683318,8.17669172932331,1.0651629072681703,2376.1166777097833,32.20917014020462,110816.46330827643,2625628.2487019114,302.59727427907745,142.90647459495713
1989,-121.756479,38.552048,7.31,5,32.27226638793945,0.7605598599184304,7.668231611893583,0.0,1851.8997069959446,32.20917014020462,62736.53240488934,2094018.3712784222,203.20493245675644,143.11817919983145
1883,-121.759936,38.551184,18.55,7,33.48566436767578,0.760373568860814,12.49607535321821,5.777080062794349,2128.54424516114,55.93314763231198,83369.41358218668,1900867.9956363705,143.1149221028077,27.063088542078145
1884,-121.758789,38.551172,6.05,3,33.47541046142578,0.7621664413406203,11.591478696741854,0.0,1648.202150340779,55.93314763231198,140733.55866990564,2839845.7700526547,123.93183884592605,10.261361370118028
1881,-121.762231,38.551208,13.07,4,32.57988739013672,0.7435606029660752,7.88485607008761,7.478097622027533,3196.965919533577,55.93314763231198,115985.68078257314,3046655.079359682,242.5287064063775,3.2955999152328395
1986,-121.759921,38.552085,13.68,7,33.249820709228516,0.7512954218545929,9.290646578782171,2.919020715630885,2128.54424516114,55.93314763231198,134537.83615482086,2576936.936900728,73.28618362709055,81.29923942647773
1988,-121.757626,38.552061,13.15,6,32.822566986083984,0.7703854900319129,14.191729323308271,0.5952380952380952,3145.985702430142,32.20917014020462,59871.05690042734,2121209.74746576,104.67189731472766,88.33253635345781
1985,-121.761068,38.552097,23.51,10,32.48076629638672,0.7356041780440137,4.061230865354577,4.904717275851297,1648.202150340779,55.93314763231198,111907.09994737977,2350579.944257647,114.62095075587901,103.03847310435525
1987,-121.758774,38.552073,23.99,10,32.93878173828125,0.7478517893468961,20.206766917293237,8.61528822055138,1648.202150340779,55.93314763231198,138685.47591343615,2891657.1566789313,23.83635676517784,10.592789343095617
1984,-121.762216,38.552109,20.94,7,32.25859451293945,0.7557237492874265,7.897210905672203,0.0,2768.7828511204575,55.93314763231198,172794.1223687361,3056645.267900501,161.2961317552212,96.65773055517973
1983,-121.763363,38.552121,20.54,9,32.00566101074219,0.76184676719519,10.298273155416013,0.0,2318.6479038384314,55.93314763231198,200215.77362752988,3021756.630871316,242.55781884072633,110.31817591320191
2087,-121.7622,38.55301,26.38,11,32.06034851074219,0.732283724588342,12.743251726302574,6.4030131826742,2768.7828511204575,55.93314763231198,172896.92946439504,3041984.4272152325,113.03634188388791,74.29931377061065
1891,-121.750758,38.551086,11.43,5,30.600854873657227,0.7287581063962231,8.349026993094789,0.8160703075957313,2706.617108416408,33.5300316122234,138895.25310877748,1983067.9166750598,339.648347729786,41.80020518487746
1892,-121.74961,38.551074,18.15,6,31.086214065551758,0.7256005483213812,8.192090395480225,0.0,1247.8466402230267,33.5300316122234,277311.6042040525,3407822.9838518267,266.0109981027003,41.59601810935988
1893,-121.748463,38.551062,14.3,5,31.677532196044922,0.7600675920257345,10.610328638497652,0.0,2708.465570274025,33.5300316122234,170742.16174184543,2112307.8668927806,214.8330671606433,41.39200978427704
1890,-121.751905,38.551099,5.88,1,31.16482925415039,0.7308741934830323,5.315822388993121,0.156347717323327,2337.6475019223394,33.5300316122234,208190.705488815,2379286.5713664214,389.8888797813639,42.11788512959884
1994,-121.750742,38.551987,12.45,6,31.14432144165039,0.7442668984876946,7.894736842105263,0.0,2706.617108416408,33.5300316122234,218316.80151476862,2557482.4028287935,407.2077205664577,141.96382246695816
1996,-121.748447,38.551963,15.63,6,31.294713973999023,0.7432043566077482,14.692982456140353,0.0,2708.465570274025,33.5300316122234,243215.69655935388,2680750.7278210716,310.859054643763,141.55563416106887
1993,-121.751889,38.552,13.37,4,30.881134033203125,0.7453862557886168,15.33895657606998,0.6248047485160888,2337.6475019223394,33.5300316122234,165679.668249965,2343388.000170134,479.98709459262454,73.63657769122513
1995,-121.749595,38.551975,16.89,6,30.891387939453125,0.7430959672201425,15.662272441933458,0.0,1247.8466402230267,33.5300316122234,258523.51472449725,2925981.6616133503,348.2242784823557,141.7586542914881
1992,-121.753037,38.552012,17.79,7,30.792264938354492,0.7337076812982559,8.035153797865663,0.0,1851.8997069959446,32.20917014020462,129666.50320551483,3198291.7152726203,502.0212952424272,26.304620910504642
2097,-121.750726,38.552888,32.5,17,31.373327255249023,0.7187282256782055,8.38810641627543,8.88888888888889,2706.617108416408,33.5300316122234,77037.02345748234,1324950.5881086471,412.53325322884325,173.5987150699184
2089,-121.759906,38.552986,22.27,11,31.458778381347656,0.6777342365239747,7.952410770194114,7.201001878522229,1648.202150340779,55.93314763231198,116950.27630813867,2245570.721815261,18.312955235657025,18.757895470646297
2091,-121.757611,38.552962,14.8,5,32.757625579833984,0.7359443857567385,9.429824561403509,4.479949874686716,2236.8786011329494,32.20917014020462,68883.50139839001,2107777.711504047,102.11992686988468,89.14335009171371
2088,-121.761053,38.552998,24.35,9,31.739055633544922,0.7251976734260097,21.19412316348859,5.970615817442951,1648.202150340779,55.93314763231198,158546.56711783024,2865185.0827621897,19.832924752231257,39.4194129610397
2086,-121.763348,38.553022,26.86,12,32.29619216918945,0.755679534515366,0.0,0.0,3449.4997073495824,55.93314763231198,121108.0910820778,2511283.6611920595,208.23004242627687,144.3693513241117
2090,-121.758758,38.552974,23.59,12,32.31669998168945,0.7289643657277338,10.734463276836156,9.667294413057125,1648.202150340779,55.93314763231198,67536.62466727194,1947608.7928569368,2.2654664938754623,10.711402019792835
2192,-121.75989,38.553887,5.9,3,32.07060241699219,0.724587076343596,14.1875,0.0,1648.202150340779,55.93314763231198,,,30.18016688012389,28.045851605383533
2193,-121.758743,38.553875,9.7,4,33.54376983642578,0.7404148729983717,0.0,0.0,1648.202150340779,55.93314763231198,38972.17564318975,1421557.8086280175,31.204085037836233,10.298552365280026
2194,-121.757595,38.553863,20.82,10,33.01739501953125,0.7598627214785665,0.0,3.0759573132454485,2236.8786011329494,32.20917014020462,78066.25638124223,2541033.7024962013,106.9892918738764,89.64053910771727
2190,-121.762185,38.553911,15.58,8,32.16972732543945,0.7204625778831542,13.87844611528822,6.7669172932330826,1648.202150340779,55.93314763231198,102317.34983387143,1930694.9118472263,100.35303753312502,28.345953018607087
2191,-121.761037,38.553899,3.55,2,32.12529373168945,0.2195978353265673,12.080326325698149,2.102290555381236,1648.202150340779,55.93314763231198,132064.2690076822,1695240.6919208695,29.230144068135907,20.92028358595436
1981,-121.765658,38.552146,15.03,7,33.160953521728516,0.7535498822107911,8.096280087527353,6.0643951234760864,2281.524140723046,55.93314763231198,32033.041393365642,3066413.1219167574,331.4686785542518,54.40886820090065
2084,-121.765642,38.553047,24.86,9,32.89776611328125,0.7236521923914552,0.0,0.689007203257125,2281.524140723046,55.93314763231198,26196.4822154074,2389856.2513879766,231.30871841808295,55.336522545715326
2082,-121.767937,38.553071,2.85,2,32.784969329833984,0.6830643202799062,0.0,0.0,0.0,,40046.84469022853,2611258.165720943,236.41166920540334,79.95307211416839
2083,-121.76679,38.553059,22.45,7,32.716609954833984,0.7359705652343109,0.0,0.0,3186.0667833694442,55.93314763231198,27289.83545529131,2300590.747952188,232.25432158636906,155.27609588222603
2085,-121.764495,38.553035,19.27,9,32.52861785888672,0.73185289480413,8.73512836568566,5.979962429555417,3449.4997073495824,55.93314763231198,88611.73489018132,2303794.4416756895,236.70245796466668,44.516027375022816
2186,-121.766774,38.55396,7.68,3,32.679012298583984,0.5042937264079228,8.080175383651738,0.0,2936.7219998890464,55.93314763231198,54572.67671769967,3477473.4117516433,132.09437059067176,136.98273631749512
2189,-121.763332,38.553923,18.72,8,31.52713966369629,0.7370487377823641,19.9874686716792,6.265664160401002,3176.7878160843443,55.93314763231198,141488.00242516457,2672657.828948277,198.0303635379611,126.64676065085806
2188,-121.76448,38.553935,9.11,4,32.18339920043945,0.744762820036461,2.223614155966176,1.3466958972752896,3176.7878160843443,55.93314763231198,143644.7495506672,2710875.746040997,140.84597883812557,44.02392317229697
2187,-121.765627,38.553948,5.21,3,33.88215637207031,0.6818877959934374,9.984350547730829,0.0,2936.7219998890464,55.93314763231198,24271.627854182843,2240874.9796170574,131.15076380767644,55.82756820279681
2292,-121.763317,38.554824,10.25,6,32.26543045043945,0.7692742861108854,9.102322661644696,0.0,2525.586078887231,55.93314763231198,190792.27048009352,3333030.7772567193,155.16136199504945,124.74317677923702
2092,-121.756463,38.552949,20.54,12,32.35771942138672,0.7501804119286438,2.688340106283213,3.407314785870585,1851.8997069959446,32.20917014020462,96366.92440463284,2849816.5794497197,202.0626305847366,189.08679407286652
2095,-121.753021,38.552913,14.4,9,31.63993263244629,0.7500438500428572,7.268170426065162,5.263157894736842,1851.8997069959446,32.20917014020462,88358.74842375945,1855374.529691362,501.7132356544608,26.19969535598385
2094,-121.754169,38.552925,20.19,10,31.694622039794922,0.7529936640057713,0.7205513784461153,4.323308270676692,1851.8997069959446,32.20917014020462,110190.12117022503,2770864.2996078087,401.7716513472415,126.14160329790258
2093,-121.755316,38.552937,23.51,12,32.41924285888672,0.7428853307850659,0.3136762860727729,3.5759096612296117,1851.8997069959446,32.20917014020462,106414.14031904815,2651358.580020979,301.9171312440933,225.99645538103763
2198,-121.753006,38.553814,18.31,6,32.43633270263672,0.733485505101271,0.0,6.203007518796992,2432.761089552925,32.20917014020462,107966.6310732295,2928010.1908897622,482.1081541268872,28.179285942461252
2197,-121.754153,38.553826,13.44,7,32.04667663574219,0.7392861417029053,0.0,0.4080351537978656,2265.138520272588,32.20917014020462,96716.8040936975,2861331.1885127006,403.20972947380415,127.75554090366734
2196,-121.7553,38.553838,17.89,8,31.981735229492188,0.7449120676610619,5.875,2.75,2265.138520272588,32.20917014020462,82733.80211222071,2370515.9771770877,303.7484706291714,227.441214047106
2195,-121.756448,38.55385,19.31,7,32.696102142333984,0.7586846995400265,8.581271531475101,0.0,2265.138520272588,32.20917014020462,98787.97551263325,2750637.3179834173,204.58371133664602,189.4934679559443
2300,-121.754137,38.554727,7.29,4,33.47541046142578,0.7582195932045579,12.030075187969924,0.0,2035.8304225564546,32.20917014020462,106418.26394249435,3236847.4124861695,422.92228436389405,112.7567232992501
2297,-121.75758,38.554764,14.75,5,33.178043365478516,0.7435693744337186,0.0,0.0,3265.9192530063433,32.20917014020462,52082.880445606555,1827884.7561020218,166.44768181470215,89.33199375145895
2098,-121.749579,38.552876,15.21,5,31.458778381347656,0.7487009600736201,8.020050125313283,6.234335839598997,1247.8466402230267,33.5300316122234,224564.89170788374,2177259.247607394,372.01035975478715,241.92225565264272
2099,-121.748432,38.552864,28.12,13,31.274206161499023,0.7513030921626422,6.277463904582549,4.959196484620213,1247.8466402230267,33.5300316122234,294926.6206872107,3632821.4491129303,355.72587273756557,144.9268399980428
2096,-121.751874,38.552901,19.62,9,31.383581161499023,0.7015493856742978,8.020050125313283,7.988721804511279,2337.6475019223394,33.5300316122234,166470.44789922715,2147740.2758945986,471.0555365765053,73.65518678003691
2199,-121.751858,38.553802,14.26,5,31.909957885742188,0.7287233681418002,0.0,4.070131496556042,2103.014691604269,33.5300316122234,233102.81495581052,2801904.3338930625,400.8445360138178,70.78707071569453
2201,-121.749563,38.553777,12.24,5,31.13406753540039,0.7222467197182898,0.0,9.429824561403509,1247.8466402230267,33.5300316122234,178781.04269717055,1732747.1064332428,277.80494640909956,228.13187383463745
2200,-121.750711,38.553789,17.82,7,31.58524513244629,0.7340606212383136,0.0,9.768315591734504,2103.014691604269,33.5300316122234,218487.9867773161,2687467.347597542,330.14124537732386,169.37879200343195
2202,-121.748416,38.553765,15.87,5,30.922149658203125,0.736219302052632,7.926065162907268,1.0964912280701753,1247.8466402230267,33.5300316122234,425218.30525983294,3781978.5903815506,255.60879132402977,129.46644480074173
2305,-121.7484,38.554666,2.99,1,31.510047912597656,0.7501033476437442,21.647869674185465,4.417293233082707,1247.8466402230267,33.5300316122234,,,155.55204984167483,112.06438161077487
2303,-121.750695,38.55469,20.05,12,32.18339920043945,0.7601695647463202,26.241799437675727,0.9684473601999376,2596.5915435602537,33.5300316122234,205694.26561191515,2768818.011149737,260.444239631899,127.55743762954742
2304,-121.749548,38.554678,15.15,6,30.908477783203125,0.5739483641615758,28.93910860012555,1.1927181418706845,1247.8466402230267,33.5300316122234,162826.36169337216,2372853.605311838,189.85382328211222,128.12664627803002
2293,-121.762169,38.554812,13.74,7,32.53545379638672,0.7418072840664536,15.037593984962406,3.101503759398496,1648.202150340779,55.93314763231198,168366.7301229508,3003502.5040394017,161.06234864795047,24.805448304675565
2296,-121.758727,38.554776,9.67,5,34.22737503051758,0.7431483864784241,8.677944862155389,2.161654135338346,1648.202150340779,55.93314763231198,69687.42391482077,1683279.0599868782,131.2969996816676,10.496739253949483
2294,-121.761022,38.5548,6.46,4,32.41240692138672,0.5795647820923477,2.380206702160977,0.0626370184779204,1648.202150340779,55.93314763231198,155530.99221438542,2755551.8199228244,129.38802884977963,3.519588485454279
2295,-121.759875,38.554788,5.32,2,33.284000396728516,0.7560819411883131,10.32540675844806,0.0,1648.202150340779,55.93314763231198,178416.41633260777,2535648.7360613546,130.33804000429907,70.56311123965354
2398,-121.759859,38.555689,2.98,3,33.56085968017578,0.752053857431747,20.978363123236125,4.107870805895264,2449.9033524827228,55.93314763231198,145677.90375068533,2575164.7337111267,230.4978848447859,55.61750554229435
2397,-121.761007,38.555701,11.2,7,32.723445892333984,0.7528083035722375,7.393483709273182,0.5952380952380952,2449.9033524827228,55.93314763231198,124890.0876574214,2194367.8871973213,229.54589392520606,56.7629823062043
2399,-121.758712,38.555677,15.56,5,34.35383987426758,0.7484721048967913,20.225776105362183,0.0,1648.202150340779,55.93314763231198,63781.84161528669,3017633.9681289555,231.44921958805995,9.674817459706873
2396,-121.762154,38.555713,16.79,6,32.716609954833984,0.7502024375135079,8.380414312617702,0.0,2449.9033524827228,55.93314763231198,101115.33919749646,1998292.1211117269,248.78345365358373,57.9988987377424
2502,-121.758696,38.556578,10.46,5,34.934906005859375,0.7431746947113425,12.707355242566509,4.350547730829421,3644.825535559345,55.93314763231198,129974.49020402238,3487553.242968675,331.6089081750865,9.842853647948974
2500,-121.760991,38.556602,10.86,7,32.774715423583984,0.7525435425341129,8.814303638644919,0.0,2719.2687975020267,55.93314763231198,203932.80111928418,3383768.603031978,329.7057296283775,43.394378785599294
2298,-121.756432,38.554751,22.53,10,32.99346923828125,0.7591854018003991,0.0,4.739485247959824,2035.8304225564546,32.20917014020462,84671.43605682033,2429448.2566981977,241.07889996978096,171.64797076633536
2299,-121.755285,38.554739,12.43,7,33.236148834228516,0.7750263980124146,4.217432052483598,0.0,2035.8304225564546,32.20917014020462,66834.11562801684,2310757.307942369,329.3711050781278,139.9482899693561
2301,-121.75299,38.554715,17.55,7,32.94561767578125,0.7638902964536101,14.689265536723164,4.23728813559322,2432.761089552925,32.20917014020462,117383.36152696097,3292639.7620283132,437.3384320987136,47.08470468618735
2400,-121.757564,38.555665,20.06,10,32.86016845703125,0.7342480174265802,6.484962406015038,0.3759398496240601,3265.9192530063433,32.20917014020462,44659.577142764974,1791642.0302934668,253.07397156543232,69.64361013766934
2402,-121.755269,38.55564,5.15,1,33.00714111328125,0.7506386376917362,0.2820432466311501,4.042619868379818,2035.8304225564546,32.20917014020462,56244.59651886214,2171726.0685945703,380.5598059328087,61.69175781475869
2401,-121.756417,38.555652,11.96,5,33.345523834228516,0.7493634388665669,0.0,0.0,2035.8304225564546,32.20917014020462,89864.81856479608,2827859.6181467483,307.2676618154181,71.50909771103308
2404,-121.752975,38.555616,10.57,5,32.778133392333984,0.7482081076595932,16.29513343799058,0.0,2432.761089552925,32.20917014020462,120222.40783781074,3276870.0562270535,412.5996638352735,25.48775815364314
2403,-121.754122,38.555628,6.87,4,33.08575439453125,0.7662660032510757,20.550516108852047,0.0312793243665936,2035.8304225564546,32.20917014020462,74627.193924044,2297727.387293832,463.83561438423374,12.671806049845618
2505,-121.755254,38.556541,13.43,8,32.723445892333984,0.7638302865088917,0.0,0.0,2008.1542211269905,32.20917014020462,51615.9994098813,1914898.2584879093,448.52915557038114,23.810807431301996
2504,-121.756401,38.556553,0.46,0,33.48566436767578,0.7593892758013681,3.3834586466165413,0.0,2008.1542211269905,32.20917014020462,68455.51666257413,2382807.6144374576,388.34119612679757,28.628992440392242
2501,-121.759844,38.55659,1.94,1,34.05989074707031,0.7598813424119726,9.74005637331663,0.1565925461948011,2878.1694516594575,55.93314763231198,188370.30033336673,3356443.96254793,330.6557185162174,44.53864041937865
2499,-121.762138,38.556614,11.01,4,32.648250579833984,0.759302853315603,9.824231010671689,2.1657250470809792,2563.0195382823035,55.93314763231198,144017.85360449902,2724718.1126172934,257.44312711152446,42.15761958267388
2605,-121.758681,38.557479,15.59,9,34.25130081176758,0.7360098364297301,11.458008117389946,5.369965657196379,3644.825535559345,55.93314763231198,121594.31282105311,2357985.770169137,431.7667104060315,8.843000060022227
2603,-121.760976,38.557503,5.36,3,33.03790283203125,0.7496276400634088,0.0,0.0,2719.2687975020267,55.93314763231198,177437.3204648358,3055470.7582102604,384.4989302093757,143.54951840563115
2602,-121.762123,38.557515,10.48,5,32.58672332763672,0.7388401366770267,13.87844611528822,0.0,1430.8404960737244,55.93314763231198,126927.53578235394,2204774.0681943134,296.2258585416209,142.31185410050003
2604,-121.759828,38.557491,2.45,2,34.08039855957031,0.7461637050146237,4.041353383458646,0.18796992481203,2878.1694516594575,55.93314763231198,162030.66559524095,2889840.0679002753,430.8155238383912,108.6907972491846
2706,-121.76096,38.558404,5.7,3,33.84455490112305,0.7513703301083297,13.748825555903538,0.0,2878.1694516594575,55.93314763231198,88433.85197595609,2003297.400568082,435.2376091740682,208.70725239973723
2708,-121.758665,38.55838,12.57,6,33.92317199707031,0.7482279091491364,0.0,0.0,7822.672677000756,55.93314763231198,111897.36502588778,1765212.7291786138,531.9264853006549,8.925615714272922
2705,-121.762108,38.558416,11.13,7,33.60529327392578,0.7545436412328854,10.763454317897372,0.0,2563.0195382823035,55.93314763231198,138377.65635121564,2613264.6121331207,359.5659168379369,192.75611336928884
2709,-121.757518,38.558368,11.65,4,33.318180084228516,0.7467305810811619,0.0,0.093837973099781,5004.318906007428,32.20917014020462,103006.19900332458,2827497.053514037,541.6886260421967,90.92171192855206
2270,-121.78856,38.555088,14.73,6,34.18635940551758,0.7563234453555197,15.906947500785918,0.0,1846.9556673678546,11.049488054607508,56608.00312138056,2023362.082705348,372.3874522144548,49.90475397295081
2269,-121.789708,38.5551,16.68,10,33.01397705078125,0.7469151935074478,5.825242718446602,0.0,1846.9556673678546,11.049488054607508,229212.6884106319,2779976.733141222,304.7990322682222,62.021252216536574
2267,-121.792003,38.555124,21.92,9,33.338687896728516,0.7492775904247537,3.765296517100722,1.4119861939127707,2020.9549818096145,11.049488054607508,148899.88847121946,2359309.515358881,245.23237916710443,4.935510287682737
2266,-121.793132,38.555139,22.24,10,32.720027923583984,0.7574137652603289,0.0,0.0,3462.1235026596933,11.049488054607508,127486.2536820019,3245779.1680281935,259.66129540832674,93.14466878892482
2370,-121.791987,38.556025,17.39,7,33.81037521362305,0.7512997915036976,0.0,5.637331663012841,2003.6564239177046,11.049488054607508,105126.76626920984,3724478.94129902,345.2559173793496,20.87994168113029
2371,-121.79084,38.556013,13.99,5,33.36945343017578,0.7611321752192453,0.0,1.7885158456228427,2035.119666730751,11.049488054607508,203154.711982516,3198238.6010432825,354.84336454291577,38.36518784120879
2369,-121.793134,38.556037,12.22,6,33.03448486328125,0.754755727131851,0.0,3.1005324146570623,2003.6564239177046,11.049488054607508,77066.85541209122,2947533.797024783,358.50689176569745,109.3971079907968
2372,-121.789693,38.556001,21.51,9,34.22053909301758,0.7539208084344864,16.823014383989992,6.316447779862414,1846.9556673678546,11.049488054607508,49333.8522721316,1804372.300566445,390.0992874449009,10.461569668902587
2475,-121.789677,38.556902,10.39,6,34.507652282714844,0.7567375449929387,0.0,6.670842467898528,2632.10824736887,11.049488054607508,61334.53472873118,2122543.428707467,481.1082674017022,17.778039059383882
2472,-121.79312,38.556938,7.72,3,34.07356262207031,0.756679117679596,8.056426332288401,0.658307210031348,2003.6564239177046,11.049488054607508,69813.69036752416,2676043.1600639913,457.48599305409914,161.3184022409223
2480,-121.78394,38.556843,2.64,3,31.646770477294922,0.6960772589081898,,,2217.1204294558397,29.783393501805055,145962.00478867648,3075719.44126296,542.9043786006675,54.56414869687048
2476,-121.78853,38.55689,13.12,6,34.82552719116211,0.7514034920798925,10.839598997493734,3.947368421052632,2632.10824736887,11.049488054607508,54453.87623834521,2319030.387201535,526.8032043644465,99.39655617237439
2478,-121.786235,38.556867,11.39,6,34.989593505859375,0.7448133004945703,13.84180790960452,0.0313873195229127,3576.096415280607,29.783393501805055,109011.56043176846,3621763.3105847305,655.0422492491847,54.34688174967035
2580,-121.787367,38.557779,9.66,5,34.79134750366211,0.7491851359761009,0.0,0.1879110554337613,2003.6564239177046,11.049488054607508,76072.51361581113,5659519.386321125,665.478190759726,75.5371533274921
2581,-121.78622,38.557768,7.65,6,34.63412094116211,0.7439049367676489,10.742248668963358,4.008769182586909,3576.096415280607,29.783393501805055,127241.3992427844,4176006.4403603673,727.1094466779615,19.864041725354227
2582,-121.785072,38.557756,5.23,4,34.627281188964844,0.749739938415587,32.003768844221106,8.668341708542714,3576.096415280607,29.783393501805055,149206.2388112953,4132329.8001220548,671.1054734337014,117.1425955843849
2583,-121.783925,38.557744,3.0,1,32.38506317138672,0.6420736575964838,23.430962343096237,6.764295676429567,2217.1204294558397,29.783393501805055,167115.81898046864,4290566.321280971,580.3266569361928,154.66094348902078
2683,-121.787352,38.55868,0.18,0,34.86312484741211,0.7550672834622674,0.6576886940181648,6.232383338553085,7843.960879217374,11.049488054607508,60424.79618846195,9782996.392977528,749.88821483538,96.82480588496685
2684,-121.786205,38.558669,11.46,7,34.24788284301758,0.7437886866585662,0.0,2.537593984962406,2003.6564239177046,11.049488054607508,59084.364203355544,5365904.026802081,803.8403697722053,2.6838760349012154
2686,-121.78391,38.558645,9.18,6,32.661922454833984,0.5501802294165827,9.814989024772656,2.7281279397930387,2217.1204294558397,29.783393501805055,181298.32379159803,4527705.422317026,631.5679134739435,132.46204340143998
2483,-121.780498,38.556807,7.08,4,32.661922454833984,0.7499777770135552,,,2217.1204294558397,29.783393501805055,140147.78704615714,4065817.850937424,271.20787094067595,6.095587461421381
2481,-121.782793,38.556831,9.57,6,29.2439022064209,0.32585708249825984,,,2217.1204294558397,29.783393501805055,,,448.4272535807021,90.05024491410532
2484,-121.77935,38.556795,4.5,4,32.43633270263672,0.7480497295036912,,,3056.1831896465387,29.783393501805055,86881.5543609902,4111935.3865662743,199.28215453626993,36.023215776688616
2588,-121.778188,38.557684,7.57,2,31.797163009643555,0.7264499846690645,,,3056.1831896465387,29.783393501805055,88255.44041982925,3933487.6511205407,260.4925029090254,11.862166634648489
2584,-121.782777,38.557732,4.62,2,30.802518844604492,0.4545904399128631,,,2217.1204294558397,29.783393501805055,,,492.99410107088886,73.78375987582021
2587,-121.779335,38.557696,3.51,2,32.637996673583984,0.7509559541940689,,,3056.1831896465387,29.783393501805055,75974.0403894016,3597041.5390579295,285.87564746970725,65.22533570686109
2586,-121.780483,38.557708,11.04,8,32.843074798583984,0.7609857538094124,,,2217.1204294558397,29.783393501805055,143599.73499971416,3115490.7280235547,339.9574328339378,19.89839383337493
2585,-121.78163,38.55772,2.59,1,31.53055763244629,0.7419036671829721,,,2217.1204294558397,29.783393501805055,176168.2800327039,3854538.2932061683,411.5058901176018,25.95062175668129
2690,-121.77932,38.558597,10.26,9,31.841596603393555,0.75288774096407,,,3056.1831896465387,29.783393501805055,121725.97682080625,4795672.194416771,379.2116901499636,36.466962514173325
2687,-121.782762,38.558633,3.72,3,30.959747314453125,0.36707297805696726,53.34773218142549,0.0,2217.1204294558397,29.783393501805055,,,552.3921309859951,34.63373406250457
2473,-121.791972,38.556926,14.03,8,34.377769470214844,0.754424354294315,13.538075838295203,1.598245064243184,2003.6564239177046,11.049488054607508,69338.76309110076,2812684.721608457,445.3443312931059,94.56199946674606
2474,-121.790825,38.556914,11.17,6,34.29231643676758,0.744266897556372,8.93643801132788,2.202643171806168,3284.6767291811466,11.049488054607508,89936.68295944355,3124258.3943614243,452.8448990252141,61.36508152102302
2576,-121.791957,38.557827,13.82,8,34.11799621582031,0.7585473722623041,8.017538365173818,3.351080488568744,1889.1529151592404,11.049488054607508,88579.37010465318,2677545.1058726916,545.458866634235,182.65746242686666
2577,-121.79081,38.557815,11.08,7,34.08039855957031,0.7552462900057435,7.986219855934857,1.9417475728155336,2632.10824736887,11.049488054607508,78987.00438012175,3142896.7707050173,551.6123195714222,119.1502456514144
2579,-121.788515,38.557791,4.48,4,34.456382751464844,0.7507797227396319,0.0,9.11654135338346,2003.6564239177046,11.049488054607508,50272.69929220574,3287288.6805655244,613.9152422897688,75.83202166225526
2578,-121.789662,38.557803,5.01,3,34.26497268676758,0.7163154118073484,12.884978001257071,10.276555625392836,2632.10824736887,11.049488054607508,64082.7815330028,2767656.812091241,575.0989086077508,22.40655086374575
2575,-121.793105,38.557839,15.64,8,33.47541046142578,0.7355124785099179,15.471343564046352,3.351080488568744,1889.1529151592404,11.049488054607508,99633.89949297559,3482720.49397518,556.4527915180711,234.5837118158295
2678,-121.79309,38.55874,11.22,4,33.46857452392578,0.7254000050439076,23.99874843554443,5.1627033792240296,2003.6564239177046,11.049488054607508,91001.74000089052,3012984.8739842474,655.4195755758954,283.6432572369684
2680,-121.790795,38.558716,7.88,6,34.552085876464844,0.733511641738005,23.93483709273183,3.477443609022556,1889.1529151592404,11.049488054607508,69944.20033177736,3349367.7175015477,650.801304059701,157.15213335065607
2681,-121.789647,38.558704,2.99,1,33.137027740478516,0.200593143934384,23.394926401503287,3.6955840901973063,2003.6564239177046,11.049488054607508,,,670.8579704095813,99.42485742370093
2679,-121.791942,38.558728,6.88,2,34.17952346801758,0.7613052508095279,30.175658720200754,5.395232120451694,1889.1529151592404,11.049488054607508,91092.09233405259,3212234.4756526053,645.5879382596354,243.81021286401963
2682,-121.7885,38.558692,5.69,5,33.273746490478516,0.7237387304194272,23.260188087774296,8.213166144200628,2003.6564239177046,11.049488054607508,,,704.4686943699588,122.61447099465722
2784,-121.789632,38.559605,0.96,1,34.21370315551758,0.25116900505963713,12.777951769495772,2.8499843407453804,2003.6564239177046,11.049488054607508,,,767.7308021857662,198.0928161782339
2781,-121.793075,38.559641,4.24,3,34.70248031616211,0.7557631444284006,18.446601941747574,0.9082367679298464,2003.6564239177046,11.049488054607508,98711.93397543141,3331996.929395336,754.3890005843538,183.4910560401273
2782,-121.791927,38.559629,6.41,4,35.546730041503906,0.7482081055641174,13.774709758393474,4.392845936617508,2003.6564239177046,11.049488054607508,79628.55650599547,3417551.5812081504,745.7260071423262,185.57463707556687
2785,-121.788485,38.559593,0.46,1,34.425621032714844,0.44247332160981995,8.020050125313283,4.010025062656641,2003.6564239177046,11.049488054607508,,,797.3022426090663,198.20780953325692
2783,-121.79078,38.559617,10.0,7,35.99107360839844,0.7364157034317032,11.10762472544713,0.2823972387825541,4043.4386242607734,11.049488054607508,77261.73200230235,3786198.1119985953,750.2473091367542,225.94386570290595
2887,-121.789617,38.560506,4.95,5,35.003265380859375,0.6738642239943147,10.6055851898337,3.577031691245685,2003.6564239177046,11.049488054607508,146312.89696522092,3606088.786438784,865.3472945997902,247.15466275279397
2884,-121.79306,38.560542,16.95,6,34.487144470214844,0.7137006729996452,1.5972439711869717,5.230191042906358,2003.6564239177046,11.049488054607508,118643.58110007121,3807428.096169742,853.5304614861622,83.33887483389368
2888,-121.788469,38.560494,2.06,2,35.34164810180664,0.6746661150828004,18.22737237707485,3.820858127153147,2003.6564239177046,11.049488054607508,,,891.7388710893442,199.2457732761316
2689,-121.780467,38.558609,2.67,1,33.02423095703125,0.7534969002008438,,,2217.1204294558397,29.783393501805055,144582.9123482346,3670989.1362898382,421.4453508873168,56.849521181025686
2688,-121.781615,38.558621,8.31,5,32.10136795043945,0.7463350633624941,,,2217.1204294558397,29.783393501805055,138734.9878260673,3477807.675869247,481.0669310192508,48.89498890122396
2793,-121.779305,38.559498,4.23,3,32.33037185668945,0.7505769460306814,,,3056.1831896465387,29.783393501805055,131026.60212959466,5504532.152198301,475.3348564685105,11.964060611124262
2791,-121.7816,38.559522,9.47,7,32.37139129638672,0.7369723178562708,34.623217922606926,0.0,2217.1204294558397,29.783393501805055,140633.377685634,5548261.30989763,559.981069938054,49.85377323505391
2790,-121.782747,38.559534,3.49,3,30.758085250854492,0.3289567252310614,21.804511278195488,4.793233082706767,2217.1204294558397,29.783393501805055,177464.45088033014,4338003.615629475,622.331155639624,25.989564652065344
2792,-121.780452,38.55951,2.0,3,33.198551177978516,0.760413485695608,,,2217.1204294558397,29.783393501805055,171640.13388486215,5333101.106960606,509.67046403540536,87.18734744584397
2794,-121.778157,38.559486,4.6,3,31.410926818847656,0.7540930557297543,,,3056.1831896465387,29.783393501805055,63155.675814699345,4072402.2087604427,460.49942236219374,62.786113465003844
2893,-121.782732,38.560435,3.25,1,31.927047729492188,0.6160630718804896,5.775266792215945,3.954802259887006,2217.1204294558397,29.783393501805055,,,699.6571836702824,15.681646663202844
2896,-121.779289,38.560399,11.6,5,33.63605880737305,0.711064592236653,,,5070.253268836147,29.783393501805055,,,572.8268046962662,10.225222847408245
2894,-121.781584,38.560423,0.0,0,33.54718780517578,0.7397742914967239,22.44131455399061,5.477308294209703,2217.1204294558397,29.783393501805055,108749.88818958862,7767193.908902969,644.7813919736295,6.156985178981016
2685,-121.785057,38.558657,4.87,5,34.26497268676758,0.7377650311682373,0.0,0.6607929515418502,2217.1204294558397,29.783393501805055,143458.1148169348,4359405.403653534,715.8817369238702,102.61210658509434
2786,-121.787337,38.559581,2.48,2,35.136566162109375,0.6056875064969063,15.288220551378446,2.662907268170426,2003.6564239177046,11.049488054607508,,,837.7436704516325,98.28079602202457
2788,-121.785042,38.559558,25.34,3,31.14773941040039,0.48671147250570357,17.501565435190983,10.269254852849093,2217.1204294558397,29.783393501805055,179859.01305250428,3216180.0174546335,771.1393496840977,101.48352226881708
2787,-121.78619,38.55957,10.81,3,32.94903564453125,0.711424911627546,23.151629072681704,6.798245614035088,2003.6564239177046,11.049488054607508,,,853.4244050618038,1.5565042653029546
2789,-121.783895,38.559546,0.62,1,30.922149658203125,0.22323087230324745,10.364321608040202,3.234924623115578,2217.1204294558397,29.783393501805055,,,693.5720253278425,108.52280338423536
2892,-121.783879,38.560447,3.6,2,31.25369644165039,0.7173962896922603,0.0,8.29940494832446,2217.1204294558397,29.783393501805055,,,763.6637696650789,84.15516382440077
2889,-121.787322,38.560482,0.13,0,35.99107360839844,0.7097784823272377,14.308077645585474,3.757044458359424,33091.52182353918,11.049488054607508,,,928.0769734857498,99.4069874996957
2891,-121.785027,38.560459,1.81,0,33.50959014892578,0.7473847354762256,7.829627309740056,5.010961478233636,2217.1204294558397,29.783393501805055,,,834.7995273290824,100.3549067328897
2890,-121.786174,38.560471,0.11,0,34.497398376464844,0.7206179876811802,9.680451127819548,4.041353383458646,2003.6564239177046,11.049488054607508,,,911.2894159714568,0.51611644177463
2994,-121.785027,38.561002,0.0,0,36.07310485839844,0.6913540451787412,11.671802773497689,0.0,2217.1204294558397,29.783393501805055,,,877.0146933915101,98.88810870275297
2885,-121.791912,38.56053,5.65,5,35.20151138305664,0.7370623111386191,15.153412648716344,0.4070131496556042,2003.6564239177046,11.049488054607508,69262.50650430893,3487205.051455353,845.8698709413636,88.85585224580153
2886,-121.790765,38.560518,1.05,1,35.28012466430664,0.7355909943580627,10.592290817925416,3.9486054528361016,2003.6564239177046,11.049488054607508,70741.20214366991,3104058.996741361,849.859129925582,156.52907050686645
2987,-121.793055,38.561145,0.0,0,33.39337921142578,0.2940107329050079,8.817069344210857,0.0,2003.6564239177046,11.049488054607508,138439.17797144782,3793323.019586938,920.0518804098673,16.323441451072075
2989,-121.790761,38.561104,0.0,0,34.77767562866211,0.3548622131347656,13.414634146341465,0.8130081300813009,2003.6564239177046,11.049488054607508,59674.87892882113,2662737.9309197725,914.6573227904751,133.67888015402278
2988,-121.791908,38.561125,0.0,0,33.91975402832031,0.3297739334714909,10.74561403508772,3.696741854636591,2003.6564239177046,11.049488054607508,53295.945677370735,2756496.41677918,912.006959802999,36.52432339065791
2990,-121.789614,38.561084,0.0,0,35.37924575805664,0.17627034010365605,3.7327478042659976,4.7992471769134255,2003.6564239177046,11.049488054607508,142673.48269655934,3563040.8107981444,928.1302556943573,233.12279751135694
2895,-121.780437,38.560411,0.76,1,33.56769561767578,0.749697667080909,34.50834879406308,0.0,2217.1204294558397,29.783393501805055,187100.83643287944,6841759.405563354,601.6451397190745,54.86650615445795
2897,-121.778142,38.560387,1.33,1,34.511070251464844,0.7249681282167634,,,17117.084967235616,29.783393501805055,,,560.5893566232626,53.50247904193381
2998,-121.780443,38.560919,0.0,0,,0.6830139318481088,10.440835266821344,2.877030162412993,2217.1204294558397,29.783393501805055,,,654.9694199767788,1.5736459753467544
2999,-121.779282,38.560901,0.0,0,34.33675003051758,0.7065939730188499,29.04040404040404,0.0,5070.253268836147,29.783393501805055,,,627.5399945726169,9.86668309924961
2996,-121.782734,38.560961,0.0,0,,0.5804479878861457,0.0,10.349586016559336,2217.1204294558397,29.783393501805055,,,747.8265765131447,2.0987074442929425
2997,-121.781588,38.56094,0.0,0,,0.6763842661166564,0.0,3.299256505576208,2217.1204294558397,29.783393501805055,,,695.8019884675929,1.5428697962327635
2991,-121.788467,38.561063,0.0,0,36.02867126464844,0.34480875195004046,3.822055137844612,2.161654135338346,2003.6564239177046,11.049488054607508,,,951.7575522313286,200.60648010175177
2993,-121.786173,38.561022,0.0,0,36.3670539855957,0.6757444071117789,8.349026993094789,0.0,2003.6564239177046,11.049488054607508,,,950.7211358117443,0.8845365844388068
2992,-121.78732,38.561043,0.0,0,36.43883514404297,0.4776841264683753,9.179197994987469,0.0,2003.6564239177046,11.049488054607508,,,985.0193469037805,100.74687054033075
2995,-121.78388,38.560981,0.0,0,34.33333206176758,0.7117338294629008,10.113378684807255,2.675736961451247,2217.1204294558397,29.783393501805055,,,808.7776105570406,85.74555429001308
601,-121.694933,38.538913,0.0,0,31.499794006347656,0.07906725723296404,8.208020050125313,0.0,581.2856561785818,8.475800626053456,,,878.9509746470249,30.828239800800926
703,-121.695881,38.539674,0.0,0,29.81812858581543,0.06385217630304396,0.0,0.0,581.2856561785818,8.475800626053456,,,760.7816832617474,115.51311222218527
596,-121.700484,38.53896,20.89,6,32.37480926513672,0.7369264683220536,,,1398.7924279971764,8.475800626053456,221053.24741215986,3120054.5725821657,635.8953014748676,87.55179552375321
599,-121.697042,38.538931,0.0,0,32.44658660888672,0.41283809451851994,0.0,0.0,581.2856561785818,8.475800626053456,194181.96547198703,4813259.916873626,762.8261658763083,33.72428297184561
600,-121.695895,38.538921,0.0,0,30.942657470703125,0.054765346576459706,7.940991839296924,0.0,581.2856561785818,8.475800626053456,,,823.0238385982246,34.57262773050556
597,-121.699337,38.538951,10.36,4,33.44464874267578,0.7430957714095712,,,1398.7924279971764,8.475800626053456,276727.28690530517,3615671.0812685518,665.9593440474749,87.77195679666791
598,-121.69819,38.538941,4.82,2,33.89241027832031,0.7250807306263596,,,1512.6590919502908,8.475800626053456,245465.290260699,3451358.175781675,709.0315182665995,33.50057326642115
700,-121.699322,38.539712,8.32,5,34.425621032714844,0.7441485293675214,,,2038.6640842470892,8.475800626053456,154552.60822022136,2735904.511735687,588.3576514819964,143.07413384693925
701,-121.698175,38.5397,4.09,3,34.33675003051758,0.7437799798790365,,,1512.6590919502908,8.475800626053456,261610.48677229945,4391847.38653332,636.9457903986441,110.40003996845566
702,-121.697028,38.539687,2.15,1,31.793745040893555,0.6724749758141115,,,581.2856561785818,8.475800626053456,129850.60154311899,4315062.5888415305,695.0858708468797,89.50786530372112
595,-121.701631,38.53897,6.48,3,32.24834060668945,0.730756793403998,,,1398.7924279971764,8.475800626053456,215318.77433637308,2136714.934867378,620.5099505355049,33.164071398040925
594,-121.702488,38.538979,25.15,2,31.510047912597656,0.6239880790235475,,,1398.7924279971764,8.475800626053456,196211.68690742337,1469488.6475653837,618.681014491498,33.26044459815298
698,-121.701616,38.539738,8.99,4,32.14580154418945,0.7497663630638272,,,1398.7924279971764,8.475800626053456,210922.99049673253,2658526.857776246,535.4440440209465,118.54397214718246
699,-121.700469,38.539725,14.75,9,33.72492599487305,0.7641303688287735,,,2038.6640842470892,8.475800626053456,127248.21263936028,2811115.0612527337,553.5867697217624,143.52906940469927
802,-121.700453,38.540626,22.02,11,33.59845733642578,0.7577015013666824,0.0,0.0,2038.6640842470892,8.475800626053456,202053.05066137091,3010552.513073883,457.8856816906542,217.42646230768847
806,-121.695864,38.540575,8.85,6,30.788846969604492,0.3225757443578914,,,581.2856561785818,8.475800626053456,306881.8244357005,3974629.8553414266,692.2964810620977,97.00394434625845
805,-121.697012,38.540588,9.21,7,32.33720779418945,0.730117793311365,,,1512.6590919502908,8.475800626053456,248221.12368310342,4423871.994819965,619.31532877893,29.448920512475937
803,-121.699306,38.540613,13.75,8,34.02571105957031,0.7571968660922721,,,2038.6640842470892,8.475800626053456,130039.99437223785,2099543.3692752416,499.35357775015177,168.4431887694771
804,-121.698159,38.540601,9.06,4,34.01887512207031,0.7652779021300375,,,1512.6590919502908,8.475800626053456,251054.58225355588,3709322.616856877,554.8582264273849,69.40020770468375
906,-121.69929,38.541514,12.82,6,33.140445709228516,0.756307695992291,2.0989505247376314,6.184407796101949,1512.6590919502908,8.475800626053456,173324.45811645166,2286266.493398047,415.34302673865335,115.82208279375939
905,-121.700437,38.541527,18.98,8,32.26543045043945,0.7646906843874604,0.4390090937597993,1.8187519598620256,2038.6640842470892,8.475800626053456,209531.72472795926,2446971.5050378717,364.5902082494474,124.31174406271994
908,-121.696995,38.541489,16.78,6,31.62967872619629,0.7494096766458824,0.0,10.786516853932584,1512.6590919502908,8.475800626053456,219672.0931813877,3692023.659845132,551.4508967138676,21.602821836427328
907,-121.698143,38.541502,7.18,4,32.49785614013672,0.7613584995269775,0.0,6.843575418994413,1512.6590919502908,8.475800626053456,336460.7201503174,4288834.318082478,477.8625722642784,77.55660501152983
704,-121.694918,38.539663,2.25,1,30.894805908203125,0.18423171492759138,12.115505335844318,0.0,581.2856561785818,8.475800626053456,,,821.2828770677489,31.66556311270072
807,-121.694901,38.540564,6.26,4,31.038362503051758,0.5585036689881235,8.394543546694647,0.0,581.2856561785818,8.475800626053456,359730.5219290914,2648928.5683969087,758.2831366712486,21.606188154304434
910,-121.694884,38.541465,7.64,3,31.680950164794922,0.7361669440288097,,,1512.6590919502908,8.475800626053456,368607.6525172734,3481319.7915552272,703.9511849279406,20.036268137140013
909,-121.695848,38.541476,5.5,3,32.09794998168945,0.7501627923920751,0.0,0.0,1512.6590919502908,8.475800626053456,257058.94188505193,3378365.785161364,632.2460637819663,91.81829687332855
697,-121.702482,38.53975,16.34,4,,0.7473372446838766,,,1398.7924279971764,8.475800626053456,180955.2589155945,1764427.9618495337,532.9794547136324,118.96430625099073
800,-121.702476,38.540651,27.06,4,,0.7270573475398123,0.0,3.75494071146245,1398.7924279971764,8.475800626053456,233287.9329424434,2731018.497856252,432.8289566603944,219.11779961587075
801,-121.7016,38.540639,1.89,1,31.810834884643555,0.7412422901252285,0.0,4.122011541632316,2038.6640842470892,8.475800626053456,216838.5683594641,3135207.8038014863,435.7898399527405,218.70801166306123
904,-121.701584,38.54154,11.95,5,31.739055633544922,0.7540932443225756,6.936597614563716,0.0,1983.6363273411569,8.475800626053456,162639.55599184238,1732972.8638866798,336.4386839931227,193.49558698895558
903,-121.70247,38.541552,14.83,3,,0.7428590266499668,5.797555625195863,0.0,1398.7924279971764,8.475800626053456,43651.03095962267,561642.8903475387,332.67847756537446,211.24635208356852
1008,-121.700421,38.542428,18.6,11,29.920669555664062,0.7431617040419951,23.226616446955436,0.0,1512.6590919502908,8.475800626053456,220326.94389942,1994971.868925156,276.1493572990356,60.813514212080634
1011,-121.696979,38.54239,13.04,7,29.862564086914062,0.7064275132725015,14.011938422871506,0.0,1512.6590919502908,8.475800626053456,317754.7724124451,4192123.3385503623,494.60779166440193,10.76952787147801
1009,-121.699273,38.542415,10.23,6,31.376745223999023,0.750109925866127,17.19824890556598,0.0,1512.6590919502908,8.475800626053456,206341.25575840153,2186745.9190268335,336.5803366122668,40.68535556065201
1010,-121.698126,38.542402,11.67,6,30.922149658203125,0.7256785370409489,26.856784706988407,0.0,1512.6590919502908,8.475800626053456,313842.11115337565,3694621.1889243387,411.1153664208612,16.16257632426546
1114,-121.696963,38.543291,6.31,3,30.535913467407227,0.6139569918159395,17.73182957393484,0.0,1994.5560352165826,8.475800626053456,244014.41419795758,3382538.711650819,453.0356933218282,62.53609568958774
1112,-121.699257,38.543316,18.8,6,29.900161743164062,0.6002371842041612,15.411173885750156,0.0,1994.5560352165826,8.475800626053456,,,271.83199250425434,28.527853708359206
1111,-121.700404,38.543329,23.59,9,28.840574264526367,0.5515673160552979,4.323308270676692,0.0,1994.5560352165826,8.475800626053456,,,195.24978154488238,35.639448448732054
1113,-121.69811,38.543303,28.79,9,29.79420280456543,0.6885737935081124,8.66437284954645,0.0,1994.5560352165826,8.475800626053456,204471.99630906383,3055942.2557149134,360.01419815034933,79.43228747098502
1217,-121.696947,38.544192,11.46,6,32.98663330078125,0.7466251030564308,7.926065162907268,0.0,2751.3465956648038,8.475800626053456,119363.8670980876,1720436.6160900097,431.17455347955314,143.8227488120772
1214,-121.700388,38.54423,15.18,8,29.657482147216797,0.7149429979035631,7.988721804511279,6.0776942355889725,1994.5560352165826,8.475800626053456,287005.5254367094,5128563.952572912,137.13562383174866,0.9885650758745971
1013,-121.694867,38.542366,6.88,2,32.637996673583984,0.7348059874493629,3.670337003670337,6.67334000667334,1512.6590919502908,8.475800626053456,215963.68859513817,8404291.103783848,660.4297229298953,25.005997838602223
1012,-121.695832,38.542377,8.2,6,32.33720779418945,0.7475351329194382,8.757062146892656,2.102950408035154,1512.6590919502908,8.475800626053456,255813.4153169779,7701317.080617434,583.3193407175831,5.590451123778354
1115,-121.695816,38.543278,3.68,1,31.718547821044922,0.6486408022465184,7.938500156887354,0.0,1994.5560352165826,8.475800626053456,221330.55992757107,5596981.175421648,548.5011490558114,22.847268262580627
1116,-121.69485,38.543267,10.04,2,31.342565536499023,0.7031350815668702,11.880877742946709,0.0,1994.5560352165826,8.475800626053456,199403.72953191248,2713544.3329953663,629.9632913138979,11.818986082922905
1006,-121.702464,38.542453,27.86,5,,0.7029047759715468,16.666666666666664,6.704260651629072,1512.6590919502908,8.475800626053456,189334.26094043767,1528512.1711083802,232.52801744347207,112.13468620546354
1007,-121.701568,38.542441,25.07,11,29.524179458618164,0.7385253943502903,9.398496240601505,0.0,1512.6590919502908,8.475800626053456,214309.01864696192,1777678.3780009318,237.77073681428723,128.45512649042004
1004,-121.70528,38.542889,41.57,1,27.394752502441406,0.6025801713112742,14.191729323308271,1.5664160401002505,1994.5560352165826,8.475800626053456,221567.69865031727,2850120.5074214377,297.33340773787467,18.88347438559868
1109,-121.702658,38.543396,24.09,6,28.03050422668457,0.639907515142113,10.93358395989975,0.0,1994.5560352165826,8.475800626053456,342914.25983013,4872654.921694039,128.95378850964084,5.981736063609769
1108,-121.703865,38.543426,22.02,6,29.014894485473633,0.634863861836493,17.930166719094053,7.172066687637623,1994.5560352165826,8.475800626053456,280147.921612388,3545398.5272824103,174.84914239008205,13.547243204633672
1110,-121.701552,38.543342,14.5,3,27.06662368774414,0.5232697990722954,7.954901346695897,6.232383338553085,1994.5560352165826,8.475800626053456,166656.51982407417,1748190.3651944997,141.22527667081312,38.110604440235
1107,-121.704996,38.543382,30.44,10,27.350318908691406,0.594905648380518,4.448621553884712,4.323308270676692,1994.5560352165826,8.475800626053456,229514.69589922702,3056931.0823673652,256.33591819633835,20.045550006491045
1106,-121.706141,38.543392,6.46,4,30.816190719604492,0.7438588722143322,7.714016933207903,2.916274694261524,1994.5560352165826,8.475800626053456,250102.66804467535,3293064.621430492,243.4859557209878,53.272805149184144
1211,-121.70383,38.544268,4.43,4,31.13748550415039,0.7327408066485077,7.988721804511279,0.0,1994.5560352165826,8.475800626053456,310757.93070272176,4649185.508396079,123.72938208031054,55.20072735561787
1216,-121.698094,38.544204,17.18,8,33.352359771728516,0.7456893326016143,14.25438596491228,0.0,1994.5560352165826,8.475800626053456,216244.3121602193,2931779.2065401706,332.0697097419806,92.44128171093168
1215,-121.699241,38.544217,8.8,7,31.086214065551758,0.7478122026659548,0.0,0.0,1994.5560352165826,8.475800626053456,284287.17426992406,3964742.8909879816,233.59075065331166,64.08812762762943
1218,-121.695799,38.544179,14.43,9,32.88067626953125,0.7623177079949528,8.174130911368618,0.0,2751.3465956648038,8.475800626053456,191109.26318266962,2494357.551205402,530.6629443440472,103.63661985560847
1318,-121.699225,38.545118,5.25,3,32.829402923583984,0.7216546242125332,20.86466165413534,7.236842105263158,1994.5560352165826,8.475800626053456,240285.88610239714,3375642.2550208177,234.5658354423109,88.81211284774837
1319,-121.698078,38.545105,2.64,1,34.11116027832031,0.7567853080108762,13.57210179076343,1.3509267986176563,1994.5560352165826,8.475800626053456,220773.72403476512,2825781.5398477265,333.16068316697283,173.6264615484439
1317,-121.700372,38.545131,20.81,13,32.32353591918945,0.7243544072844088,8.020050125313283,0.0,1994.5560352165826,8.475800626053456,286091.83710078197,5025684.8939853115,136.8823736477624,5.848434863551657
1320,-121.69693,38.545093,4.39,2,34.21370315551758,0.7549148594262078,10.6203007518797,0.0,3719.6316504270553,8.475800626053456,173391.28939830442,2593749.2551248455,432.1135198763407,203.53538238707685
1421,-121.699209,38.546019,16.07,8,33.59503936767578,0.7352377149509266,0.0,12.155388471177943,1994.5560352165826,8.475800626053456,218799.10389877376,3604328.4967684634,267.3571005788954,102.12016644572772
1422,-121.698061,38.546006,19.31,10,33.70783615112305,0.7389188450761139,8.834586466165414,18.38972431077694,1994.5560352165826,8.475800626053456,209058.13117883535,3245806.0169444764,358.06630425388386,191.35341308488788
1420,-121.700356,38.546032,17.69,8,34.07014465332031,0.7523985375883058,3.6677115987460818,4.137931034482759,1994.5560352165826,8.475800626053456,186786.84018614294,3057914.6423541303,186.42220543939428,58.82340353817011
1213,-121.701535,38.544243,6.12,4,29.698497772216797,0.7220953935757279,7.0913084405396924,0.0,1994.5560352165826,8.475800626053456,211078.45278498065,4291201.469717726,54.645557885628314,52.85843012638587
1210,-121.704977,38.544281,21.37,10,29.913833618164062,0.6996846667025238,12.87593984962406,0.0,1994.5560352165826,8.475800626053456,284283.69916080387,5403874.889936554,221.6459498742867,2.82058928654
1212,-121.702683,38.544255,7.81,5,30.761503219604492,0.7355124747846276,16.99059561128527,0.0,1994.5560352165826,8.475800626053456,261158.5330940429,4773111.782440509,37.923349200969824,26.95905350295501
1313,-121.704961,38.545182,14.65,3,31.489540100097656,0.7430168522987515,8.097928436911488,4.425612052730696,1994.5560352165826,8.475800626053456,277997.00901152205,5193502.620883858,136.3553190450889,2.2453469097514263
1316,-121.701519,38.545144,12.53,8,31.684368133544922,0.7413211358943954,19.35483870967742,0.0,1994.5560352165826,8.475800626053456,267285.7564684628,4231871.9924887465,45.11407119096243,54.943357314111346
1314,-121.703814,38.545169,10.27,7,32.57305145263672,0.74898703454528,11.215538847117791,3.258145363408521,1994.5560352165826,8.475800626053456,269738.9286888482,4640507.992733586,123.0223015458075,95.29437075609604
1312,-121.706108,38.545194,14.29,7,31.862104415893555,0.7318789968267083,3.283302063789869,3.283302063789869,1994.5560352165826,8.475800626053456,198433.05699355854,3914053.3228755724,146.57773830161338,11.28353440402258
1315,-121.702667,38.545156,10.71,5,31.54081153869629,0.7501627886667848,13.095238095238097,0.0,1994.5560352165826,8.475800626053456,263616.00388180075,4532222.875097057,35.2827369229362,50.33467255554221
1417,-121.703798,38.54607,14.84,6,33.08233642578125,0.7652645703637972,18.38719799184186,3.796673988076561,1994.5560352165826,8.475800626053456,233987.19209842448,4185057.2127800956,44.88719872739407,101.6119494930805
1415,-121.706092,38.546095,17.89,9,31.004180908203125,0.7231330731883645,16.78146524733876,3.068252974326863,1994.5560352165826,8.475800626053456,207953.11050451713,4167725.957151734,64.43852338540239,47.54225704825961
1219,-121.694833,38.544168,9.06,5,32.36455535888672,0.7465991408098489,3.954802259887006,0.0,1994.5560352165826,8.475800626053456,224637.54665111867,2822549.6411625803,614.4967434498611,19.56728916860339
1321,-121.695783,38.54508,8.69,6,34.582847595214844,0.7424908319953829,10.964912280701752,0.031328320802005,3719.6316504270553,8.475800626053456,184517.425370999,2672715.099409101,531.3443357454023,103.66839471024443
1322,-121.694816,38.545069,5.51,3,33.348941802978516,0.7519745199242607,11.27466332602568,0.7516442217350454,1994.5560352165826,8.475800626053456,173095.95469631715,2408765.975056776,615.1625032086058,19.473567906188194
1424,-121.695767,38.545981,13.75,6,34.476890563964844,0.7533114778343588,13.663428392353492,2.820432466311501,1994.5560352165826,8.475800626053456,236986.72220176243,2309796.7548435186,548.7332800784463,104.40353255320814
1419,-121.701503,38.546045,18.49,11,33.96760559082031,0.7378044581273571,2.8169014084507045,6.447574334898279,1994.5560352165826,8.475800626053456,133756.72586332707,2237733.926390465,134.06453277526262,62.9895566839697
1418,-121.70265,38.546057,15.9,9,33.64289474487305,0.7580867991782725,9.11654135338346,7.080200501253133,1994.5560352165826,8.475800626053456,208268.75401957528,3929827.944140798,130.96985639752606,50.150223933460346
1416,-121.704945,38.546083,21.98,10,30.31032371520996,0.7468888172879815,22.95854271356784,2.198492462311558,1994.5560352165826,8.475800626053456,237311.68575475446,4352207.828265857,36.192083614136344,10.427764882930493
1519,-121.704929,38.546984,2.88,2,30.987091064453125,0.5478339849505574,8.348968105065666,3.783614759224516,1994.5560352165826,8.475800626053456,,,0.0,34.597925712864246
1518,-121.706076,38.546996,21.1,11,30.870878219604492,0.6539472399745136,1.1278195488721805,1.3157894736842104,1994.5560352165826,8.475800626053456,,,0.0,9.678744062488091
1520,-121.703781,38.546971,8.98,2,34.02571105957031,0.7473900211043656,11.679748822605966,7.409733124018839,2717.0423855322215,8.475800626053456,83105.40359515809,1913273.0898011841,55.884503978216436,78.75688985635382
1521,-121.702634,38.546958,9.99,4,34.09407043457031,0.7465987489558756,15.09730069052103,5.4613935969868175,2717.0423855322215,8.475800626053456,85859.1000103807,1740740.0498699395,146.7165573190895,132.5066211100977
1522,-121.701487,38.546946,4.46,2,35.15024185180664,0.7451623125234619,16.51002506265664,3.101503759398496,2717.0423855322215,8.475800626053456,140861.62743650854,3132973.4762499114,232.32949713370385,144.09486288321347
1622,-121.704912,38.547885,17.29,6,32.86016845703125,0.7377912439405918,0.0,0.0,1388.2251746012103,8.475800626053456,92372.50100918562,3093555.166612788,59.4086257680807,5.720609715868681
1624,-121.702618,38.547859,14.02,7,33.74885177612305,0.7407300269696862,8.12676498274239,3.671164104173204,3275.174568497439,8.475800626053456,65178.83173101965,4479947.015108984,172.54022648198836,39.640575618210015
1425,-121.694799,38.54597,8.62,4,32.92169189453125,0.7380533972755075,13.314536340852133,3.508771929824561,1994.5560352165826,8.475800626053456,222216.12205962514,2790184.657967841,630.6858541209699,20.125204419911583
1527,-121.695751,38.546882,17.31,9,33.85822677612305,0.7309394190087914,10.147196993423114,2.380206702160977,3407.115298136113,8.475800626053456,89051.98840185793,1987438.98597865,580.8839681743556,104.22491668333886
1528,-121.694782,38.546871,15.01,4,33.208805084228516,0.7572101391851902,7.832080200501252,0.0,3407.115298136113,8.475800626053456,69045.46569033204,2205734.5657604365,659.2065998796854,19.918480254481068
1632,-121.693735,38.548207,0.0,0,,0.7295311838388443,14.008147916013789,0.0,,,24348.75492664387,1123996.1138640316,518.9729315246435,50.19525200746288
1423,-121.696914,38.545994,10.11,7,34.15559768676758,0.7248988384380937,9.15360501567398,11.880877742946709,1994.5560352165826,8.475800626053456,175779.40847090873,2383060.8749734825,452.63251821822917,204.2662944474601
1524,-121.699192,38.54692,9.47,5,34.82552719116211,0.7473636502400041,20.834640727957325,3.8908064010040793,2651.784800456536,8.475800626053456,53394.03919590183,1690338.7924898355,327.87434403743964,105.39300822895743
1525,-121.698045,38.546907,5.03,2,34.921234130859375,0.7524773852201179,10.93358395989975,8.302005012531328,2651.784800456536,8.475800626053456,137379.5797507656,2946484.258280026,405.1916023098544,106.68905916988301
1523,-121.70034,38.546933,5.89,3,34.81185531616211,0.7507579169468954,23.952470293933708,4.690431519699812,2717.0423855322215,8.475800626053456,144232.67819349671,3014338.324816255,265.98016769799807,113.16124108813256
1526,-121.696898,38.546895,15.04,6,34.72298812866211,0.7637569392099977,21.428571428571427,9.837092731829571,3407.115298136113,8.475800626053456,90225.08526862544,2847229.9863424264,490.7698113787889,117.1203546678156
1627,-121.699176,38.547821,11.57,6,34.19661331176758,0.7493040413828567,8.34378920953576,7.151819322459223,3407.115298136113,8.475800626053456,43874.28561037464,3772558.994600609,404.4106368802163,5.238244053001327
1626,-121.700323,38.547834,15.98,9,34.26839065551758,0.7401655457215384,7.798308800501095,3.7895396179141874,3275.174568497439,8.475800626053456,47583.28016358957,5383082.286360384,356.1284284729677,18.223286552294937
1628,-121.698029,38.547808,11.02,5,34.432456970214844,0.7484589089872316,14.595103578154426,6.74827369742624,3407.115298136113,8.475800626053456,39672.79181846117,4451266.221674762,469.27032335624705,6.530245630782533
1629,-121.696882,38.547796,11.87,6,34.452964782714844,0.7577147821430117,16.384711779448622,3.3834586466165413,3407.115298136113,8.475800626053456,42318.42106336704,3245880.25632931,544.884811527726,22.128264772492653
1730,-121.69916,38.548722,5.26,3,34.33333206176758,0.7358135060640052,0.0,0.0,5408.264226277473,8.475800626053456,63921.31840963835,2306286.787795715,488.4262488095432,94.91650135646516
1621,-121.70606,38.547897,4.84,1,32.48760223388672,0.7021118411794305,0.0,0.0,1388.2251746012103,8.475800626053456,113115.88334431523,3395924.8080994673,56.52362741237476,30.59423141906261
1625,-121.701471,38.547847,8.18,3,34.545249938964844,0.7343874890357256,0.1253525540582889,0.7834534628643058,3275.174568497439,8.475800626053456,60384.70129515894,6170180.644629918,268.3354733670454,43.94966134590547
1623,-121.703765,38.547872,16.21,8,33.90266418457031,0.7387614832259715,0.0,0.0,1388.2251746012103,8.475800626053456,104461.66674667741,2639900.107148832,85.63002323600743,6.8425404949405
1727,-121.702602,38.54876,13.74,7,33.06182861328125,0.7543845992768183,0.0,0.0,3767.7891414161663,8.475800626053456,,,226.950215331699,58.49177947965251
1724,-121.706044,38.548798,4.31,3,35.502296447753906,0.7440694516990334,10.087719298245611,3.352130325814536,4954.175270427778,8.475800626053456,66091.22901471582,4123574.5785414753,154.6721341184447,109.10752812929465
1726,-121.703749,38.548773,10.12,6,33.90950012207031,0.7394042374799028,2.8151391929934317,0.0,3767.7891414161663,8.475800626053456,95392.93732957295,2966100.556707848,168.971550031074,91.21221285817953
1725,-121.704896,38.548786,13.23,9,35.36557388305664,0.7414265932748094,6.71477878882962,4.7693755883275815,4954.175270427778,8.475800626053456,69842.51573785109,3338583.6408904046,157.15984158433275,84.31064967312851
1728,-121.701454,38.548748,18.81,7,33.66340255737305,0.7326493813889101,8.160703075957313,0.7532956685499058,3767.7891414161663,8.475800626053456,99436.3769264175,10315127.477570103,306.74347839873946,56.19841915333757
1827,-121.706027,38.549699,3.7,3,35.105804443359375,0.7244312204420567,19.924812030075188,0.0,1388.2251746012103,8.475800626053456,50218.032696260714,2864815.3935468295,253.00629262808633,25.042254911786728
1829,-121.703733,38.549674,0.18,0,33.60871124267578,0.7234575013862923,12.02889447236181,4.585427135678391,3767.7891414161663,8.475800626053456,,,263.86612756853583,83.10340384662967
1631,-121.69476,38.547775,22.9,7,32.617488861083984,0.7577944779768586,22.18740206831714,0.3447195236602945,3407.115298136113,8.475800626053456,73878.74404550108,3051967.1925725364,618.7383177232559,19.37577326981858
1630,-121.695734,38.547783,18.2,7,33.82062911987305,0.7532849907875061,16.786720952082682,3.1005324146570623,3407.115298136113,8.475800626053456,46958.607018226015,3426949.63610997,627.3371288538946,72.91085501434578
1735,-121.693424,38.548659,8.41,2,33.77277755737305,0.7410715075675398,10.07216818324443,5.961719485409476,2917.9531515748695,6.768121746095314,27500.057602674762,1210368.2543764433,466.698728655376,10.546038409231908
1733,-121.695718,38.548684,15.17,6,33.62580490112305,0.7347275095526129,5.699968681490761,3.319761979329784,1668.1274174298335,8.475800626053456,23991.173399767886,3920852.8657062426,636.9492271144597,10.81544149585952
1734,-121.694571,38.548671,8.75,3,33.99494934082031,0.7441484266892076,8.383045525902668,3.139717425431711,3407.115298136113,8.475800626053456,50442.22274399195,5379474.397705558,549.3768108484817,0.4454280001245708
1736,-121.692278,38.548652,6.73,4,33.81721115112305,0.7605997814098373,16.102756892230577,4.135338345864661,2917.9531515748695,6.768121746095314,42799.50215753892,1634814.447870614,391.76667176216864,9.337613133228675
1839,-121.69226,38.549546,16.46,7,32.85675048828125,0.7220565836178139,0.0,0.0,5078.478147079367,6.768121746095314,,,327.0775432587179,89.80501796885238
1837,-121.694554,38.549572,3.81,3,33.97102355957031,0.7004506888333708,0.0,3.3208020050125318,1668.1274174298335,8.475800626053456,,,504.8881214480038,11.561302255641486
1838,-121.693407,38.549559,21.85,10,33.04132080078125,0.6534784296527505,0.0,0.0,5078.478147079367,6.768121746095314,,,413.48988111549045,71.5020484380766
1942,-121.692243,38.550447,2.44,2,31.54764747619629,0.7364811757579446,2.165045497332915,0.3137747097583934,5078.478147079367,6.768121746095314,,,283.12011026587317,106.47131794925642
1731,-121.698013,38.548709,17.09,9,34.524742126464844,0.7293357519665733,0.0,0.6275494195167869,1668.1274174298335,8.475800626053456,61178.91513627513,2222292.716907587,544.3479329183903,93.62854901429499
1729,-121.700307,38.548735,12.33,6,34.09407043457031,0.7302481714868918,0.0,0.0,3767.7891414161663,8.475800626053456,79476.91731049513,10578704.219251813,395.46351706572005,74.15302980836358
1732,-121.696865,38.548697,11.87,9,34.03938293457031,0.7419124247971922,8.124215809284818,3.01129234629862,1668.1274174298335,8.475800626053456,,,610.8077348837727,66.41477847958608
1832,-121.700291,38.549636,8.89,6,34.82552719116211,0.7072868244722486,7.875745214935677,1.8512707875745216,3767.7891414161663,8.475800626053456,33592.674586133064,7548466.662198147,445.2823330967159,169.28684678793465
1836,-121.695702,38.549585,12.79,7,34.31624221801758,0.688903039554134,7.957393483709272,3.070175438596491,1668.1274174298335,8.475800626053456,,,599.0774754747283,102.40299960692501
1831,-121.701438,38.549648,8.01,3,34.531578063964844,0.7170606969157234,0.0,0.0,3767.7891414161663,8.475800626053456,77848.76324146293,9254371.324381609,368.39284152349853,141.11448251374475
1834,-121.697996,38.54961,9.81,6,35.410011291503906,0.6834931580815464,0.0,1.188242651657286,1668.1274174298335,8.475800626053456,61099.45408562428,2177777.9876828315,618.7580417189776,151.8919720086946
1833,-121.699144,38.549623,9.39,6,35.99790954589844,0.7259255290264264,0.0,0.3760576621748668,1668.1274174298335,8.475800626053456,61834.397615687594,2085123.8923946475,529.706428930167,173.11355828830702
1835,-121.696849,38.549597,10.56,3,33.96418762207031,0.6634084603283554,0.0,0.0,1668.1274174298335,8.475800626053456,,,653.8334290035025,130.6889124584261
1938,-121.696833,38.550498,4.19,2,34.05305480957031,0.7384991648141295,0.0,1.7845961177207263,1668.1274174298335,8.475800626053456,,,555.7179910626402,32.82093694611122
1830,-121.702586,38.549661,0.55,1,33.86506271362305,0.7453073107171804,8.502657080337606,4.063769928102532,3767.7891414161663,8.475800626053456,,,304.7633793532501,112.09748584490458
1828,-121.70488,38.549687,2.68,1,34.68197250366211,0.741873005987145,17.650753768844222,0.0,3767.7891414161663,8.475800626053456,88664.22079171728,2558101.134309275,256.3319947247961,54.108170601834715
1934,-121.701422,38.550549,7.74,5,34.627281188964844,0.7287103828275576,17.219787100814028,3.2874139010644963,3767.7891414161663,8.475800626053456,,,444.05037414747113,45.24839997741858
1930,-121.706011,38.5506,14.39,5,33.04815673828125,0.6497094000224024,19.02973395931142,6.040688575899844,0.0,,,,352.18246886159613,8.75240473197686
1933,-121.702569,38.550562,3.81,3,34.01887512207031,0.7191817947896197,14.970247416222987,0.0,3767.7891414161663,8.475800626053456,,,392.6409914881057,16.255821591709026
1932,-121.703717,38.550575,4.49,2,33.85822677612305,0.6960517895640805,20.05649717514125,0.0,0.0,,,,361.5438275451293,12.76197564401391
1931,-121.704864,38.550588,11.67,5,33.65998458862305,0.6433672300772741,10.557644110275689,0.0,0.0,,,,356.0462440407921,37.950147939122225
2037,-121.701406,38.55145,5.81,3,34.593101501464844,0.6643825672799721,12.937499999999998,0.0,0.0,,,,466.67712936862455,30.404567974074265
2033,-121.705995,38.551501,0.0,0,33.36261749267578,0.5310811108211055,0.0,0.0,1285.6151500818657,11.840268081541469,,,447.6222567048946,5.1201196405701035
2036,-121.702553,38.551463,4.68,4,34.596519470214844,0.6616324508795515,12.146892655367232,0.0,0.0,,,,485.1827878581112,0.8084889738108697
1939,-121.695685,38.550486,21.1,7,33.45148468017578,0.7180555621162057,5.900816070307595,2.8876333961079723,1668.1274174298335,8.475800626053456,,,576.2374124334535,11.389829040615485
1935,-121.700275,38.550537,3.21,2,35.447608947753906,0.7212658012285829,12.260295504558314,6.444514303678088,1668.1274174298335,8.475800626053456,,,509.8591718153513,74.64452349966906
1937,-121.69798,38.550511,3.84,3,36.2064094543457,0.7186504660639912,4.252657911194497,3.252032520325204,1668.1274174298335,8.475800626053456,,,541.3494079497389,54.02373885346814
1936,-121.699127,38.550524,0.04,0,36.848995208740234,0.7389321528607979,24.042686754551163,11.707470182046452,1668.1274174298335,8.475800626053456,,,536.407013527485,75.22535624308702
2040,-121.697964,38.551412,1.19,1,35.70737838745117,0.6830643154680729,0.0,5.994978028876334,0.0,,,,441.47786022408104,43.84446830704068
2039,-121.699111,38.551425,1.07,1,35.91929626464844,0.6601944734575227,7.1854408534672105,0.0,0.0,,,,436.27639022688675,22.643108538835676
2038,-121.700258,38.551438,5.11,2,34.75374984741211,0.6302280642557889,9.429824561403509,0.0,0.0,,,,440.7376341149735,20.826684059990804
2041,-121.696816,38.551399,5.35,3,34.05305480957031,0.7173316637054086,11.972491403563614,3.063457330415755,0.0,,,,458.5112053023461,65.06672544693103
2143,-121.697948,38.552313,1.35,2,34.480308532714844,0.5926716162357479,6.308851224105462,0.0,0.0,,,,341.77752007443087,22.89078396751791
2140,-121.70139,38.552351,0.0,0,35.73814010620117,0.45656939083710313,8.056426332288401,0.0,1285.6151500818657,11.840268081541469,,,374.91304070699556,65.2648081177934
1940,-121.694538,38.550473,10.19,4,33.49250030517578,0.7370050633326173,15.319548872180452,2.4122807017543857,0.0,,,,477.65826108151015,0.9528272765070105
1941,-121.693391,38.55046,0.13,0,33.133609771728516,0.7362716728821397,8.005003126954346,0.0,5078.478147079367,6.768121746095314,,,379.74859028525145,43.42164813015264
1943,-121.691096,38.550434,13.12,5,31.957809448242188,0.7376339742913842,0.0,0.0,5078.478147079367,6.768121746095314,,,190.0353307846914,44.13240879872926
2044,-121.693374,38.551361,15.4,8,33.49250030517578,0.7034805902512744,15.565299091763231,5.136235515189477,0.0,,,,370.73620526470614,34.27812201098444
2042,-121.695669,38.551387,22.55,6,31.718547821044922,0.6537251509726048,11.768407803650094,7.23725613593455,0.0,,,,492.8888937105216,86.40571923951869
2045,-121.692227,38.551348,6.17,3,33.09600830078125,0.7102927865926176,0.0,0.0,5078.478147079367,6.768121746095314,,,271.0119677191114,28.7168501823122
2046,-121.69108,38.551335,6.54,4,32.95928955078125,0.7397585290018469,8.283652337621588,3.074992155632256,1789.3122603084498,6.768121746095314,5000.0,5529981.653301259,171.44426806402018,17.91518836387659
2043,-121.694522,38.551374,8.05,4,32.761043548583984,0.703186247497797,20.70913084405397,7.593347976153122,0.0,,,,470.6043927682874,8.890969367449564
2146,-121.694506,38.552275,4.0,1,32.51836395263672,0.6673827857011929,19.00125628140704,0.0,0.0,,,,462.07896633338646,8.790225150290903
2148,-121.692211,38.552249,0.32,0,34.32991409301758,0.7446750337257981,18.11639549436796,0.0625782227784731,0.0,,,,294.62456208404035,49.01209727482727
2034,-121.704848,38.551489,0.3,0,32.802059173583984,0.2434321359032765,12.159197743654026,6.706361642118458,1285.6151500818657,11.840268081541469,,,455.953634158839,57.820624847459506
2035,-121.703701,38.551476,4.93,2,34.921234130859375,0.5689269846770912,19.41747572815534,0.0,36.93232349510694,11.840268081541469,,,460.27001260439175,28.51766110135239
2138,-121.703684,38.552377,0.0,0,35.34506607055664,0.4929177222074941,15.53398058252427,5.512057626057,1285.6151500818657,11.840268081541469,,,497.2575464436951,96.09845429924806
2139,-121.702537,38.552364,0.0,0,36.2132453918457,0.6031748384702951,13.063909774436093,0.0,1285.6151500818657,11.840268081541469,,,428.88387360565775,94.89645792744051
2136,-121.705979,38.552402,0.0,0,33.266910552978516,0.6031567893223837,8.04272698711907,0.0,1285.6151500818657,11.840268081541469,,,367.6982081514911,3.6716508335087474
2137,-121.704832,38.55239,0.0,0,32.47393035888672,0.06333869241643697,8.027594857322045,0.5957980558168705,1285.6151500818657,11.840268081541469,,,440.2763121538226,70.59434121148618
2242,-121.702521,38.553265,0.0,0,37.0062255859375,0.08970935130491853,7.988721804511279,0.5325814536340852,1285.6151500818657,11.840268081541469,,,356.0759440287289,80.07620427518724
2241,-121.703668,38.553278,0.0,0,35.79624557495117,0.5336738510522991,8.032632569814872,0.4392845936617509,1285.6151500818657,11.840268081541469,,,436.03248521213004,0.7636058153248497
2239,-121.705963,38.553303,8.01,5,32.655086517333984,0.6956701023736969,19.010335108048857,0.0,1285.6151500818657,11.840268081541469,,,300.17308959027434,9.707432838072007
2243,-121.701373,38.553252,0.0,0,36.62682342529297,0.11286436882801354,1.5413652091852783,0.0,1285.6151500818657,11.840268081541469,,,288.73512062092715,160.90955083488973
2142,-121.699095,38.552326,3.05,2,35.594581604003906,0.5423813650850207,15.538847117794486,0.0,0.0,,,,336.145785379879,6.086950914248533
2144,-121.6968,38.5523,0.86,0,33.39337921142578,0.6845027303788811,3.222778473091364,0.7196495619524406,0.0,,,,362.88897227247026,39.130879599554156
2141,-121.700242,38.552339,2.3,2,35.628761291503906,0.6153805950889364,16.958698372966207,0.0,36.93232349510694,11.840268081541469,,,342.101416208695,35.71630189168745
2246,-121.697931,38.553214,1.5,2,34.576011657714844,0.6786073020193726,8.581271531475101,0.0,36.93232349510694,11.840268081541469,,,242.43633620865725,73.04343444754026
2244,-121.700226,38.55324,2.8,1,35.68687057495117,0.6898813169682398,8.174130911368618,1.691199498903852,1285.6151500818657,11.840268081541469,,,244.70950825088389,131.38602884641935
2247,-121.696784,38.553201,5.14,2,33.81379318237305,0.6919332599500194,8.409162221524944,0.0,36.93232349510694,11.840268081541469,,,269.4020324310783,44.15086092304449
2245,-121.699079,38.553227,5.5,3,35.72105026245117,0.6628368832170963,11.403508771929824,0.0,1285.6151500818657,11.840268081541469,,,236.01519902048346,101.75727953142967
2348,-121.699062,38.554128,0.0,0,34.565757751464844,0.7480893289903179,0.0,1.4733542319749215,1285.6151500818657,11.840268081541469,,,135.88566685585567,68.29482104843436
2350,-121.696768,38.554102,0.34,1,34.24788284301758,0.7474560319678858,0.0,2.630754776072659,36.93232349510694,11.840268081541469,,,180.95564664450097,47.20700879181978
2349,-121.697915,38.554115,1.12,1,34.34016799926758,0.7372015762375668,0.0,3.164160401002506,1285.6151500818657,11.840268081541469,,,143.23381474117636,55.322295829457495
2147,-121.693358,38.552262,7.8,4,33.36261749267578,0.7190650396514684,19.39127706306872,0.0,0.0,,,,388.3452384781412,91.13405344167543
2145,-121.695653,38.552288,17.77,3,32.43633270263672,0.685917540686205,6.478873239436619,0.8763693270735524,0.0,,,,403.7155733028083,65.29174455308804
2149,-121.691063,38.552236,0.0,0,34.388023376464844,0.7373718954622746,26.635367762128325,3.286384976525822,1789.3122603084498,6.768121746095314,,,203.70687591769777,14.43834618991793
2248,-121.695637,38.553189,1.96,1,33.82062911987305,0.6542976147029549,13.004063769928104,0.0,0.0,,,,321.08985837448256,15.013745619358001
2250,-121.693343,38.553146,1.65,1,34.12483596801758,0.6881939920131117,20.86601819893317,0.0,0.0,,,,426.3923202191836,26.467070734739707
2249,-121.694489,38.553176,1.3,1,33.335269927978516,0.6930682589299977,14.88095238095238,0.0,0.0,,,,392.00710553344214,5.353725997335716
2251,-121.692194,38.55315,0.16,0,34.35383987426758,0.701728323707357,10.31347962382445,0.0,0.0,,,,336.2893451315049,55.892741462394845
2252,-121.691047,38.553137,4.38,3,34.391441345214844,0.734387488104403,12.195121951219512,0.0,0.0,,,,244.26476082101428,62.98682826149801
2352,-121.694473,38.554077,0.0,0,32.95587158203125,0.6262127591762692,4.973412574288395,0.0,36.93232349510694,11.840268081541469,,,335.41570629254016,14.600527452808244
2353,-121.693701,38.554051,0.27,0,,0.5952352294698358,7.579079235828375,1.5032884434700908,,,,,396.3784590625233,52.648642768448674
1750,-121.676379,38.548597,0.0,0,33.04473876953125,0.7533644766081125,10.450563204005006,5.287859824780976,1194.061973081495,6.768121746095314,179920.0850794495,5244274.557278403,972.7295180820735,243.29211751271035
1748,-121.678509,38.548604,1.32,1,31.031526565551758,0.7430957714095712,0.0,0.0,2037.0202703752423,6.768121746095314,166366.2863190591,4277482.476203572,792.8926405469066,64.57943387145951
1742,-121.685393,38.548629,17.37,9,33.08917236328125,0.7448725724825636,0.0,0.0,2917.9531515748695,6.768121746095314,116690.303477184,2925190.126143315,269.46939415070983,109.24304927604051
1739,-121.688836,38.548641,11.55,4,32.98663330078125,0.757436019484885,16.979949874686717,3.7593984962406015,2917.9531515748695,6.768121746095314,120019.20090000737,2479495.4716782565,228.974798931557,77.750107169376
1740,-121.687688,38.548637,14.95,7,33.44123077392578,0.7505991413490847,12.719298245614036,3.101503759398496,2917.9531515748695,6.768121746095314,111163.30383923245,2577011.4541311325,213.7191590845161,108.90999041890055
1741,-121.686541,38.548633,12.02,7,33.116519927978516,0.7538413165602833,13.182674199623351,1.098556183301946,2917.9531515748695,6.768121746095314,101990.2957674104,2525166.193981017,223.09133743090376,109.44040973351132
1737,-121.69113,38.548648,16.17,9,32.87042236328125,0.7559758011484519,19.542749765111186,3.194487942373943,2917.9531515748695,6.768121746095314,115070.87703967937,2726241.69963046,327.54677605439053,12.814742357674264
1738,-121.689983,38.548644,15.08,7,32.13896560668945,0.7316440739668906,25.09398496240601,0.6578947368421052,2917.9531515748695,6.768121746095314,93283.72654094743,1352381.292458248,268.377512479332,31.868720375521814
1843,-121.687671,38.549495,7.46,4,33.37970733642578,0.7550871707499027,15.627936110241151,5.606013153773881,2700.559982862197,6.768121746095314,52971.169864008436,1377755.0375526624,118.33516394063852,13.610367312029977
1841,-121.689965,38.549521,11.36,7,32.90118408203125,0.7392861417029053,8.333333333333332,3.978696741854636,5078.478147079367,6.768121746095314,109942.80793961426,2237654.6678184983,187.42490718393765,16.363469305506428
1743,-121.684246,38.548625,10.33,8,33.04473876953125,0.7450174319092184,0.0,0.0,2917.9531515748695,6.768121746095314,87154.30902263665,2182516.561870141,339.68714369615196,109.14166055913999
1745,-121.681951,38.548616,8.84,5,31.991989135742188,0.7479177622590214,4.926262943206777,1.6630059617194854,1194.061973081495,6.768121746095314,174685.17334390574,5116831.477933369,510.76905514895736,107.9857292139134
1744,-121.683099,38.54862,21.46,11,32.04667663574219,0.7440431276336312,0.0,0.0,2917.9531515748695,6.768121746095314,175442.60720117405,3790275.3345676074,422.07754901253173,108.80504057988813
1845,-121.685376,38.549469,5.43,3,34.01203918457031,0.7492379585746676,25.509883903357387,3.85942893002824,2700.559982862197,6.768121746095314,116613.20885341027,2882439.64275115,204.4236358476512,15.862735634089152
1847,-121.683081,38.549443,6.89,5,32.35088348388672,0.7657051107380539,10.74561403508772,3.226817042606516,1194.061973081495,6.768121746095314,126397.938783765,3378764.0926331477,385.0400455604063,17.30862319998677
1848,-121.681934,38.549431,6.32,4,32.49785614013672,0.7625039501581341,2.232704402515723,1.6352201257861636,1194.061973081495,6.768121746095314,138155.4173855026,3952899.311253974,481.00245925961025,17.379609630178283
1846,-121.684229,38.549456,8.35,3,33.91975402832031,0.7589372454676777,19.393181107288083,3.159211761025962,2700.559982862197,6.768121746095314,130453.54938237328,3123852.347841648,291.57947998708914,16.761751705899382
1849,-121.680787,38.549418,6.86,3,31.803998947143555,0.7502949538175017,8.782936010037641,3.2308657465495614,2037.0202703752423,6.768121746095314,168721.49361474844,4510796.83837948,578.310166234366,57.06435037112398
1948,-121.68536,38.55037,7.57,5,33.64973068237305,0.756679117679596,8.302005012531328,0.0,2283.008083606586,6.768121746095314,113356.2851319731,2749530.968176862,167.4773397554773,84.29768656187545
1749,-121.677362,38.5486,0.68,1,32.29961013793945,0.7553125974955037,0.0,0.0,1194.061973081495,6.768121746095314,177699.43284778585,4768006.18306438,889.4554924336768,162.08432934560577
1747,-121.679657,38.548608,15.13,5,30.30348777770996,0.741386795649305,6.892230576441103,0.0,1194.061973081495,6.768121746095314,162793.54920280562,4543231.5252881525,697.174066196375,35.91235699248458
1746,-121.680804,38.548612,10.46,5,31.54764747619629,0.7371884679887444,12.601626016260164,1.813633520950594,1194.061973081495,6.768121746095314,171287.9243730309,5241352.360810645,602.9079783603308,100.05157040630387
1851,-121.678492,38.549392,2.39,2,31.15799331665039,0.7503346364246681,0.0,0.0,2037.0202703752423,6.768121746095314,153340.25144157914,4162871.877547598,774.9625516757254,40.97276756185251
1852,-121.677345,38.549379,5.94,4,31.968063354492188,0.7488286445150152,3.2015065913371,2.3854362837413685,1194.061973081495,6.768121746095314,169114.76552045153,4526303.228364149,873.7827918657741,140.65173637413406
1853,-121.676364,38.549368,1.23,2,32.665340423583984,0.7421884645009413,9.079524107701944,4.19536631183469,1194.061973081495,6.768121746095314,192436.66030760822,6111295.622812935,958.470525879531,226.03184161091338
1850,-121.679639,38.549405,12.94,6,30.74441146850586,0.6152879405999556,0.0,0.0,2037.0202703752423,6.768121746095314,163283.71817538337,3994118.139688478,676.4479314957695,16.8680845688946
1956,-121.676347,38.550269,1.02,2,32.747371673583984,0.7554850599262863,5.083150298085974,3.85942893002824,1194.061973081495,6.768121746095314,164687.02318319463,4828634.759550867,951.3237360981902,244.52093335589603
1955,-121.677328,38.55028,1.48,1,32.39189910888672,0.7609191994415596,8.114035087719298,6.171679197994987,2037.0202703752423,6.768121746095314,151620.11409327498,3356599.3663916592,865.9338965911656,170.01986009067843
1953,-121.679623,38.550306,2.45,1,30.69655990600586,0.7262377074221149,23.99749373433584,3.7593984962406015,1973.8993684303869,6.768121746095314,172548.1357332149,3321494.719803454,666.1851195334893,9.297253193437976
1840,-121.691112,38.549533,17.79,8,32.33720779418945,0.7441221012268215,10.588972431077694,8.61528822055138,5078.478147079367,6.768121746095314,158199.45277099765,4014259.8678177954,250.79748402179806,85.41781335911585
1844,-121.686523,38.549482,11.89,5,33.09259033203125,0.7443853768054396,16.885964912280702,3.101503759398496,2700.559982862197,6.768121746095314,92944.79044057472,2142825.7657498587,136.0281166304937,15.05629479142576
1842,-121.688818,38.549508,14.26,7,33.63264083862305,0.7568649540189654,8.395989974937343,7.675438596491229,2283.008083606586,6.768121746095314,114468.5718312338,2169251.473277997,137.36546836074535,7.341288387407243
1944,-121.689949,38.550422,18.62,8,32.99005126953125,0.7198927982244641,7.70918207458477,7.270448135380758,1722.756896390565,6.768121746095314,70399.77257063583,5255419.259735241,109.52276341411418,36.33994830984213
1945,-121.688802,38.550409,24.44,9,31.803998947143555,0.7370312626007944,0.0,1.349231251961092,2283.008083606586,6.768121746095314,65246.6410397455,1509482.9590734798,47.23078483571012,91.46587364034583
1947,-121.686507,38.550383,18.99,11,32.56621551513672,0.7230811715126038,0.7829627309740057,0.0,2283.008083606586,6.768121746095314,84388.61952089096,2252509.789093463,69.10046587888661,85.10634011196332
1946,-121.687654,38.550396,14.44,4,30.795682907104492,0.7391287127975374,0.0,6.183301946013811,2283.008083606586,6.768121746095314,90280.0820722746,2134871.3898699204,18.172498677231605,86.46733179023947
2049,-121.687638,38.551297,21.5,5,27.408424377441406,0.1238967813551426,0.0,0.0939555277168806,1722.756896390565,6.768121746095314,,,0.0,55.40667682599455
2050,-121.68649,38.551284,6.28,2,30.963165283203125,0.40195940528064966,0.0,8.220897395669908,1722.756896390565,6.768121746095314,,,67.38644986188285,118.21979278356133
2047,-121.689932,38.551323,6.26,2,32.14238357543945,0.7274734342936426,0.0,4.102724710303789,1722.756896390565,6.768121746095314,38511.79881681651,6941807.945064066,72.62172479918951,45.384935208064356
1949,-121.684212,38.550357,2.77,1,34.20686721801758,0.75588293466717,8.364661654135338,1.3157894736842104,2283.008083606586,6.768121746095314,126537.31116203891,3387335.468779368,267.0444207542268,83.3991575738273
1950,-121.683065,38.550344,5.81,4,33.79328536987305,0.7269529460463673,13.968055120576262,3.1005324146570623,1194.061973081495,6.768121746095314,122031.02797613828,3544146.0004183296,366.7312508810263,82.85529000443601
1951,-121.681918,38.550331,3.25,3,33.35919952392578,0.742530326009728,16.228070175438596,3.164160401002506,1194.061973081495,6.768121746095314,153665.48081167883,4295506.2901769895,466.49209321619884,82.67315520759759
1952,-121.68077,38.550319,0.47,1,32.05693054199219,0.750308173825033,22.874176341386885,4.204581110762472,2443.2080361034987,6.768121746095314,159865.78798415375,3473512.964058774,566.3695861982864,46.376324846589945
2052,-121.684196,38.551258,15.83,10,33.171207427978516,0.7569977082312107,0.0,0.0,1722.756896390565,6.768121746095314,132186.74562515103,3133806.895991157,267.0952650947201,110.37014499840187
2053,-121.683049,38.551245,1.05,1,33.77619552612305,0.7362978984601796,0.0,0.0,1194.061973081495,6.768121746095314,151568.82261105056,3870457.2660384164,366.9497156648444,136.83089375172324
2055,-121.680754,38.55122,2.89,2,32.22099685668945,0.7587777378503233,6.420294393986846,0.0,2443.2080361034987,6.768121746095314,145435.32677863122,3677977.5867916974,566.7451663913345,89.04013709857136
2054,-121.681901,38.551232,0.74,1,33.311344146728516,0.76570511655882,0.0,0.0,1194.061973081495,6.768121746095314,147162.46452744782,3712759.7411518903,466.8912453204382,182.83815245905947
2051,-121.685343,38.551271,12.42,6,33.95051574707031,0.7514320546761155,0.0,0.5639097744360901,1722.756896390565,6.768121746095314,,,167.2408431548101,118.43238932382852
2155,-121.684179,38.552159,3.95,1,33.89924621582031,0.7485645200358704,0.0,2.819548872180451,1722.756896390565,6.768121746095314,87451.67037658197,3383139.3225535513,268.050038576657,17.882984553950127
1954,-121.678476,38.550293,6.12,4,31.783491134643555,0.747680296190083,13.122455371124332,4.102724710303789,2037.0202703752423,6.768121746095314,161768.11136845188,3715938.773952673,766.0122223953776,100.76674693185878
2059,-121.676331,38.55117,1.37,3,33.253238677978516,0.7521862314315513,32.620993086109365,3.142677561282212,1194.061973081495,6.768121746095314,166508.7177283498,5016620.174458468,951.7989595368556,214.32597429021104
2058,-121.677312,38.551181,1.77,2,33.05157470703125,0.7391680731670931,25.46992481203008,3.132832080200501,1973.8993684303869,6.768121746095314,154641.92802367595,4063963.6633866364,866.395907739323,129.47669801412266
2056,-121.679607,38.551207,7.87,6,31.103303909301758,0.7536028660833836,8.417085427135678,0.4711055276381909,1973.8993684303869,6.768121746095314,138834.5051686191,3713602.503039051,666.5997014358325,10.923133080892475
2057,-121.678459,38.551194,0.0,0,31.417762756347656,0.7690869291545823,12.847764926539543,3.219756173804314,1973.8993684303869,6.768121746095314,155451.04099437,4157241.039984739,766.5413155497484,34.003445642366465
2160,-121.678443,38.552095,1.07,1,32.13212966918945,0.7442013642285019,0.0,0.0,1973.8993684303869,6.768121746095314,152335.7343702693,4328909.214367803,767.402987321809,43.974102444424496
2161,-121.677295,38.552082,2.22,2,33.81037521362305,0.7591367514105514,0.0,0.0,1973.8993684303869,6.768121746095314,151085.26659633112,4308446.799818674,867.3434189495669,131.58953291135924
2159,-121.67959,38.552108,13.56,5,31.23660659790039,0.7421753092203289,0.0,0.0,1973.8993684303869,6.768121746095314,75874.29218635768,3105519.6539981994,667.5496336992225,36.32206374697264
2162,-121.676314,38.552071,3.83,5,33.280582427978516,0.7176292623626068,8.489974937343359,0.0,1194.061973081495,6.768121746095314,170146.38955674623,4825132.561924473,952.7454358410616,214.70598471515157
2262,-121.679574,38.553009,2.26,2,32.51836395263672,0.20525313005782664,0.0,6.203007518796992,1194.061973081495,6.768121746095314,73828.45278285099,3662696.8290027543,673.8181552834575,84.31539645841751
2048,-121.688785,38.55131,20.87,5,30.457298278808594,0.7399947792291641,0.0,2.380952380952381,1722.756896390565,6.768121746095314,199525.23880687146,3761327.9508095067,0.0,32.19494940241882
2152,-121.687621,38.552198,25.65,9,28.956787109375,0.7190644575748593,0.0,2.6595744680851063,1722.756896390565,6.768121746095314,101453.07705485146,2061825.978694598,0.0,9.476605676862183
2150,-121.689916,38.552224,6.25,4,32.87384033203125,0.7399685273412615,20.89739566990901,5.083150298085974,1789.3122603084498,6.768121746095314,76247.30345908378,6219543.990124642,112.99594296542553,36.116996020566646
2153,-121.686474,38.552185,6.07,4,32.24834060668945,0.710447114193812,0.0,3.104421448730009,1722.756896390565,6.768121746095314,60948.634232058,1638103.6064467346,68.25659394271328,18.056752525480405
2151,-121.688769,38.552211,24.73,11,31.301549911499023,0.7419391416478902,6.1697463200751645,1.4093329157532102,1722.756896390565,6.768121746095314,52889.648440299046,5210498.042640838,22.237732686441092,4.053393694705229
2254,-121.688752,38.553112,1.12,1,32.35771942138672,0.7370707934023812,14.088484468151863,4.832130530279259,1789.3122603084498,6.768121746095314,33013.9188251985,5478230.290131973,101.67568657379343,63.768565406086715
2256,-121.686458,38.553086,0.0,0,33.06866455078125,0.726601728820242,15.764779480763217,0.0625586487331873,1194.061973081495,6.768121746095314,110767.90953197086,1899542.730724675,113.95227011872728,82.10626823383815
2255,-121.687605,38.553099,9.14,4,33.01055908203125,0.7093157677445561,27.7168806764798,0.0,1194.061973081495,6.768121746095314,168709.7983382813,2502162.4935528436,91.20781094335409,81.9238794984992
2253,-121.6899,38.553125,4.99,3,33.62580490112305,0.7458869516849518,13.482086737900692,1.9170333123821497,1789.3122603084498,6.768121746095314,,,158.25142598716192,0.3207397202304586
2360,-121.685294,38.553974,1.5,1,33.52326202392578,0.739522316493094,5.185417976115651,4.619736015084852,1194.061973081495,6.768121746095314,,,254.77890052671563,75.05764436084753
2156,-121.683032,38.552146,5.93,4,33.46515655517578,0.747759445104748,0.0,2.447442736115469,1194.061973081495,6.768121746095314,160329.7953528738,4335399.871549326,367.9032791616761,83.1841987294336
2158,-121.680737,38.55212,2.94,2,32.02616882324219,0.7559094673488289,0.0,4.666457876605073,1973.8993684303869,6.768121746095314,160276.63157217018,4437075.893416154,567.6968955797965,124.97906287435666
2154,-121.685327,38.552172,3.85,3,34.75374984741211,0.7420701498631388,0.0,5.952380952380952,1722.756896390565,6.768121746095314,72488.20300650442,2910121.0058284556,168.10977724279672,18.268785063814967
2157,-121.681885,38.552133,0.74,1,33.311344146728516,0.7400735376868397,0.0,3.262233375156838,1194.061973081495,6.768121746095314,153887.61321816331,4095230.317765046,467.75654836237265,182.7833139022621
2260,-121.681868,38.553034,3.21,4,33.294254302978516,0.2882734334561974,8.612590040714062,3.632947071719386,1194.061973081495,6.768121746095314,191524.17225141416,5674929.710697545,476.69746547898364,204.15317493069685
2261,-121.680721,38.553021,3.11,1,31.400672912597656,0.21359020471572876,0.533082470994042,4.076513013483851,1194.061973081495,6.768121746095314,169901.78065180732,4686798.261082861,575.0262744816085,159.94226122103092
2259,-121.683016,38.553047,2.87,1,34.74691390991211,0.19727173820137978,10.776942355889725,0.281954887218045,1194.061973081495,6.768121746095314,175702.0593998548,5006525.890525527,379.0834208361462,122.86581828925138
2257,-121.68531,38.553073,0.0,0,34.68880844116211,0.6616696438286453,0.0,0.721681832444305,1194.061973081495,6.768121746095314,54146.23207745305,2004751.1887732043,191.37260057256458,81.89578035291673
2258,-121.684163,38.55306,1.78,1,35.23910903930664,0.34409208432771266,5.825242718446602,5.637331663012841,1194.061973081495,6.768121746095314,102208.00063421582,4416557.866987203,283.182745328124,81.61930037554214
2361,-121.684147,38.553961,0.0,0,35.15024185180664,0.19548660516738892,8.252274866645749,7.499215563225604,1194.061973081495,6.768121746095314,,,329.3469613938303,155.5481779460405
2265,-121.676298,38.552972,7.58,4,34.87337875366211,0.20099868113175035,0.0,0.0,1194.061973081495,6.768121746095314,,,957.1738602806081,217.54510330865193
2264,-121.677279,38.552983,0.0,0,35.133148193359375,0.20111750927753747,0.0,0.0,1194.061973081495,6.768121746095314,152430.17000389207,4542329.3556726435,872.1955362926749,136.66032914080205
2263,-121.678426,38.552996,2.64,1,34.996429443359375,0.24139843927696347,0.0,1.3530522341095028,1194.061973081495,6.768121746095314,145983.0850975749,3870110.1479340424,772.9584674046894,60.65855853085418
2366,-121.67841,38.553897,7.07,2,36.57213592529297,0.16446628840640187,13.1265664160401,1.3471177944862154,1194.061973081495,6.768121746095314,,,791.0129928771431,157.37282183914033
2367,-121.677262,38.553884,14.77,5,36.08335876464844,0.10462712682783604,12.59422110552764,1.7587939698492463,1194.061973081495,6.768121746095314,,,888.3129961514637,199.43276389374626
2365,-121.679557,38.553909,6.72,2,35.24936294555664,0.19888801709748805,15.878484184152835,0.0,1194.061973081495,6.768121746095314,,,694.5191078225323,172.30451700710123
2368,-121.676285,38.55387,16.82,4,36.2132453918457,0.14329844492021948,7.30178627389533,3.1024757129426512,1194.061973081495,6.768121746095314,,,971.4828822056911,261.11542016095916
2470,-121.677246,38.554785,0.0,0,35.574073791503906,0.7227568492526188,11.462574381459442,0.0,1194.061973081495,6.768121746095314,,,915.0897331507919,284.4547438739075
2469,-121.678393,38.554797,1.71,1,35.79624557495117,0.6867390574188903,11.21202630754776,0.0,1194.061973081495,6.768121746095314,,,821.0212316269507,256.6454013758658
2471,-121.676302,38.554766,6.39,3,35.72105026245117,0.7374767223373055,16.47353585969308,0.1252740369558409,1194.061973081495,6.768121746095314,,,993.0740683287554,328.2492641862856
2355,-121.690977,38.553845,6.65,2,33.75568771362305,0.6558915853966027,15.341264871634314,0.0,0.0,,,,281.5089383486085,81.67485163359171
2356,-121.68986,38.55397,1.89,1,33.37970733642578,0.6853618633467704,8.010012515644556,0.0,0.0,,,,227.90493000789718,42.145453519769084
2357,-121.688818,38.553799,10.8,2,32.03300476074219,0.6995825769845396,15.34358330718544,0.0,,,,,177.73072097244622,13.848335337430946
2358,-121.687543,38.553826,0.68,0,34.34700393676758,0.724755946197547,8.095387511766551,0.9727016002510198,1194.061973081495,6.768121746095314,,,172.09249432812967,31.901653052260514
2359,-121.686413,38.553946,0.0,0,34.69222640991211,0.7297397255897522,12.590040714062011,1.0335108048856874,1194.061973081495,6.768121746095314,,,199.8387728437345,46.93346072712204
2462,-121.685935,38.55445,0.0,0,,0.7163239850196987,16.3795803319762,2.505480739116818,1194.061973081495,6.768121746095314,,,267.8521616062896,4.967866632164963
2463,-121.685147,38.554535,5.47,1,32.679012298583984,0.7210843733046204,14.442013129102843,0.6877149109096593,1194.061973081495,6.768121746095314,,,311.2929898818945,54.917396687959354
2363,-121.681852,38.553935,3.98,1,36.62682342529297,0.28396396175958216,19.918571875978703,3.883495145631068,1194.061973081495,6.768121746095314,,,505.46337043330124,264.30739596785486
2364,-121.680704,38.553922,0.0,0,32.771297454833984,0.6387359763029963,11.34440614227515,2.287684111563773,1194.061973081495,6.768121746095314,,,599.1616527212192,223.95108887836966
2362,-121.682999,38.553948,0.0,0,39.515052795410156,0.0633113319054246,15.784528656435953,6.545568430942687,1194.061973081495,6.768121746095314,,,414.7693586257576,205.92005392071746
2464,-121.684078,38.554651,0.0,0,36.869503021240234,0.36026372015476227,6.66038328620798,6.314797360980208,1194.061973081495,6.768121746095314,,,382.624622537145,148.5522679010903
2466,-121.681835,38.554836,11.91,8,35.16049575805664,0.7399685273412615,0.0,6.827435014093329,1194.061973081495,6.768121746095314,,,551.2655553895966,342.6193425506843
2465,-121.682949,38.554773,2.1,1,37.248905181884766,0.6103038797155023,0.0,9.570128647631002,1194.061973081495,6.768121746095314,,,466.7026819454524,247.68991042411278
2467,-121.680688,38.554823,10.71,6,32.651668548583984,0.7302612103521824,0.0,0.5314160675211004,1194.061973081495,6.768121746095314,,,638.2011090436191,307.9235127461853
2468,-121.679541,38.55481,21.25,7,34.67171859741211,0.6483207653509453,22.002510985561837,4.927809165097301,1194.061973081495,6.768121746095314,,,728.4572217798901,266.13946236802366
2572,-121.678368,38.55569,17.82,8,33.06182861328125,0.72143523034174,13.115782867900846,10.197678067147788,1194.061973081495,6.768121746095314,,,861.949853633867,355.64006432624757
2573,-121.677229,38.555685,5.63,2,33.96760559082031,0.752967675216496,25.062656641604008,0.12531328320802,1194.061973081495,6.768121746095314,,,951.7413952642306,376.91532906731317
2574,-121.676326,38.555666,8.28,3,34.528160095214844,0.7333288235822693,8.14791601378878,0.0,1194.061973081495,6.768121746095314,,,1023.5391238372104,408.9201274770177
2571,-121.679487,38.555598,2.3,1,32.48076629638672,0.6007931960048154,5.430006277463904,8.851224105461393,1194.061973081495,6.768121746095314,,,770.7359904107376,350.40799306821356
2675,-121.678039,38.556204,41.33,1,32.09794998168945,0.675129926414229,4.990583804143126,5.900816070307595,1194.061973081495,6.768121746095314,,,913.645322441979,415.7225238087269
2677,-121.676333,38.556384,5.28,1,33.41046905517578,0.7197115579620004,42.59317256498591,9.646100845599747,1194.061973081495,6.768121746095314,,,1054.9955428801743,479.017667539463
2676,-121.677134,38.556302,32.53,6,32.757625579833984,0.6967021685559303,13.868842171320992,8.377784750549106,1194.061973081495,6.768121746095314,,,988.4437852561482,444.4222478738701
2570,-121.680609,38.555476,12.18,2,31.776655197143555,0.6226918718311936,0.0,2.162331557505484,1194.061973081495,6.768121746095314,,,679.4178194754338,368.98158420116965
2569,-121.681604,38.555369,21.56,0,32.16630935668945,0.6564421588554978,0.0,6.8652037617554855,1194.061973081495,6.768121746095314,,,600.4433589697761,375.0245873117844
2240,-121.704816,38.553291,0.0,0,33.00372314453125,0.6729000807972625,12.71531475101785,0.0,1285.6151500818657,11.840268081541469,,,385.68817457814964,26.267409851894147
2345,-121.702505,38.554166,0.0,0,35.23910903930664,0.10805603314656764,12.151581584716569,0.0,1285.6151500818657,11.840268081541469,,,299.5069748186652,42.06285261088314
2344,-121.703652,38.554179,7.56,5,33.93342590332031,0.6311154045397416,4.326018808777429,1.5673981191222568,1285.6151500818657,11.840268081541469,180106.92734844377,5635694.498451682,391.21508736487493,4.381757335663318
2346,-121.701357,38.554153,0.0,0,35.25961685180664,0.08982682705391198,7.706766917293232,0.0,1285.6151500818657,11.840268081541469,,,215.10870399880625,67.43635635230338
2343,-121.704799,38.554192,3.28,2,32.96612548828125,0.706286181230098,12.077596996245306,1.4392991239048811,1285.6151500818657,11.840268081541469,122419.3498827281,4129411.13144682,351.8419664924274,16.37013436662509
2342,-121.705947,38.554204,4.59,3,32.596981048583984,0.736769299255684,9.52679410842996,0.0,1285.6151500818657,11.840268081541469,138147.9418150089,4600971.018015726,255.090978626934,42.3289709946739
2448,-121.702488,38.555067,6.76,6,33.05499267578125,0.7261989051476121,0.3137747097583934,5.993096956385315,1285.6151500818657,11.840268081541469,145497.42540221204,4654158.568337549,269.51401023426797,54.812218607107354
2447,-121.703636,38.55508,13.56,10,33.355777740478516,0.7571704039582983,7.627383557361675,6.845889340418881,4101.03192817043,11.840268081541469,132977.66095043733,4471710.142683193,368.83574272954917,31.008438272479413
2446,-121.704783,38.555092,13.11,9,32.49443817138672,0.7575688731158152,16.541353383458645,0.0,3787.9617710183256,11.840268081541469,134422.47021147233,3806125.324326359,285.481102810876,85.75433900178584
2449,-121.701341,38.555054,6.42,7,32.624324798583984,0.6212364003295079,16.604010025062657,0.0,1285.6151500818657,11.840268081541469,134822.70416106094,3998056.062915056,171.00049744599292,29.459902929962087
2347,-121.70021,38.554141,0.0,0,34.20003128051758,0.658955916413106,0.0,0.3764115432873274,1285.6151500818657,11.840268081541469,,,150.9892177466136,91.41835364474481
2452,-121.697899,38.555016,0.0,0,32.88751220703125,0.7333679017610848,0.0,3.9486054528361016,1285.6151500818657,11.840268081541469,,,46.41333518094352,35.92749732520275
2450,-121.700194,38.555042,1.2,1,32.27910232543945,0.5196333501953632,2.380206702160977,0.0,1285.6151500818657,11.840268081541469,143599.8310146594,4168645.2549034744,76.01558170971295,4.2166656172062265
2451,-121.699046,38.555029,2.84,2,32.22099685668945,0.7276686752447858,0.0,3.914813654870028,1285.6151500818657,11.840268081541469,,,35.75511752273022,1.8234562714935232
2453,-121.696751,38.555003,1.63,2,34.05305480957031,0.7189610612113029,0.0,3.289473684210526,36.93232349510694,11.840268081541469,,,112.55910011201875,14.106150258575923
2454,-121.695604,38.554991,1.53,1,34.02571105957031,0.6856899298727512,0.0,1.9792648444863337,36.93232349510694,11.840268081541469,,,203.3286134464344,108.59465843845186
2553,-121.700177,38.555943,5.85,3,31.53739356994629,0.7082495415816084,18.865559385772485,2.7890943277969287,3273.9250070932467,11.840268081541469,189242.1030738753,5400829.904916695,93.87765530662043,38.384774438910654
2552,-121.701325,38.555955,5.41,3,31.978317260742188,0.7393779960693792,7.68748038908064,3.106369626608096,3273.9250070932467,11.840268081541469,133356.53588645006,3790556.222206764,179.6557958657829,17.48680966521608
2556,-121.696735,38.555904,2.98,3,33.92317199707031,0.7018817181233317,7.923582837456937,0.0,1285.6151500818657,11.840268081541469,,,87.26734076442298,23.993270553624512
2557,-121.695588,38.555892,0.0,0,33.58820343017578,0.7220175976399332,12.088944566238649,0.0,36.93232349510694,11.840268081541469,,,187.11811841635418,48.95977825901239
2351,-121.69562,38.55409,0.0,0,34.470054626464844,0.7403627459425479,0.0,0.0,36.93232349510694,11.840268081541469,,,251.6181942788535,110.7785002064078
2354,-121.69204,38.553718,28.42,4,33.51984405517578,0.661768943304196,14.559146532789455,0.094132412927518,0.0,,,,350.5050362512054,0.2644159519030483
2456,-121.693726,38.554956,3.42,1,,0.5656400511506945,3.132832080200501,0.0,,,,,362.73232473423997,44.08423966819794
2455,-121.694457,38.554978,1.9,1,32.53887176513672,0.4689708352088928,0.0,0.0,36.93232349510694,11.840268081541469,,,299.95168381529317,19.57413517469625
2558,-121.69444,38.555879,2.57,1,33.51642608642578,0.677928701043129,8.095387511766551,0.0,36.93232349510694,11.840268081541469,,,287.0576225315477,21.9047505877529
2559,-121.693738,38.555854,8.69,1,,0.6642041078303009,8.012519561815337,0.0,,,,,348.20304360844,39.25638408497791
2445,-121.705931,38.555105,4.82,3,33.43097686767578,0.7475219452753663,14.213994352055224,0.0,1285.6151500818657,11.840268081541469,132900.1746155561,3807402.838222833,215.05206160627733,44.86782953996621
2551,-121.702472,38.555968,2.53,2,32.617488861083984,0.7414130959659815,15.04535502033156,1.4388489208633095,3273.9250070932467,11.840268081541469,158370.5834188893,4459111.953747151,275.1066305639732,36.08038176912291
2549,-121.704767,38.555993,10.67,4,32.17998123168945,0.7450438535306603,8.12676498274239,0.0,3787.9617710183256,11.840268081541469,124719.72283612048,3582608.7774084657,238.0173891964662,76.69376285652646
2550,-121.70362,38.555981,10.29,7,32.41924285888672,0.7415577681967989,11.07981220657277,0.0,4101.03192817043,11.840268081541469,159329.93277798768,4260601.883803091,334.35662795885196,65.85866122496734
2548,-121.705914,38.556006,9.72,6,32.839656829833984,0.7321270416723564,9.45945945945946,0.0,1215.2493404943493,11.840268081541469,176455.76603991244,9412572.9618343,146.40203069361334,9.346775505061359
2652,-121.704751,38.556894,6.98,5,32.658504486083984,0.7529673057142645,15.34839924670433,0.0,2940.3898748090983,11.840268081541469,148445.00123935138,3908222.0642950535,220.90402935175604,42.66137112582169
2654,-121.702456,38.556869,6.11,3,32.54570770263672,0.733499044785276,12.1875,0.84375,3909.3049197206824,11.840268081541469,129531.82124311637,3664623.1338030607,295.30886668778794,49.18358941593545
2653,-121.703603,38.556882,2.71,3,33.08233642578125,0.7547689827624708,5.801191596111634,1.7560363750391974,2940.3898748090983,11.840268081541469,149656.09456696853,4444479.64470834,319.98377135284693,58.66831246184373
2651,-121.705898,38.556907,0.14,0,32.52178192138672,0.7571570288855582,7.829627309740056,0.0,12413.350784430419,11.840268081541469,151008.64003968547,11873611.94394405,121.89429178669742,53.59997452880534
2655,-121.701309,38.556856,3.07,2,32.15263748168945,0.7364158920245245,8.487896887771141,0.0,3909.3049197206824,11.840268081541469,148949.95945962385,4205087.965803191,195.8071934400813,54.03099967212541
2555,-121.697883,38.555917,2.55,1,31.448524475097656,0.6398340140003711,8.053901598245064,0.0,1285.6151500818657,11.840268081541469,,,0.0,6.498276222573754
2554,-121.69903,38.55593,7.41,4,30.72048568725586,0.7041846462525427,6.70006261740764,0.0,1285.6151500818657,11.840268081541469,189196.17992201247,4706629.673949181,3.757764049535126,32.87823093580108
2656,-121.700161,38.556844,3.04,2,32.00566101074219,0.7366252570645884,2.6357075619705053,0.0,3909.3049197206824,11.840268081541469,167302.11658727747,4678552.105549205,96.21087899146002,54.55025330998362
2659,-121.696719,38.556805,5.04,3,33.92317199707031,0.6809724869672209,13.868842171320992,0.0,1285.6151500818657,11.840268081541469,,,87.3323592605495,91.14234134586681
2658,-121.697866,38.556818,1.02,1,30.66579818725586,0.48899221792817116,15.53610503282276,0.0,1285.6151500818657,11.840268081541469,,,0.0,14.86901942017122
2657,-121.699014,38.556831,5.65,3,30.935821533203125,0.6803434381727129,17.131224553711245,3.131850923896023,1285.6151500818657,11.840268081541469,170521.559821304,4714980.463010035,0.0,38.541237497465715
2761,-121.69785,38.557719,0.0,0,31.62967872619629,0.5258329978678375,17.063243581715717,0.0,1285.6151500818657,11.840268081541469,,,0.0,5.769688304717147
2763,-121.695555,38.557693,0.0,0,33.07891845703125,0.6956062933895737,4.424223407593348,0.0,1285.6151500818657,11.840268081541469,,,187.3345912646969,104.08891442785726
2760,-121.698997,38.557732,3.38,2,31.728801727294922,0.6009940141811967,19.573400250941027,0.0,1285.6151500818657,11.840268081541469,134007.1402175991,3343861.927764546,0.0,20.982635181224516
2759,-121.700145,38.557745,2.76,2,32.702938079833984,0.752874580794014,10.16949152542373,0.0,3714.147920428506,11.840268081541469,124405.67340411215,3535027.759645611,89.41930726853323,16.007234639579806
2660,-121.695571,38.556792,1.89,1,33.99836730957031,0.44814133644104004,13.341684935797057,0.0,1285.6151500818657,11.840268081541469,,,187.2705625888364,40.92712661749958
2662,-121.693684,38.556648,0.0,0,,0.5316025514621288,17.908578584846587,0.0,,,,,351.72294467025637,41.74211523389722
2661,-121.694441,38.55677,0.0,0,33.68391036987305,0.7399422759190202,15.319548872180452,0.0,1285.6151500818657,11.840268081541469,,,285.65539265322485,2.333980998776318
2764,-121.694463,38.557682,5.77,3,33.314762115478516,0.6240171708632261,5.104917005950517,0.0,1285.6151500818657,11.840268081541469,,,282.39460863736645,9.052551550582095
2867,-121.694439,38.558583,0.0,0,34.01887512207031,0.5824983466882259,8.471917163476624,0.094132412927518,1285.6151500818657,11.840268081541469,,,286.37058470244835,5.965511226752205
2762,-121.696703,38.557706,0.0,0,33.304508209228516,0.7133309731725603,8.349026993094789,0.0,1285.6151500818657,11.840268081541469,,,87.39760054141392,96.75544410985688
2862,-121.700129,38.558645,0.29,0,32.774715423583984,0.7521464882884175,8.643908549953021,0.0,3177.8370944278067,11.840268081541469,113597.8009575573,4666074.304437209,80.51768289561694,42.279231383216775
2863,-121.698981,38.558633,2.86,2,32.01249694824219,0.7195562273263931,18.38719799184186,0.0,3441.8721401855037,11.840268081541469,103976.124153968,4188286.6396451485,0.0,53.69609880207105
2864,-121.697834,38.55862,6.69,3,32.09453201293945,0.7520406248513609,7.957393483709272,0.0,1601.7608207862352,11.840268081541469,140756.21754326572,4573758.207741057,44.74546356964298,17.575443458973982
2865,-121.696686,38.558607,1.73,1,33.201969146728516,0.7281763888895512,8.0625,1.21875,1285.6151500818657,11.840268081541469,,,97.48493762249323,6.5726484469631705
2965,-121.700112,38.559546,2.84,3,33.38312530517578,0.7510881891939789,10.787992495309568,1.125703564727955,3441.8721401855037,11.840268081541469,113804.03906436842,4507473.157562781,83.05094199441152,20.407414642207677
2968,-121.69667,38.559508,0.31,0,33.338687896728516,0.7601208091946319,12.965862824929534,0.0,1601.7608207862352,11.840268081541469,,,167.74004727617384,64.98469958264317
2967,-121.697818,38.559521,5.48,5,32.750789642333984,0.7530995944980532,2.980859742704738,0.0,1601.7608207862352,11.840268081541469,117701.135097437,4804388.129789924,77.23475951404423,44.72643019277291
2966,-121.698965,38.559534,6.34,6,32.93194580078125,0.7685918884817511,17.481203007518797,2.2869674185463658,3441.8721401855037,11.840268081541469,125428.10135632506,5139367.748205566,46.53188213211217,17.370981746431404
3071,-121.696658,38.5602,1.11,1,31.646770477294922,0.6973254132317379,3.451521807342328,0.0,1601.7608207862352,11.840268081541469,,,203.29006263727018,139.85116010875407
2866,-121.695539,38.558594,0.64,1,33.83430099487305,0.6050486885942519,4.643865704424224,3.012237213680577,1285.6151500818657,11.840268081541469,,,192.21392923115454,19.126453333976926
2970,-121.694416,38.559484,0.0,0,34.37092971801758,0.7334985733032227,0.0,0.0,1601.7608207862352,11.840268081541469,,,317.8030984875123,9.162714385286524
2969,-121.695523,38.559495,0.0,0,34.22395706176758,0.7502553059021011,8.096280087527353,0.0,1601.7608207862352,11.840268081541469,,,235.7284405936022,51.78504515392348
3070,-121.697806,38.560215,0.0,0,31.51688575744629,0.7169827815378085,8.455997494519261,3.1005324146570623,1601.7608207862352,11.840268081541469,77462.77761184318,3327674.620784691,137.97567676131777,117.23867761614136
3068,-121.700096,38.560447,0.0,0,31.715129852294922,0.4343167180195451,22.339991846718306,4.484304932735426,1601.7608207862352,11.840268081541469,165228.03694405584,6177071.380271718,162.1502501600327,118.49481882883619
3069,-121.699009,38.560283,1.56,1,31.944137573242188,0.5986541241873056,2.161654135338346,4.072681704260652,1601.7608207862352,11.840268081541469,120516.02415813087,4868427.063054937,129.76678638829083,100.13230235728378
3067,-121.701244,38.56046,0.0,0,32.682430267333984,0.16183138266205788,45.10978043912176,4.69061876247505,1601.7608207862352,11.840268081541469,113493.80853479209,4644008.276512055,223.6455433179336,128.03385855302022
3172,-121.699427,38.561325,0.0,0,29.483163833618164,0.042135632247664034,,,1601.7608207862352,11.840268081541469,,,245.58034019670632,218.95368918987936
3170,-121.701227,38.561361,0.0,0,31.773237228393555,0.04059300199151039,,,1601.7608207862352,11.840268081541469,,,283.4093919433585,134.57041518402102
3171,-121.70008,38.561348,0.0,0,30.481224060058594,0.04493991122581065,,,1601.7608207862352,11.840268081541469,,,256.4244665155965,176.70731200151036
3073,-121.694398,38.560171,0.0,0,32.59014129638672,0.6617939518764615,11.278195488721805,0.0,1601.7608207862352,11.840268081541469,,,359.1484703546312,11.502476667047747
3072,-121.695511,38.560185,0.0,0,31.807416915893555,0.735695693641901,12.660206314473276,0.0,1601.7608207862352,11.840268081541469,,,288.76897577308125,108.33219494191692
2541,-121.713946,38.556095,1.95,0,32.89776611328125,0.740362592972815,8.080175383651738,3.1005324146570623,2877.828295979665,30.447680690399135,120448.83213307722,4284154.596394096,125.8906287060552,66.53131690034064
2540,-121.715094,38.556107,14.1,7,32.34404754638672,0.7344137981999665,5.012531328320802,5.701754385964912,2877.828295979665,30.447680690399135,122141.38317133852,4046819.3261602223,225.02393417460982,42.695332407494114
2539,-121.716241,38.55612,8.97,4,32.685848236083984,0.7474427765700966,10.536218250235184,6.585136406396989,2877.828295979665,30.447680690399135,113021.28855297995,4067161.8937605903,324.5580210023821,46.63448808285722
2542,-121.712799,38.556082,8.01,3,31.954391479492188,0.7441616529831663,12.445141065830722,5.579937304075235,3137.6816257241976,30.447680690399135,108173.62164567986,4600866.784223832,32.32779450415145,17.442045232841778
2646,-121.711635,38.55697,12.21,6,30.190692901611328,0.6835815022932366,9.142141515341264,7.0444583594239205,1215.2493404943493,11.840268081541469,144741.4400001825,4080007.6391666397,0.0,1.9183923582795972
2644,-121.71393,38.556996,23.64,12,32.20732498168945,0.7360491157742217,7.641716254306295,3.194487942373943,2877.828295979665,30.447680690399135,104986.52678448657,2567331.067450683,124.00443252174638,26.44695671649042
2645,-121.712783,38.556983,25.93,10,30.843534469604492,0.7329759339336306,0.5639097744360901,6.265664160401002,2877.828295979665,30.447680690399135,73935.9988122478,2440902.794232922,24.155449734874544,21.30143767924457
2643,-121.715078,38.557008,18.86,11,32.651668548583984,0.7564935137052089,9.070935342121784,3.672316384180791,2877.828295979665,30.447680690399135,102609.37090223984,2543218.317286849,223.93812147637303,27.170769064397646
2747,-121.713914,38.557897,9.35,4,33.335269927978516,0.7467569562140852,4.926262943206777,5.051772827110135,1964.9876386358478,8.294736842105262,98525.01351877645,1946382.927791999,149.95161688886506,73.71459792080219
2745,-121.716209,38.557922,3.15,1,34.26497268676758,0.7282415308291093,0.0,21.944357611753677,1964.9876386358478,8.294736842105262,127526.1052327967,1989198.1706304206,159.1253820994496,72.63308293199336
2535,-121.720831,38.55617,0.34,0,33.54376983642578,0.14193265233188868,0.0,6.230432060112712,1534.7127642217258,30.447680690399135,,,461.67031278606356,179.55592684557166
2640,-121.71852,38.557046,14.87,9,34.24446487426758,0.7468624433968216,0.0,7.909604519774012,1534.7127642217258,30.447680690399135,47350.25996887894,3460904.255376142,270.28615185638506,58.151020470031554
2641,-121.717373,38.557033,13.34,7,33.48566436767578,0.7344136408064514,0.0,0.0313185092389602,2877.828295979665,30.447680690399135,113081.99136043787,3630969.0521161035,251.31567860601163,23.215299618321538
2638,-121.720815,38.557071,10.62,6,34.394859313964844,0.7486833343282342,0.0,0.8750000000000001,3134.4163146058418,30.447680690399135,43279.651914271795,2866540.6303510554,390.86018461794515,79.75134409527631
2639,-121.719667,38.557059,4.7,4,34.452964782714844,0.741386795649305,0.0,4.401131719585036,1534.7127642217258,30.447680690399135,36596.60930970894,2554304.91419031,320.7638286035021,87.97979609248978
2642,-121.716225,38.557021,21.15,8,32.55254364013672,0.750004205852747,0.0,1.3125,2877.828295979665,30.447680690399135,112077.91053060573,2737772.687605108,258.92069790914945,27.529881184727326
2742,-121.719651,38.55796,17.35,8,33.45148468017578,0.7542653216514736,0.0,0.0,3218.3847579247904,8.294736842105262,51612.36472050153,1619725.2742916786,250.19794045182056,11.850335677134936
2741,-121.720799,38.557972,0.64,0,33.64289474487305,0.7485777148976922,0.0,0.0,3218.3847579247904,8.294736842105262,94056.0924361236,2301982.061248459,335.3647405965625,20.05322206990777
2743,-121.718504,38.557947,15.76,7,34.15901565551758,0.7653045989573002,0.0,0.3765296517100722,3218.3847579247904,8.294736842105262,121723.65490177272,2747693.4673286807,180.97839347034977,3.6507665554376723
2744,-121.717357,38.557934,3.8,1,34.85970687866211,0.7562013575807214,0.0,8.600125549278092,3218.3847579247904,8.294736842105262,103833.9720563348,1948214.516718118,151.15191972408783,11.753776011393557
2649,-121.708193,38.556932,1.31,0,30.826444625854492,0.15839471307117492,8.066541117388574,0.0,1215.2493404943493,11.840268081541469,,,0.0,24.354449840332006
2650,-121.707046,38.55692,5.58,3,32.37480926513672,0.7412554174661636,9.75,0.0,1215.2493404943493,11.840268081541469,168953.78558792983,11174926.670812055,22.798275496394396,19.201006929256334
2648,-121.709341,38.556945,3.74,3,29.544687271118164,0.2514134511584416,7.923582837456937,0.0,1215.2493404943493,11.840268081541469,,,0.0,22.06610877722709
2647,-121.710488,38.556958,21.23,10,28.39623260498047,0.6484800823964179,7.673034763545256,0.0,1215.2493404943493,11.840268081541469,,,0.0,24.941866711371766
2750,-121.710472,38.557859,8.43,5,30.884552001953125,0.7245221358025447,4.327375352775165,0.940733772342427,1215.2493404943493,11.840268081541469,124846.0172036246,4138528.580052333,35.828546733604576,24.180434978212443
2749,-121.711619,38.557871,1.88,1,31.52372169494629,0.7553269010968506,0.0,3.75234521575985,2007.8720385138256,11.840268081541469,140685.50527307054,3771270.7237062915,75.06232376763799,51.54247009843288
2753,-121.70703,38.557821,3.48,3,33.46515655517578,0.7248208916280419,8.025078369905957,1.9122257053291531,1215.2493404943493,11.840268081541469,186319.3414445655,8667086.713207625,9.768144712290912,13.059488485465852
2752,-121.708177,38.557833,0.97,1,33.07550048828125,0.5312909747008234,8.489974937343359,1.4724310776942355,1215.2493404943493,11.840268081541469,,,0.0,44.99254212686175
2751,-121.709324,38.557846,2.95,2,31.998825073242188,0.6735516182379797,14.406514249921704,0.4071406201064829,1215.2493404943493,11.840268081541469,,,30.403873186528756,7.285787920521176
2856,-121.707013,38.558722,16.63,7,33.03106689453125,0.7279159957543015,20.833333333333336,5.263157894736842,1298.0287014272226,11.840268081541469,212351.66876011176,4797009.177691729,27.768801584692426,0.9222037227079999
2756,-121.703587,38.557783,2.13,1,32.825984954833984,0.7503743108827621,12.24105461393597,0.0,2940.3898748090983,11.840268081541469,128661.01212014376,4754530.377813919,261.9753494289378,5.80512585054881
2755,-121.704735,38.557795,11.56,5,32.791805267333984,0.7382238247664645,8.080175383651738,0.0,2940.3898748090983,11.840268081541469,141371.07113843216,4511748.013023678,206.5736251531437,0.5796418710278827
2758,-121.701292,38.557757,3.45,3,32.42949676513672,0.7491851320955902,8.005003126954346,0.0,3714.147920428506,11.840268081541469,167184.75307364698,4543180.456201995,189.12430984501546,13.509170717881696
2754,-121.705882,38.557808,1.12,1,32.90802001953125,0.749779588659294,4.505632040050062,0.7509386733416771,11324.285119384098,11.840268081541469,159803.10639391173,11920092.288416611,108.86295866254356,35.16224501899024
2757,-121.70244,38.55777,5.76,4,32.47734832763672,0.7434773804852739,7.983719474013776,0.0,3714.147920428506,11.840268081541469,130445.15887213279,3711490.5673699114,289.01419611608037,10.10023530640109
2858,-121.704718,38.558696,2.44,2,32.802059173583984,0.7559094682801515,2.254932665205136,8.769182586908864,1601.7608207862352,11.840268081541469,276821.03936041176,5090659.927804923,120.69509249683612,47.53474895988093
2857,-121.705866,38.558709,3.12,1,32.59355926513672,0.7607461700681597,18.221665623043208,7.952410770194114,1298.0287014272226,11.840268081541469,243055.43076416297,5002901.455196851,90.64213572171738,48.68627159367605
2861,-121.701276,38.558658,6.16,4,32.31669998168945,0.747192150563933,10.8125,0.0,3177.8370944278067,11.840268081541469,151948.2922006495,5346475.570864262,176.83527522244717,46.54359343310762
2860,-121.702424,38.558671,2.46,2,32.25859451293945,0.7395485662855208,11.299435028248588,0.0,3177.8370944278067,11.840268081541469,122479.62185121496,4462000.576349597,268.94067096046183,54.13040406873483
2859,-121.703571,38.558684,0.0,0,32.50469207763672,0.7540400541620329,8.080175383651738,0.0,1601.7608207862352,11.840268081541469,135796.89735385968,7316175.221760249,201.30284167200733,33.965020797183044
2748,-121.712767,38.557884,26.6,9,32.30986404418945,0.7199709939304739,8.239348370927319,3.6027568922305764,2465.379974684224,8.294736842105262,74661.88379322704,1768541.9263350263,87.52007527566221,13.720399404086665
2746,-121.715062,38.557909,14.61,6,33.73176193237305,0.7483665004838258,4.051507537688442,8.417085427135678,1964.9876386358478,8.294736842105262,134025.88706886346,2236921.1596568865,169.9645438985857,72.99219028759117
2848,-121.716193,38.558823,4.79,2,32.57988739013672,0.7529142964631319,0.0,3.978696741854636,1964.9876386358478,8.294736842105262,221970.33156601375,2940840.394709218,59.330082852010094,94.99455889646185
2849,-121.715046,38.55881,15.32,7,32.843074798583984,0.7431089348392561,0.0,1.8443263519849955,1964.9876386358478,8.294736842105262,208390.78008509366,2729856.6117987954,76.89117690900514,86.01422111650868
2850,-121.713898,38.558798,13.31,7,32.99346923828125,0.7552728711161762,8.377784750549106,12.896140571069973,1964.9876386358478,8.294736842105262,75018.00251291246,1595421.9204372063,138.385038167922,122.0341138912437
2852,-121.711603,38.558772,7.37,5,32.59355926513672,0.7433062449563295,8.36204196680238,3.2571249608518635,2007.8720385138256,11.840268081541469,139772.09112381548,4109521.67874386,144.27404991578325,67.56206412361907
2851,-121.712751,38.558785,20.11,6,32.84991455078125,0.7420832972275093,0.0,1.3801756587202008,2465.379974684224,8.294736842105262,144591.05282318455,2986388.4145782073,185.84349486099987,22.370405471455314
2951,-121.716177,38.559724,17.27,5,30.194110870361328,0.5829121690476313,16.88107938500157,6.840288672732978,1964.9876386358478,8.294736842105262,281263.6302613484,3419179.4333737,0.0,7.354207442728811
2954,-121.712735,38.559686,14.35,7,33.68391036987305,0.7559625341091305,37.79033270558694,9.761456371625863,2465.379974684224,8.294736842105262,131446.66608102893,2243153.544849683,210.42459845519446,20.220081812465462
2955,-121.711587,38.559673,2.48,2,34.12825393676758,0.7478649786207825,18.85374256185405,6.044472283119324,4744.348831532963,11.840268081541469,139443.62558823227,4163513.448498421,236.38857034457178,54.88198620088247
2845,-121.719635,38.55886,16.69,6,33.56769561767578,0.7450964534655213,0.0,0.0,3218.3847579247904,8.294736842105262,164812.13415279222,2772398.164634295,205.8759125557303,111.56954686578487
2844,-121.720783,38.558873,9.67,5,33.50617218017578,0.7531790472567081,8.064010040790711,2.9494822717288987,3521.69490514004,8.294736842105262,182343.85749628034,2913448.034497417,303.69876842809174,119.85777161990165
2846,-121.718488,38.558848,15.24,7,34.00178527832031,0.7625838974490762,0.0,0.0,3841.1247961735517,8.294736842105262,128129.4413578619,2368535.864922608,111.88095516447876,103.76166165355804
2847,-121.717341,38.558835,5.06,2,33.35919952392578,0.7506121976766735,0.0,0.0,1964.9876386358478,8.294736842105262,184032.31206164602,2636550.0485147294,50.98845934211135,4.557702376155514
2948,-121.719619,38.559761,24.75,11,33.106266021728516,0.7215249873697758,24.413145539906104,8.794992175273865,3218.3847579247904,8.294736842105262,146681.61558226525,2386933.5399544626,194.5587144833607,191.54733842871806
2947,-121.720767,38.559774,12.52,5,33.66340255737305,0.7368478775024414,17.073934837092732,4.824561403508771,3218.3847579247904,8.294736842105262,136624.9395311605,2410673.9012563177,294.12633350813667,219.66230454517824
2949,-121.718472,38.559749,22.23,10,33.07550048828125,0.7302872894797474,25.0,12.24937343358396,3218.3847579247904,8.294736842105262,142999.81349069378,2650578.0141834295,95.06988664116534,93.2309012707241
2950,-121.717325,38.559736,16.63,4,31.366491317749023,0.674189934739843,18.446601941747574,6.639523958659568,1964.9876386358478,8.294736842105262,188160.04400252437,2598612.997802291,0.0,9.874813774197527
3050,-121.720751,38.560675,6.75,3,34.13508987426758,0.7495285579934716,13.310366426558096,6.733479486376448,3244.8103750399086,8.294736842105262,146930.41331920266,2849436.794239959,285.57826083864194,264.91293362091153
3052,-121.718456,38.56065,6.01,2,32.92510986328125,0.7349891180638224,14.066416040100252,6.109022556390977,3247.6495216595663,8.294736842105262,200944.89561111596,3634896.099538946,86.52982447577402,81.43241950639843
2855,-121.708161,38.558734,1.63,1,35.064788818359375,0.7411503233015537,16.254306295020356,0.3445036016285625,1215.2493404943493,11.840268081541469,,,59.50324979850095,39.83856657952101
2854,-121.709308,38.558747,0.0,0,34.446128845214844,0.7536955924006179,10.54283024788202,0.0,1215.2493404943493,11.840268081541469,,,113.74723662100274,74.8804095374062
2853,-121.710456,38.55876,8.55,6,32.699520111083984,0.7295572499278933,0.0,0.0,3304.2713076148275,11.840268081541469,137108.35411174057,4064767.13611097,128.04692246931245,16.618943026775177
2957,-121.709292,38.559648,8.0,3,33.56427764892578,0.7206828721100464,16.05518971464409,8.717466290373158,3304.2713076148275,11.840268081541469,170388.6768348426,4265488.310681686,197.87166242661698,3.2358898240768075
2959,-121.706997,38.559623,7.09,6,31.670696258544922,0.751273337751627,16.071428571428573,7.236842105263158,1298.0287014272226,11.840268081541469,213439.36316267087,3126724.1418498755,89.78474719790508,42.15494357988136
2958,-121.708145,38.559635,0.54,1,33.93342590332031,0.734518256271258,19.905956112852667,6.206896551724138,1298.0287014272226,11.840268081541469,258076.04234692306,5043724.235252647,143.62833344489962,23.085856789382394
2956,-121.71044,38.559661,9.51,5,33.43439483642578,0.731540588894859,16.51031894934334,12.288930581613508,4744.348831532963,11.840268081541469,141648.50031157868,3773900.079709331,226.87334232535042,63.98990881697564
3061,-121.708129,38.560536,5.83,3,32.637996673583984,0.7402835807297379,5.367231638418079,0.3452605147520401,2777.936640627222,11.840268081541469,270295.8786511726,5108139.612140806,177.05526968155237,79.28042099702066
3062,-121.706981,38.560524,6.3,4,32.20390701293945,0.7319051048252732,8.080175383651738,0.0,3935.019263557662,11.840268081541469,222398.8788196914,3760986.3219663226,86.68917043806087,84.54076282318196
3060,-121.709276,38.560549,2.63,1,32.42607879638672,0.7214213097468019,7.53125,8.25,1601.7608207862352,11.840268081541469,164123.76696123637,3679712.514109039,271.0302913158326,11.807520694127914
2952,-121.71503,38.559711,9.18,5,32.781551361083984,0.7604534039273858,16.067521100343857,11.22225695529853,3646.696682711221,8.294736842105262,194647.86140588496,2685545.3267346034,17.002564577567547,14.226453577341452
2953,-121.713882,38.559699,6.91,4,33.87190246582031,0.7457024531904608,16.061365059486537,6.1991233562930494,3646.696682711221,8.294736842105262,133297.78720160743,2259111.7552785887,111.14030360213748,103.64141914848334
3056,-121.713866,38.5606,8.85,5,33.84455490112305,0.7547689825296402,1.15625,5.3125,1964.9876386358478,8.294736842105262,106194.17861998618,1929191.0827077865,130.55583799627158,122.53694946896914
3058,-121.711571,38.560574,9.78,6,33.46515655517578,0.7511410864535719,7.969877627863194,0.8785691873235018,3304.2713076148275,11.840268081541469,118524.96587040956,3243234.9624254387,329.59781340347223,34.7753864848005
3057,-121.712719,38.560587,17.17,6,32.679012298583984,0.7359574744477868,0.0,0.0,2465.379974684224,8.294736842105262,148272.95809859893,2526374.2835058193,230.0333513679019,23.843887301986527
3055,-121.715014,38.560612,16.85,7,32.802059173583984,0.7499249207321554,12.864763100094132,3.1377470975839343,4431.178481087426,8.294736842105262,93700.28722718946,1937623.5097519034,30.983700395523147,25.223724328537898
3054,-121.716161,38.560625,15.08,4,27.794660568237305,0.6547618890181184,18.1077694235589,0.0,1964.9876386358478,8.294736842105262,,,0.0,11.693216690189677
3160,-121.712702,38.561488,14.52,5,32.08427429199219,0.7060040617361665,19.668023802067022,1.9417475728155336,2465.379974684224,8.294736842105262,113124.31217457805,2012930.4491875416,238.66193153159526,17.202027745617613
3159,-121.71385,38.561501,7.76,7,33.42414093017578,0.7546629346907139,6.1991233562930494,4.477144646211647,1964.9876386358478,8.294736842105262,189446.74834266305,2671127.011377432,139.0988008266105,85.6009121640559
3157,-121.716145,38.561526,10.23,3,30.146259307861328,0.7355386475101113,9.583463827121829,3.9774506733479487,1964.9876386358478,8.294736842105262,,,0.0,29.363136244582382
2960,-121.70585,38.55961,4.55,2,31.451942443847656,0.7053631546441466,25.729526200188264,13.084405396925009,1298.0287014272226,11.840268081541469,255433.8958970028,4562931.167831614,0.0,0.0636825782743133
2963,-121.702407,38.559572,4.49,4,32.36113739013672,0.7215899234870449,16.6927654243658,6.670842467898528,1601.7608207862352,11.840268081541469,166124.0973430251,6169971.363393027,210.21612128280387,30.7998925350103
2964,-121.70126,38.559559,5.66,4,33.174625396728516,0.7479177622590214,8.061480552070263,0.6273525721455459,1601.7608207862352,11.840268081541469,133917.01706387094,5265837.187197075,174.96066202196036,43.126508768288346
2962,-121.703555,38.559585,6.84,2,32.21074295043945,0.7382763131754473,25.559780312632025,11.364596535699198,1601.7608207862352,11.840268081541469,149921.61112337012,7103176.572881221,127.47297229686619,19.965536319202187
2961,-121.704702,38.559597,0.0,0,33.277164459228516,0.7611987434793264,32.992327365728904,9.46291560102302,1298.0287014272226,11.840268081541469,211944.52288221422,3736660.9070820594,72.35031754203537,51.341256043145904
3063,-121.705834,38.560511,0.0,0,31.732219696044922,0.7144913114607334,0.0,0.0,1298.0287014272226,11.840268081541469,260243.87274283342,4865041.611524983,0.0,0.03017629380554071
3064,-121.704686,38.560498,1.13,1,32.38164520263672,0.6687011389294639,17.134928893513703,6.659729448491156,1298.0287014272226,11.840268081541469,204169.65891885414,3319228.4374536006,0.0,46.56333411538964
3065,-121.703539,38.560486,6.28,3,32.29961013793945,0.6716364717576653,0.0,0.0,1601.7608207862352,11.840268081541469,180921.28800306618,3324034.317944323,87.91073962855974,1.0519419779420776
3066,-121.702391,38.560473,1.46,1,32.679012298583984,0.0891888476908207,0.0,0.0,1601.7608207862352,11.840268081541469,91397.80010064947,3955235.642311146,187.6283020461064,61.93977160704078
3167,-121.70467,38.561399,5.08,3,30.887969970703125,0.7349629551172256,16.708385481852314,8.541927409261577,1298.0287014272226,11.840268081541469,303259.3059395929,6050399.05980348,11.064238146458237,19.858963584445238
3059,-121.710424,38.560562,10.45,6,33.157535552978516,0.7703185981372371,0.1880877742946708,3.072100313479624,3304.2713076148275,11.840268081541469,150390.4637661436,3983298.043932644,326.51580149974774,105.50779279422711
3163,-121.70926,38.56145,5.41,3,32.14921951293945,0.7221731937024742,7.72116286339481,4.03251015942482,1601.7608207862352,11.840268081541469,243885.01329231905,5003209.99986402,262.17787517336075,16.357207676752065
3165,-121.706965,38.561425,5.71,2,31.079378128051758,0.7501363570336252,9.758393473486036,12.770630687166614,2777.936640627222,11.840268081541469,293233.6322076913,5310180.312296569,66.56869021512236,72.63546337979751
3164,-121.708112,38.561437,3.34,3,31.462196350097656,0.6926061308477074,19.38615721891638,5.668650172251801,1298.0287014272226,11.840268081541469,269978.89772666094,5145831.954998736,163.06305544338804,114.04059124252883
3162,-121.710407,38.561463,8.14,5,32.603816986083984,0.7364549862686545,9.978035770316913,0.0,3501.158554487074,11.840268081541469,185703.97109159984,4373143.740289678,361.656000323889,82.53550769390397
3267,-121.708096,38.562338,0.88,0,30.112077713012695,0.5689039269927889,15.0,7.124999999999999,1298.0287014272226,11.840268081541469,303835.64182196086,6040976.266262083,204.75425686143973,122.78342357744454
3268,-121.706949,38.562326,0.0,0,27.350318908691406,0.4996127283666283,21.453178828687754,0.0,1298.0287014272226,11.840268081541469,303072.2181462232,6006081.221104339,131.07966631074714,152.2950648606132
3264,-121.711539,38.562376,1.12,1,32.33037185668945,0.7448857286944985,14.15596617601002,0.0,3833.7474102695974,11.840268081541469,163791.91263926058,3973291.8572160355,347.3024150175304,65.7934303978843
3265,-121.710391,38.562364,5.96,4,32.692684173583984,0.7620776353869587,14.357524348099275,0.0,3833.7474102695974,11.840268081541469,142280.3310847826,3393576.9813873856,382.2971251346349,76.98752750950975
3266,-121.709244,38.562351,7.96,4,31.735637664794922,0.7296093835029751,7.752667922159448,0.5963590709353421,1601.7608207862352,11.840268081541469,209219.71456313189,4323256.008165769,289.9700419900564,22.854417881247816
3051,-121.719603,38.560662,17.81,8,33.64289474487305,0.7450174281839281,12.832550860719872,5.446009389671361,3247.6495216595663,8.294736842105262,147893.82692071825,2585184.3387607466,186.01466702450605,179.32330903050274
3053,-121.717309,38.560637,11.09,4,28.638912200927734,0.5451493300497532,17.914187284685248,6.92139054181021,1964.9876386358478,8.294736842105262,204603.47011263354,2811666.8927354063,0.0,4.345457677234822
3153,-121.720735,38.561576,15.78,8,34.16585159301758,0.7562809737864882,8.529319535904673,3.731577296958294,2662.710813292742,8.294736842105262,205118.24150764526,3322187.622526998,282.67147372714044,166.5389082944336
3154,-121.719588,38.561563,10.57,5,33.87873840332031,0.7455970442388207,6.702160977137488,6.670842467898528,3218.3847579247904,8.294736842105262,144846.88066397206,2402543.4833576013,183.23997609906735,167.1767911338124
3156,-121.717292,38.561538,16.13,6,30.047136306762695,0.7171249026432633,10.166300596171949,6.181361782240352,1964.9876386358478,8.294736842105262,125633.810931871,1993559.0050046935,0.0,21.399912516459214
3155,-121.71844,38.561551,14.78,8,33.05841064453125,0.7348844690714031,1.252740369558409,3.4137175070466643,3218.3847579247904,8.294736842105262,97486.35498885678,2043220.9213302904,84.09143388430985,96.45777552053788
3259,-121.717276,38.562439,17.23,9,32.607234954833984,0.7337076812982559,15.830721003134796,0.0,2662.710813292742,8.294736842105262,181345.34041868392,2789079.201289859,69.77216569234413,71.1641411997615
3260,-121.716129,38.562427,4.81,2,32.679012298583984,0.7382893750909716,10.93358395989975,0.0,2662.710813292742,8.294736842105262,112020.27794446632,2079175.2944317083,57.11535808897393,55.612672670758144
3255,-121.721867,38.562489,6.46,4,33.44806671142578,0.7484985052142292,8.043818466353677,0.0,3842.8430126516223,8.294736842105262,130921.82479363927,2946742.7405432924,312.48574438020745,63.39365856426684
3256,-121.720719,38.562477,12.3,5,33.249820709228516,0.7466514692641795,8.411801632140616,5.14752040175769,2662.710813292742,8.294736842105262,175096.497772426,2994709.816531017,257.75108415829015,73.19229873551093
3166,-121.705817,38.561412,9.94,5,29.85914421081543,0.703109476948157,9.649122807017545,9.774436090225564,1298.0287014272226,11.840268081541469,262756.8946082328,4956773.15870006,0.0,14.035442582025532
3169,-121.702375,38.561374,0.0,0,33.90266418457031,0.04134969844017178,,,1601.7608207862352,11.840268081541469,,,183.79987354701643,98.47674382557284
3168,-121.703522,38.561387,2.81,2,33.191715240478516,0.6257848695386201,15.61749159058145,6.823642479577126,1601.7608207862352,11.840268081541469,279774.43860767264,5733450.972167327,84.97379838428262,1.3595860602420602
3269,-121.705801,38.562313,4.56,3,27.845932006835938,0.724665010580793,15.657358016943837,10.354565422026983,1298.0287014272226,11.840268081541469,230820.17703070046,3096995.4839883307,80.27937823679977,107.36411223059875
3273,-121.701211,38.562262,0.0,0,32.05009460449219,0.13311497413087636,,,1601.7608207862352,11.840268081541469,,,306.21488380094394,36.99434790358563
3272,-121.702359,38.562275,0.0,0,33.86164474487305,0.22799324395600706,0.0,0.0,1601.7608207862352,11.840268081541469,,,216.9840777668823,45.30623897135415
3270,-121.704654,38.5623,0.75,0,28.779050827026367,0.5526103833690286,16.536172878170998,7.015346069527091,1298.0287014272226,11.840268081541469,309246.1123206413,5529686.982058709,88.94017281045296,75.66459627514429
3271,-121.703506,38.562288,0.0,0,32.812313079833984,0.6424489808268845,28.6875,8.09375,1601.7608207862352,11.840268081541469,295851.49480423453,6518944.508188662,142.01394733653285,2.731854710789748
3373,-121.704638,38.563201,6.84,3,29.85230827331543,0.7443458853522316,9.381863821775966,11.797929086915596,1298.0287014272226,11.840268081541469,317278.25967109605,5802544.826142865,182.476428540903,78.27571483277332
3372,-121.705785,38.563214,0.0,0,29.589120864868164,0.5617457539774477,24.560301507537687,0.0,1298.0287014272226,11.840268081541469,327906.4034862939,6158413.713457392,179.0008095341197,124.95968329241829
3161,-121.711555,38.561475,5.04,2,32.48418426513672,0.7543713415507227,19.45488721804512,0.0,3501.158554487074,11.840268081541469,184438.23002621596,4231275.973643453,338.13834481894423,73.09582447939766
3158,-121.714997,38.561513,17.49,12,32.95587158203125,0.7546629346907139,9.90254636906633,0.9116629990569004,1964.9876386358478,8.294736842105262,209605.65730485806,3035033.3867644384,39.61466590017789,31.906686365655485
3261,-121.714981,38.562414,7.7,4,34.408531188964844,0.7553258559200913,16.2229877857814,0.0,2662.710813292742,8.294736842105262,146253.30188087627,2360771.8594408105,66.88439477998901,46.43208508110261
3263,-121.712686,38.562389,10.81,4,33.09942626953125,0.7320356518030167,3.0378953961791417,6.232383338553085,2465.379974684224,8.294736842105262,97363.16401218837,1598042.9984000942,248.942647387457,20.34323830618858
3262,-121.713834,38.562401,8.43,3,34.545249938964844,0.7646639980375767,2.9799247176913424,2.258469259723965,2465.379974684224,8.294736842105262,167712.15931723136,2698232.4401709437,152.40624978124785,44.00061625041322
3366,-121.71267,38.56329,12.63,8,33.60871124267578,0.7388926008716226,16.18153364632238,0.5320813771517997,2465.379974684224,8.294736842105262,143444.14533153764,2169151.1755857742,286.5157282499395,0.984103229046928
3367,-121.711523,38.563277,6.76,6,33.123355865478516,0.757263251580298,6.952709051049171,4.259317256498591,2984.779821099827,11.840268081541469,146742.3754584893,3325223.7808556044,375.1342086736369,51.04635407535281
3364,-121.714965,38.563315,11.71,6,34.627281188964844,0.7420701498631388,12.593984962406015,0.0,2662.710813292742,8.294736842105262,210786.29450292955,2981351.5838519526,156.82262879729237,24.860555801149005
3365,-121.713818,38.563302,10.83,8,33.68391036987305,0.7587245723698288,8.991228070175438,0.0,2465.379974684224,8.294736842105262,207491.91472007643,3722583.3417110983,208.17264395226198,37.35695908682778
3466,-121.716097,38.564229,0.0,0,32.89434814453125,0.7614117572084069,11.455399061032864,0.0,3785.602208648283,12.2431055682417,209778.60852365883,4719341.641236886,238.6287159873421,38.78763888782796
3258,-121.718424,38.562452,14.39,9,33.328433990478516,0.7457420142600313,9.227400688145137,0.0,2662.710813292742,8.294736842105262,158249.71561730333,2631594.0359966047,114.19043213987219,86.48217639335451
3257,-121.719572,38.562464,14.81,8,33.49250030517578,0.7471262032631785,2.3175696836830566,5.512057626057,2662.710813292742,8.294736842105262,153012.05456329015,2440576.8968932745,200.8319489531666,73.4060133046848
3361,-121.718408,38.563353,9.1,3,32.819149017333984,0.7481025196611881,6.670842467898528,3.6955840901973063,2662.710813292742,8.294736842105262,184464.42168771775,3062456.485708448,163.19256898467034,0.08177454668693135
3362,-121.71726,38.56334,9.64,5,33.04815673828125,0.747099825181067,16.05748203686348,0.0,2662.710813292742,8.294736842105262,139187.22933243247,1904603.8397802748,169.12080554392466,0.012619808018552928
3360,-121.719556,38.563365,5.43,3,32.50127410888672,0.7494889275403693,0.5649717514124294,4.143126177024483,2444.62598788832,12.2431055682417,110873.7707440495,2904020.9690723494,134.94837703780726,5.0617177393689525
3359,-121.720703,38.563378,5.97,3,32.52861785888672,0.7506254181498662,3.9774506733479487,4.16536172878171,2444.62598788832,12.2431055682417,157485.42043517056,6594438.437681467,171.49090357569722,8.848592338128507
3363,-121.716113,38.563328,8.32,5,33.201969146728516,0.7153686368837953,11.358644493253845,0.0,2662.710813292742,8.294736842105262,87992.26911206337,1532843.3951946604,156.46415244269556,12.36451175383975
3463,-121.71954,38.564266,9.71,5,31.075960159301758,0.7444643685594201,9.896648919511431,0.0,2444.62598788832,12.2431055682417,147644.56127311478,5176797.439456983,35.19724982040229,15.669414250804483
3465,-121.717244,38.564241,6.97,6,32.33378982543945,0.7572101391851902,7.752422632072522,1.312910284463895,832.6164254632198,12.2431055682417,237687.16128073627,4641873.543857503,157.74901658238008,24.34666526677987
3462,-121.720687,38.564279,1.78,0,32.54912567138672,0.7501760177547112,14.437832759160663,6.608205449420608,2189.952325398944,12.2431055682417,190050.8322973971,6265020.999540892,110.28132160888683,3.7071456255478616
3371,-121.706933,38.563227,0.86,1,31.62967872619629,0.7290494857588783,11.333750782717596,5.134627426424546,3725.4823751984027,11.840268081541469,274152.83822899224,4846189.806292367,212.0457709712157,111.32488985832146
3369,-121.709228,38.563252,6.33,4,32.55254364013672,0.7295572499278933,15.662272441933458,0.0,1601.7608207862352,11.840268081541469,216046.79768613377,4639360.583228113,345.678417132597,23.401314394356344
3370,-121.70808,38.563239,4.06,3,32.20390701293945,0.7189350724220276,16.426783479349186,2.3153942428035044,3725.4823751984027,11.840268081541469,252857.27475670492,4203892.161083239,272.45614076862637,98.12144695732417
3368,-121.710375,38.563265,18.07,10,32.93194580078125,0.7461768856737763,9.614782336360788,0.0,2984.779821099827,11.840268081541469,169439.99625757622,3657017.200383903,426.1134632739604,73.06835327740986
3473,-121.708062,38.564138,1.14,1,34.538414001464844,0.6307616834528744,17.696893630373392,0.0,1601.7608207862352,11.840268081541469,275613.87792629236,6027001.838172359,349.35417964806305,1.182536478107237
3474,-121.706917,38.564128,4.43,3,33.71125411987305,0.6790473429718986,11.625,3.09375,1601.7608207862352,11.840268081541469,290322.5858785607,6302401.0093565155,301.62157141882454,12.090421094060675
3471,-121.710345,38.564062,3.39,2,34.500816345214844,0.46674784331116825,14.594425305355466,6.013153773880363,2007.8720385138256,11.840268081541469,128707.55000586492,2937448.422360278,478.173476843777,1.1780715760983147
3472,-121.709199,38.564107,2.4,2,34.69906234741211,0.6375170613173395,8.521303258145362,0.0,1601.7608207862352,11.840268081541469,301556.32972968364,6581393.029093597,409.54757002907076,4.46482671349108
3577,-121.706828,38.564651,0.0,0,,0.1577448477037251,11.07981220657277,0.0,,,,,354.1249508773822,33.4827985408472
3469,-121.712734,38.564074,2.41,0,,0.6181007660925388,9.856070087609512,0.0,,,276515.94148674846,2881271.271681541,335.5866058507144,15.802449173006684
3467,-121.714949,38.564216,0.0,0,33.48566436767578,0.5581140518188477,17.32036397866332,0.0,832.6164254632198,12.2431055682417,154559.9021788047,3359795.9365366707,254.51655648223735,36.43287655483679
3468,-121.713802,38.564203,1.43,2,31.780073165893555,0.1545731807127595,10.429063576573755,0.0,832.6164254632198,12.2431055682417,,,288.98019622451426,23.4357924695516
3470,-121.71149,38.564017,3.53,1,,0.3382987165823579,5.233469131933563,4.512691946098402,,,147727.56170835206,3542456.1176881706,416.4722079919637,6.7781911166281
3571,-121.713786,38.565104,0.0,0,31.790327072143555,0.03904628101736307,11.703796673988077,0.0,832.6164254632198,12.2431055682417,,,379.14214417775673,44.773311287219315
3570,-121.714933,38.565117,0.0,0,32.634578704833984,0.1898340219631791,11.38364779874214,0.0,832.6164254632198,12.2431055682417,183598.95752144646,4913850.833702412,293.8366555251649,117.8410061574459
3572,-121.713044,38.565096,24.6,2,33.277164459228516,0.06724848062731326,8.863138114625743,0.0,832.6164254632198,12.2431055682417,,,408.0567747128174,19.803292051925265
3569,-121.716081,38.56513,0.0,0,32.99346923828125,0.7458869367837906,11.996251171508904,0.0,3785.602208648283,12.2431055682417,212406.12593626746,4761968.426646131,196.56776697857106,108.49446327403659
3675,-121.713028,38.565997,0.0,0,33.41388702392578,0.05637871124781668,9.946658299341072,0.0,832.6164254632198,12.2431055682417,,,378.1677245436131,20.423966381740545
3576,-121.707752,38.564615,0.0,0,,0.09715932619292289,20.106482931412465,0.1879110554337613,,,,,381.46858077740586,38.14449005906207
3672,-121.716065,38.566031,0.0,0,33.236148834228516,0.6725371407810599,9.85298717547701,5.09852987175477,832.6164254632198,12.2431055682417,171547.1717435573,4458212.291645012,185.6466536365897,161.47427361993775
3673,-121.714917,38.566018,0.0,0,32.730281829833984,0.09131580963730812,9.583463827121829,0.3131850923896022,832.6164254632198,12.2431055682417,,,285.2803271615426,143.9967461403618
3674,-121.71377,38.566005,0.0,0,32.16972732543945,0.04795175069011748,14.218455743879474,0.0,832.6164254632198,12.2431055682417,,,375.1063415586672,44.159982741130555
3775,-121.716049,38.566932,0.0,0,33.50617218017578,0.3744126765523106,8.058952649733458,0.0,832.6164254632198,12.2431055682417,192223.3977384244,4925036.137634365,218.38508320536894,170.23115967931085
3777,-121.713754,38.566906,0.0,0,33.05841064453125,0.20861264527775347,9.55214531788287,4.8230504227998745,832.6164254632198,12.2431055682417,,,274.950276568716,44.865539247693846
3778,-121.713013,38.566898,22.35,2,33.88557434082031,0.06584723072592169,12.770630687166614,1.2550988390335738,832.6164254632198,12.2431055682417,,,279.0028220909808,19.630611931575675
3776,-121.714901,38.566919,2.55,1,32.85675048828125,0.66644442290999,15.723663644889028,0.0,832.6164254632198,12.2431055682417,,,281.5888334876255,144.70109112843758
3880,-121.713738,38.567807,0.0,0,32.600399017333984,0.15763578563928604,15.314751017851547,0.0,832.6164254632198,12.2431055682417,,,174.7942309389885,45.04529480456979
3881,-121.712998,38.567799,35.78,3,34.09748840332031,0.05914360377937555,5.292828061384278,1.8477920450986531,832.6164254632198,12.2431055682417,,,180.94022043700986,19.3647009463687
3773,-121.718344,38.566957,0.0,0,33.287418365478516,0.7433588653802872,8.051378446115288,0.0,3733.8893542593196,12.2431055682417,207528.0659028438,4976735.368476421,109.75824131750443,12.553780922915811
3774,-121.717196,38.566944,0.0,0,33.76935958862305,0.7537088394165039,11.493892890698405,6.733479486376448,5212.1081028546705,12.2431055682417,141696.56727518543,5422687.841852136,142.99505071141832,70.5033129951362
3772,-121.719492,38.566969,0.2,0,30.200946807861328,0.7420175729785115,3.1347962382445136,0.0,2189.952325398944,12.2431055682417,227231.68109033315,4399578.358527812,72.97177878924077,92.2120735234259
3876,-121.718328,38.567858,0.0,0,33.04132080078125,0.7488417774438858,5.679322246626922,4.7693755883275815,3733.8893542593196,12.2431055682417,215950.9442796292,4322011.785012824,200.52207586401138,33.21270180980543
3875,-121.719476,38.56787,1.16,1,29.83863639831543,0.7725971938343719,9.090909090909092,5.810684161199625,2189.952325398944,12.2431055682417,237309.22961592727,4807590.599237794,170.32224413137652,103.90800876387135
3877,-121.71718,38.567845,0.0,0,33.84455490112305,0.7381844914052635,13.81146257438146,0.0,5212.1081028546705,12.2431055682417,175163.00652204856,6175014.679089207,230.35581640665708,47.257016240733684
3874,-121.720623,38.567883,0.0,0,28.796140670776367,0.10286419675685465,18.415283432508613,0.0,2189.952325398944,12.2431055682417,,,179.59623487645916,92.20210954220065
3878,-121.716033,38.567833,0.0,0,33.68391036987305,0.6341831991448998,14.343877231443782,6.326338866269965,832.6164254632198,12.2431055682417,164482.0723841392,4670478.775088245,238.5159894821156,132.6088079972348
3977,-121.720607,38.568784,0.7,1,31.130647659301758,0.6854119824711233,9.162221524945087,3.922183871979919,2189.952325398944,12.2431055682417,,,275.212752574728,2.7497823152107794
3981,-121.716017,38.568734,0.74,1,33.70783615112305,0.7155235148966312,14.844973379267143,0.689007203257125,3644.4031427208715,12.2431055682417,241640.7739934111,4786768.959903137,178.93326490727958,67.67153578935496
2289,-121.766759,38.554861,7.96,4,31.383581161499023,0.41375032300129533,12.837413684871311,0.0,2936.7219998890464,55.93314763231198,,,31.93642408135926,106.07418282142552
2290,-121.765612,38.554849,17.33,9,32.774715423583984,0.7276643274817616,5.576441102756892,0.0,2936.7219998890464,55.93314763231198,,,30.99282888338738,31.036346374420788
2291,-121.764464,38.554836,13.44,6,32.30644607543945,0.7446486989501864,14.589190877850672,0.0,2525.586078887231,55.93314763231198,200957.54691313917,3527245.367380407,60.57889125471737,43.117237561603915
2392,-121.766744,38.555762,48.57,16,29.117435455322266,0.41306869353866205,4.859739233504544,0.0,2936.7219998890464,55.93314763231198,,,0.0,23.586581388178132
2394,-121.764449,38.555737,10.65,5,33.106266021728516,0.7439773209625855,17.911847452328853,0.0,2532.12075146644,55.93314763231198,208013.56643027643,3714317.275171689,51.56697945327203,42.12349316776784
2393,-121.765596,38.55575,20.72,5,31.721965789794922,0.37795036588795483,8.47457627118644,0.0,2936.7219998890464,55.93314763231198,,,0.0,14.093098658058114
2391,-121.767891,38.555774,14.5,4,30.214618682861328,0.609517382690683,,,0.0,,,,41.84204242668306,35.11261964359452
2395,-121.763301,38.555725,1.48,0,33.50959014892578,0.7533644533250481,15.541601255886969,0.6907378335949764,2532.12075146644,55.93314763231198,141818.64968806133,2694340.406089453,151.50076649104733,58.79709007670114
2497,-121.764433,38.556638,12.55,5,33.09600830078125,0.7444169803056866,12.578419071518192,0.0,2563.0195382823035,55.93314763231198,176995.51572361254,2877947.3800395275,76.77666028069213,40.12493406693035
2498,-121.763286,38.556626,17.07,9,33.37287139892578,0.7355073581449687,11.71875,0.0,2563.0195382823035,55.93314763231198,194999.28581448086,3233794.051337423,161.53581835614224,41.36310115408308
2284,-121.772496,38.554921,5.23,7,30.829862594604492,0.623294067569077,0.0,0.0,2221.086984272258,18.236674488769694,78146.4448437551,6082147.850744682,0.0,11.51580138864609
2286,-121.770201,38.554897,6.59,7,32.648250579833984,0.7575713458471001,0.0,0.0,3550.129098585939,18.236674488769694,70569.65451691291,5247337.017080073,156.51525133282072,97.88700670323834
2388,-121.771333,38.55581,3.0,3,32.95928955078125,0.7347340537817217,0.0,0.0,4184.968971647088,18.236674488769694,59754.23668410206,4155426.104487038,131.13660694353342,47.40944523365787
2389,-121.770186,38.555798,1.47,1,33.232730865478516,0.7628542328852096,0.0,0.0,3550.129098585939,18.236674488769694,53905.629023315865,3674336.9543661056,213.24848961706797,85.78782592738159
2390,-121.769039,38.555786,2.98,2,32.761043548583984,0.7283912500715815,0.0,0.0,3550.129098585939,18.236674488769694,52762.669835383575,4046969.266043075,141.77347271389698,38.2298210912181
2387,-121.772481,38.555822,2.6,3,32.706356048583984,0.737070562900044,0.0,0.0,5070.253268836147,29.783393501805055,73923.50858541006,4363125.417618292,56.17548279344503,21.48407591095829
2491,-121.771318,38.556711,2.24,2,33.58478546142578,0.7350327246822417,0.3829950210647261,0.0,4184.968971647088,18.236674488769694,68395.51328667333,4392599.408426376,194.73685674665853,7.6201651823941035
2492,-121.770171,38.556699,0.0,0,33.57111358642578,0.7804628968394051,0.0628338045868677,0.0,4184.968971647088,18.236674488769694,46124.55140179501,3965559.3266528836,248.42696808415693,47.854134081009995
2490,-121.772466,38.556723,4.1,5,33.51984405517578,0.7412028694525361,0.0628140703517587,0.0,6114.47085029668,29.783393501805055,75510.83286525417,4305577.394241656,152.91530099811632,88.62219662188971
2493,-121.769023,38.556687,7.93,6,32.730281829833984,0.7571238404489122,0.0,0.0,4184.968971647088,18.236674488769694,52870.45786493585,4492295.020776205,152.63535978221233,43.39813899390175
2486,-121.777055,38.556771,5.87,5,33.05499267578125,0.748076124349609,,,3056.1831896465387,29.783393501805055,82171.87149445161,4461331.831549014,159.18092252704588,74.92144023347828
2489,-121.773613,38.556735,9.53,8,32.791805267333984,0.7263286080366621,0.0,0.0,5070.253268836147,29.783393501805055,80461.86773704228,5702893.576184038,157.23600725036786,5.735769572662637
2590,-121.775893,38.55766,10.42,4,33.54376983642578,0.7335573913878761,,,5070.253268836147,29.783393501805055,79753.47300336466,5315000.984220061,257.0437542669939,130.65781662150158
2591,-121.774745,38.557648,3.53,3,33.63947677612305,0.7543978476896882,,,5070.253268836147,29.783393501805055,55677.22973370172,4201957.020752601,258.87674262836043,79.75753525607664
2592,-121.773598,38.557636,5.37,3,32.97637939453125,0.721559553562353,,,5070.253268836147,29.783393501805055,54263.60595113122,4279515.798021653,257.38802446291413,2.7782251668352105
2589,-121.77704,38.557672,3.93,4,32.96270751953125,0.7395590647589415,,,3056.1831896465387,29.783393501805055,91747.76639389609,4932660.526583842,258.93772709132577,57.02660136317463
2693,-121.775877,38.558561,15.98,8,32.85333251953125,0.7457419835263863,,,5070.253268836147,29.783393501805055,87336.20083570766,5516148.085969093,357.195618738239,38.03117342778804
2695,-121.773582,38.558537,7.85,6,33.78303146362305,0.7195432867156342,,,5070.253268836147,29.783393501805055,84247.62807217987,6112074.67368444,357.539888219716,4.210885869807685
2692,-121.777025,38.558573,15.44,14,32.44658660888672,0.7420438630506396,,,3056.1831896465387,29.783393501805055,84807.54908686675,4501345.598756629,358.9206489945371,40.25616471812136
2694,-121.77473,38.558549,8.19,7,33.71809005737305,0.7565729378256947,,,5070.253268836147,29.783393501805055,83814.6529130425,5962187.250914515,359.0287228898095,28.77498360379529
2496,-121.765581,38.556651,4.6,3,32.37822723388672,0.7527950649382547,8.059701492537313,0.0,3347.6319807736395,55.93314763231198,,3209850.6961371293,56.838840607176635,58.5139991439143
2495,-121.766728,38.556663,8.31,5,32.45684051513672,0.7286104842399558,,,3347.6319807736395,55.93314763231198,,2528875.8687777957,55.895171791973524,25.96457314120405
2494,-121.767876,38.556675,11.8,7,31.663860321044922,0.6811891089193522,0.0,0.0,0.0,,,1564426.3688621535,69.7228837842795,49.03934664693222
2601,-121.763271,38.557527,13.79,9,32.46709442138672,0.7457156303571537,8.153701968134957,0.0,1430.8404960737244,55.93314763231198,158661.82084599577,2965287.751707405,218.11316163449126,141.5232727129617
2599,-121.765565,38.557552,7.74,5,33.38312530517578,0.7537088396493345,,,2848.0808306988743,55.93314763231198,,3957569.4768334758,156.9987010020688,58.113686040126
2600,-121.764418,38.557539,10.71,6,32.44658660888672,0.7398766494588926,8.264758497316636,0.0,2563.0195382823035,55.93314763231198,140647.9532545378,2275911.548845375,165.47176867714396,41.735698844424675
2598,-121.766713,38.557564,2.97,3,33.85139083862305,0.7443379860371351,1.84194890077243,0.0,2848.0808306988743,55.93314763231198,,2404432.9196183947,156.05305832260893,118.66003028173608
2701,-121.766697,38.558465,14.5,6,33.42072296142578,0.7201258765223125,,,3110.4288779955627,55.93314763231198,,2824004.9436668083,256.21290988741123,162.29099778832688
2703,-121.764403,38.55844,15.83,7,32.42607879638672,0.7579007458407432,,,2563.0195382823035,55.93314763231198,227942.0197525799,3019470.1718425043,262.5495438128222,26.454061785482473
2702,-121.76555,38.558453,8.62,5,33.188297271728516,0.7503037703378747,,,3110.4288779955627,55.93314763231198,,3688125.549975114,257.15655568878753,67.09138755605548
2595,-121.770155,38.5576,0.06,0,33.57453155517578,0.7627933040327791,,,4025.9384887574793,18.236674488769694,63558.77734107054,5664669.787224015,287.76750826379555,69.63607184263319
2593,-121.77245,38.557624,5.0,4,33.65656661987305,0.7555380577687174,,,5070.253268836147,29.783393501805055,73463.86859227701,4632714.310508335,252.27221587622273,74.42209432708546
2597,-121.76786,38.557576,3.79,2,32.802059173583984,0.6898469180450775,1.3148283418553688,0.0,0.0,,,,161.1775578670246,58.21052080959972
2594,-121.771303,38.557612,1.87,1,33.58820343017578,0.7457288067089394,,,4184.968971647088,18.236674488769694,84335.42342117829,6056433.658126689,279.9715502453802,7.219685248924241
2596,-121.769008,38.557588,5.41,5,32.90802001953125,0.7340562615233163,6.282722513089005,0.0,4025.9384887574793,18.236674488769694,56160.33176560333,4930491.130235848,210.7789016696538,41.563544604853014
2696,-121.772435,38.558525,3.64,3,33.47882843017578,0.7391287127975374,,,5070.253268836147,29.783393501805055,102430.69429666409,6082517.665010917,352.06998739448,41.98433173093563
2700,-121.767845,38.558477,0.0,0,32.93878173828125,0.5989532522701969,,,0.0,,,,259.1669057610872,64.65279080152186
2699,-121.768992,38.558489,5.11,4,32.97979736328125,0.6966417516426494,,,3391.967845653511,18.236674488769694,53160.47512826961,4252949.274050119,292.57287257233,29.413522937606512
2697,-121.771287,38.558513,3.44,2,33.45148468017578,0.7579273136798292,,,4184.968971647088,18.236674488769694,44495.33059460416,3677554.0581143247,372.5859272913745,37.17896394271938
2698,-121.77014,38.558501,5.53,4,32.93536376953125,0.7523494156387945,,,3391.967845653511,18.236674488769694,59396.91324651829,4339628.688382284,352.1526158656085,97.62069700316903
2704,-121.763255,38.558428,8.01,4,33.03790283203125,0.7503213882446289,4.745646978490953,0.0,2563.0195382823035,55.93314763231198,211885.89856737852,3402409.1156069804,298.5713891642654,110.73572824052924
2806,-121.764387,38.559341,20.08,9,31.879194259643555,0.7566658492432907,,,6996.232656764016,55.93314763231198,276116.5280091055,3905133.484131122,361.32873220265,28.84690766788856
2807,-121.76324,38.559329,11.13,6,32.92510986328125,0.7521464941091835,,,3865.3808554497755,55.93314763231198,166354.78692172293,2738256.86238553,388.2715803683828,60.60585234936486
2805,-121.765535,38.559354,18.47,6,31.57840919494629,0.7328845273004845,,,2848.0808306988743,55.93314763231198,,5498431.6831959905,357.3143905566531,110.32182597272485
2803,-121.76783,38.559378,0.0,0,32.699520111083984,0.4054690620396286,,,0.0,,,,358.35996552801095,87.55922827583817
2804,-121.766682,38.559366,9.68,4,31.831342697143555,0.7270452256145125,,,2848.0808306988743,55.93314763231198,,4102637.0611162074,356.3707568117233,170.7574965644218
2910,-121.763224,38.56023,22.34,7,33.50617218017578,0.6917682625353336,,,7822.672677000756,55.93314763231198,116439.40176142097,2169905.65072575,482.13815854141075,56.85201630024677
2909,-121.764372,38.560242,8.0,3,32.696102142333984,0.7483181177716082,,,2848.0808306988743,55.93314763231198,,3861035.7862720587,460.69535872644434,43.064395847528004
2908,-121.765519,38.560255,21.97,11,31.59549903869629,0.7365335645154119,,,6996.232656764016,55.93314763231198,,4970516.819781669,457.4741914855524,71.09388046207424
2907,-121.766667,38.560267,12.69,7,32.20048904418945,0.6964465096825734,,,2848.0808306988743,55.93314763231198,,4178975.8112966935,456.5285841328277,70.59598437063501
2691,-121.778172,38.558585,13.7,5,31.23318862915039,0.750797292497009,,,3056.1831896465387,29.783393501805055,101940.65241408614,4188183.17661894,360.4498453142987,31.46811297176333
2796,-121.775862,38.559462,12.14,8,34.23079299926758,0.7502156533300877,,,5070.253268836147,29.783393501805055,88493.6798922268,6246298.857170566,457.3475985458468,6.975407746705044
2795,-121.77701,38.559474,8.8,10,34.04621887207031,0.7525488391052931,,,17117.084967235616,29.783393501805055,35834.18380349727,3469234.3202774026,458.9819295424552,16.032518720302196
2797,-121.774715,38.55945,6.89,6,35.416847229003906,0.7557237504515797,,,5070.253268836147,29.783393501805055,,,459.1806841024478,71.38052842350001
2798,-121.773567,38.559438,13.57,12,35.84067916870117,0.7549722623856118,,,5070.253268836147,29.783393501805055,,,457.2074739877297,74.31828339488314
2901,-121.773552,38.560339,6.63,4,35.461280822753906,0.6936224086675793,,,5070.253268836147,29.783393501805055,,,556.3253922734064,47.293190616596114
2899,-121.775847,38.560363,3.82,4,35.73130416870117,0.7180426419945434,,,5070.253268836147,29.783393501805055,,,557.4995592740371,9.046215717096958
2900,-121.774699,38.560351,2.74,3,36.746456146240234,0.7341782916337252,,,5070.253268836147,29.783393501805055,,,559.3324907958321,49.84612577533616
2898,-121.776994,38.560375,6.21,4,35.437355041503906,0.7154847966739908,,,17117.084967235616,29.783393501805055,,,559.0777863267326,52.68996273783014
3002,-121.775832,38.560876,2.14,0,36.671260833740234,0.5850997359957546,,,5070.253268836147,29.783393501805055,,,614.5219415581797,4.984455936093696
2799,-121.77242,38.559426,5.44,4,33.66340255737305,0.7527818263042718,,,4184.968971647088,18.236674488769694,53366.69095683367,4541771.11440696,452.0253556654397,11.569886898640302
2801,-121.770125,38.559402,8.14,9,32.713191986083984,0.7341129198903218,,,4184.968971647088,18.236674488769694,59953.95021458752,5096009.68523095,430.4391980675921,28.273246325010064
2802,-121.768977,38.55939,0.51,1,32.11503982543945,0.3029147234046832,,,4184.968971647088,18.236674488769694,51456.570512788436,4406578.546698323,383.2225589798339,21.946204550532592
2800,-121.771272,38.559414,3.34,3,33.03790283203125,0.752225890988484,,,4184.968971647088,18.236674488769694,50952.67856671518,3996398.714798842,468.2449398120262,98.57961262280054
2903,-121.771257,38.560315,3.57,3,33.47541046142578,0.7438939756248146,,,4184.968971647088,18.236674488769694,,,565.4452914214341,49.28783758173703
2902,-121.772404,38.560327,7.25,6,34.34016799926758,0.7087247408926487,,,4184.968971647088,18.236674488769694,,,552.0610217624157,21.380484154931384
2906,-121.767814,38.560279,2.51,1,33.174625396728516,0.45077037543524057,,,0.0,,,,457.96835491618873,69.85581075771537
2904,-121.770109,38.560303,6.1,5,33.215641021728516,0.7194138604681939,,,4184.968971647088,18.236674488769694,,,516.3025730037847,25.34723847589436
2905,-121.768962,38.560291,3.92,3,33.171207427978516,0.3443488882233699,,,4184.968971647088,18.236674488769694,,,477.687416681111,68.98047638708705
3007,-121.770094,38.561204,0.0,0,34.572593688964844,0.7347275095526129,,,0.0,,,,606.6013538048588,11.165464773484105
3009,-121.767799,38.56118,2.47,2,34.01203918457031,0.5945841391415646,,,0.0,,,,557.7811273275264,15.914067919043994
3013,-121.763209,38.561131,7.95,3,33.76594161987305,0.7516613555037313,,,7444.187662332887,28.79849598359255,,,562.1175776575559,15.133919831091935
3012,-121.764356,38.561143,3.45,2,34.28206253051758,0.7193945219623856,,,3365.2043534611685,28.79849598359255,,,560.3545782857188,11.52351902572102
3010,-121.766651,38.561168,6.86,4,33.59162139892578,0.6733632851392031,,,3365.2043534611685,28.79849598359255,,,556.6883765716102,11.306938905065037
3011,-121.765504,38.561156,4.59,3,33.48908233642578,0.7456629240186885,,,3365.2043534611685,28.79849598359255,,,557.6319866539588,9.805486553021208
3114,-121.765488,38.562057,0.53,1,34.945159912109375,0.7295963504584506,,,3365.2043534611685,28.79849598359255,,,593.8132787753141,72.86835416736862
3112,-121.767783,38.562081,0.0,0,34.528160095214844,0.5031782537698746,,,0.0,,,,657.695806282384,116.0777685309599
3115,-121.764341,38.562044,17.6,8,33.79670333862305,0.7102230358868837,,,3365.2043534611685,28.79849598359255,,,527.0786854898565,6.81570571307045
3113,-121.766636,38.562069,2.12,1,34.75033187866211,0.7116823447868228,,,3365.2043534611685,28.79849598359255,,,656.8461643696194,111.46873019953361
3116,-121.763193,38.562032,12.24,4,33.03106689453125,0.7215704384143464,,,3910.844370336189,28.79849598359255,,,472.03246105139215,4.487523337453118
3004,-121.773537,38.560861,0.0,0,35.512550354003906,0.5188327142968774,,,5070.253268836147,29.783393501805055,,,613.8441604118107,7.015177586547376
3001,-121.776979,38.560884,0.0,0,35.76548385620117,0.5639772569993511,,,5070.253268836147,29.783393501805055,,,615.6261937452638,3.903652498643301
3000,-121.778126,38.560892,0.0,0,35.26303482055664,0.5219821597759923,,,5070.253268836147,29.783393501805055,,,616.6871392950843,2.6499360350302466
3003,-121.774684,38.560869,1.65,0,37.371952056884766,0.42095311645728845,,,5070.253268836147,29.783393501805055,,,616.9106485615404,7.4587449639949845
3005,-121.77231,38.561215,0.0,0,34.83919906616211,0.5345547461183742,,,0.0,,,,651.0862755857677,13.088699749904782
3006,-121.771241,38.561216,3.73,2,34.05305480957031,0.6756440645549446,,,0.0,,,,652.9113324676166,13.5272934818604
3008,-121.768946,38.561192,1.77,2,34.17268753051758,0.5890356386080384,,,0.0,,,,574.0667357638428,14.44586444360001
3111,-121.768931,38.562093,2.91,2,34.30257034301758,0.7136403128970414,,,0.0,,,,671.5718401634465,99.75633681702215
3110,-121.770079,38.562105,1.48,1,34.74349594116211,0.7273432947695255,,,0.0,,,,699.5906910432037,9.187642532675968
3108,-121.772276,38.562128,0.0,0,34.83919906616211,0.5252361848639945,,,0.0,,,,752.5665394680259,97.7897170896057
3109,-121.771226,38.562117,0.0,0,34.466636657714844,0.7238858609149853,,,0.0,,,,740.1087349160824,84.56036969190015
3212,-121.771211,38.563018,1.37,1,34.81869125366211,0.7255225637927651,,,0.0,,,,830.2371602872778,123.70118145496707
3211,-121.772178,38.562967,0.0,0,34.71615219116211,0.6018223429564387,,,0.0,,,,846.173680586127,177.43526415819608
3219,-121.763178,38.562933,5.51,3,32.85675048828125,0.7060511915866906,,,3910.844370336189,28.79849598359255,,,386.98659601340495,99.95698218179007
3216,-121.76662,38.56297,4.8,3,35.16391372680664,0.7214473960455507,,,3365.2043534611685,28.79849598359255,,,611.9041041807883,87.8696829269885
3218,-121.764325,38.562945,23.22,9,32.798641204833984,0.7114506542372206,,,3910.844370336189,28.79849598359255,,,452.4425000948417,68.25834597666605
3215,-121.767768,38.562982,0.01,0,34.887054443359375,0.30441984930075705,,,0.0,,,,699.5047461946664,156.86740311330618
3217,-121.765473,38.562958,18.42,11,34.80501937866211,0.724717294506263,,,3910.844370336189,28.79849598359255,,,528.7642935937085,0.29214101723547176
3321,-121.76431,38.563846,15.85,8,32.96954345703125,0.7240624735597521,,,3910.844370336189,28.79849598359255,65917.69018667187,4157178.206643056,389.51141671432737,99.2899843546412
3318,-121.767753,38.563883,0.0,0,34.85970687866211,0.39533134099716943,,,0.0,,,,660.5753026684894,173.73944801063777
3322,-121.763162,38.563834,6.39,4,33.49250030517578,0.7328932100984579,,,3910.844370336189,28.79849598359255,108788.20215813257,3361647.4578971043,311.01125203846476,67.68356665492462
3320,-121.765458,38.563859,21.54,10,34.29573440551758,0.6866758667165413,,,3910.844370336189,28.79849598359255,27953.995457368957,2450917.914394022,476.0611868975706,26.01959604704731
3319,-121.766605,38.563871,9.3,7,35.36215591430664,0.5766927930060775,,,3365.2043534611685,28.79849598359255,,,566.9872802285882,73.81642153962947
3214,-121.768916,38.562994,3.87,3,34.71273422241211,0.6896377950906754,,,0.0,,189701.36589958283,20118040.609745346,769.7596475014473,57.94107144344493
3213,-121.770063,38.563006,1.01,1,34.76742172241211,0.7550606525037438,,,0.0,,166324.69870941123,21111636.812889714,794.3007843374488,33.48045073161036
3317,-121.7689,38.563895,3.74,3,34.30940628051758,0.6965483576059341,,,0.0,,,,755.7040415911463,103.46863299417764
3314,-121.77203,38.563922,1.8,1,35.77915573120117,0.3887009529862553,,,0.0,,,,951.1770186632255,86.7442977780063
3315,-121.771195,38.563919,0.0,0,35.37240982055664,0.7074279325315729,,,0.0,,,,922.4066651489024,145.11869018212587
3316,-121.770048,38.563907,1.63,2,34.88021469116211,0.7007912981789559,,,0.0,,,,851.9959211087913,97.03501235903028
3417,-121.771995,38.564822,0.0,0,37.7308464050293,0.5088659629691392,,,0.0,,,,1001.9907754507335,68.65109023051086
3419,-121.770032,38.564808,0.0,0,36.879756927490234,0.04324043291853741,,,0.0,,,,832.3944513854216,191.88232558878465
3418,-121.77118,38.56482,0.0,0,37.8402214050293,0.12009543708215158,,,0.0,,,,931.4752215373124,134.81116232701427
3420,-121.768885,38.564796,0.0,0,34.446128845214844,0.1828360185609199,,,0.0,,,,733.6289504718554,195.21683962743145
3424,-121.764295,38.564747,2.61,1,32.48076629638672,0.7415444657672197,,,4802.035740664068,28.79849598359255,85461.99605003634,4522782.383311967,344.67254172582295,32.263223029636805
3425,-121.763147,38.564735,6.21,1,31.940719604492188,0.6963573476532474,,,3910.844370336189,28.79849598359255,141287.26948658895,4350963.157848161,252.59134211729366,10.378093165499058
3423,-121.765442,38.56476,4.41,2,33.80695724487305,0.731834363524935,,,4802.035740664068,28.79849598359255,5000.0,3647180.343504416,440.0769021320768,26.54723956305592
3421,-121.767737,38.564784,0.04,0,34.439292907714844,0.36935074301436543,,,0.0,,,,635.113111335153,173.19749260684264
3422,-121.76659,38.564772,1.45,2,34.34700393676758,0.6499998871237039,,,3365.2043534611685,28.79849598359255,,,537.2035190851018,73.36862732409276
3526,-121.765427,38.565661,9.37,3,33.191715240478516,0.7451433797056476,,,4802.035740664068,28.79849598359255,26551.343914346915,1669346.5205433778,425.2536452148116,26.163229505944283
3527,-121.764279,38.565648,0.85,0,31.479286193847656,0.7270830822177231,,,4802.035740664068,28.79849598359255,70616.7932666207,3726087.2126192288,325.4037974185241,11.453364064748495
3528,-121.763132,38.565636,13.58,5,29.36011505126953,0.5738289608852938,,,3910.844370336189,28.79849598359255,143796.18990274976,5575161.91833852,225.70300119344668,0.8357954752093649
3525,-121.766574,38.565673,8.53,5,33.64973068237305,0.7139497997704893,,,3365.2043534611685,28.79849598359255,,,525.0470092302186,73.67387006506334
3628,-121.766559,38.566574,3.02,0,33.126773834228516,0.6967903807526454,,,3365.2043534611685,28.79849598359255,,,525.3547882899235,66.82681273273387
3520,-121.771959,38.565722,0.0,0,38.13758850097656,0.037438035127706826,,,0.0,,,,993.6823546177479,148.1484237991366
3523,-121.768869,38.565697,0.0,0,33.74543380737305,0.04606088260188699,,,0.0,,,,724.7573486541257,269.8243268897415
3521,-121.771165,38.565721,0.0,0,38.18885803222656,0.03446858239153193,,,0.0,,,,924.5771286333755,188.02581516973285
3524,-121.767722,38.565685,0.24,0,33.68732833862305,0.20562852849252522,,,0.0,,,,624.9415471411045,173.59797971924206
3522,-121.770017,38.565709,0.0,0,34.576011657714844,0.041528919246047735,,,0.0,,,,824.6654581282921,267.0422941590862
3625,-121.770002,38.56661,0.0,0,32.624324798583984,0.03896592324599624,,,0.0,,,,824.8940105791951,285.9553748849842
3623,-121.771923,38.566622,0.0,0,36.736202239990234,0.04074275951522092,,,0.0,,,,992.0278879160753,225.26612805163953
3627,-121.767706,38.566586,0.0,0,32.90460205078125,0.18274790048599243,,,0.0,,,,625.1278335104846,128.61119430468173
3624,-121.771149,38.566622,0.0,0,35.77573776245117,0.03941906616091728,,,0.0,,,,924.7032460780777,269.48388831399797
3626,-121.768854,38.566598,0.0,0,32.87725830078125,0.05354929773602635,,,0.0,,,,725.0053388621802,201.58806272786086
3630,-121.764264,38.566549,0.83,1,32.822566986083984,0.7365859383717179,,,3910.844370336189,28.79849598359255,87800.27207173788,4407388.2536038095,325.8303361155139,52.83041295543946
3629,-121.765411,38.566562,2.15,1,34.01203918457031,0.7364549862686545,,,4802.035740664068,28.79849598359255,31642.78772372267,3192019.3160975757,425.52469485069946,28.959378504371788
3734,-121.763101,38.567438,21.99,7,29.865982055664062,0.6959881344810128,,,3910.844370336189,28.79849598359255,144981.46252566794,3122235.183673261,255.5061760424301,2.168688142885879
3733,-121.764248,38.56745,4.4,2,31.882612228393555,0.7340318586677312,,,3910.844370336189,28.79849598359255,111908.66828880543,4477477.351989303,346.75242493177416,30.71217152081787
3731,-121.766543,38.567475,16.05,8,33.321598052978516,0.7063374484423548,,,3910.844370336189,28.79849598359255,71390.73147160365,4399715.2195550455,538.5794150571222,11.028750753295864
3732,-121.765396,38.567463,3.07,1,33.55402374267578,0.7413955548157295,,,4802.035740664068,28.79849598359255,62977.41930433488,4356973.2398369275,441.84535828659153,73.1967039337119
3837,-121.763085,38.568339,7.64,5,29.47290802001953,0.6016092896461487,,,1355.4234935127263,28.79849598359255,399571.5974214512,2319018.246003428,315.3287990982871,3.2979811993695116
3833,-121.767663,38.568366,0.0,0,,0.49384154565632343,,,,,,,660.804263703784,48.3601174551446
3836,-121.764233,38.568351,7.27,3,32.19365310668945,0.7275775542948395,,,1355.4234935127263,28.79849598359255,343757.53040447814,5526210.88583289,392.9766799707612,14.729080357786287
3834,-121.766528,38.568376,0.0,0,33.68391036987305,0.7094571368070319,,,1355.4234935127263,28.79849598359255,,,569.4684281437875,23.026756800484875
3729,-121.768839,38.567499,0.0,0,34.03596496582031,0.12209356215316802,,,0.0,,,,734.7134074122557,153.7692267436505
3726,-121.771888,38.567522,0.0,0,36.43199920654297,0.5689580569354197,,,0.0,,,,997.3204918699786,277.22832204743503
3727,-121.771134,38.567523,0.0,0,35.74497604370117,0.16172726231161505,,,0.0,,,,932.3389970457217,330.9486507223928
3730,-121.767691,38.567487,0.33,0,33.61213302612305,0.3700236317818053,,,0.0,,,,636.3577436277848,62.84462482262145
3728,-121.769986,38.567511,0.0,0,34.23421096801758,0.05315281584626064,,,0.0,,,,833.3560882619893,250.1094112962399
3830,-121.771112,38.568305,0.0,0,,0.06132879777578637,,,,,,,946.7775795721453,340.7577436219633
3831,-121.769965,38.568322,0.0,0,,0.04281772533431649,,,,,,,850.4873693526889,241.35387584798184
3829,-121.771856,38.568289,0.0,0,,0.1947182605508715,,,,,,,1009.485842782034,339.1216135375509
3832,-121.768817,38.568339,0.0,0,,0.08550913554305832,,,,,,,755.0378390534628,142.47979763562395
3435,-121.751671,38.564613,6.69,3,33.98469543457031,0.7423199174227193,,,3273.532226660394,20.070648683365448,164026.8255116677,3658923.0916225086,199.5173970603334,87.33002249536204
3438,-121.748229,38.564577,12.73,6,32.27226638793945,0.7440299662994221,,,3273.532226660394,20.070648683365448,100776.79268127137,3047450.9576549027,70.2536239007566,32.759368861774306
3439,-121.747081,38.564564,11.69,7,33.75226974487305,0.7590701812878251,,,3372.6030001327654,20.070648683365448,70681.99757559744,2487880.6825482114,150.11589212537558,118.88532283535358
3541,-121.748213,38.565478,4.2,1,32.35088348388672,0.7479969412088394,,,4154.146942943833,20.070648683365448,110574.11232827106,3052470.0073331865,37.72892905408631,42.098248178936004
3538,-121.751656,38.565514,7.89,5,34.418785095214844,0.7458078695926815,,,3253.6093788895932,20.070648683365448,65495.6066949304,1949035.7682821327,153.55896836784976,135.9745173094765
3539,-121.750508,38.565502,6.83,4,33.36945343017578,0.7319051048252732,,,3253.6093788895932,20.070648683365448,117363.8854747108,2873027.2298806487,64.78781662312775,59.283685666248964
3540,-121.74936,38.56549,17.31,7,30.142841339111328,0.6271307833958417,,,3273.532226660394,20.070648683365448,116985.96572607972,2515347.748333217,0.0,10.741070074273928
3643,-121.749345,38.566391,21.28,10,30.973419189453125,0.6782742752111517,,,3273.532226660394,20.070648683365448,,,0.0,39.1465892004869
3642,-121.750492,38.566403,9.86,6,33.47882843017578,0.742845882778056,,,3273.532226660394,20.070648683365448,159077.9664176288,3939883.2277343227,19.822948283941546,22.374310921479882
3641,-121.75164,38.566415,4.48,3,34.16926956176758,0.7398504001321271,,,3273.532226660394,20.070648683365448,150355.98485524932,3399035.2710886155,119.5684880369838,100.39604296911163
3427,-121.760852,38.564711,3.51,2,32.720027923583984,0.7462911244171361,,,3910.844370336189,28.79849598359255,104717.67079215546,3382489.753295165,117.14936981980217,74.47846592484512
3430,-121.757409,38.564675,15.71,4,30.549585342407227,0.7087761304962138,,,1746.5922241204244,20.070648683365448,43358.693527884025,1242267.7913486534,243.36741840080822,36.82330721560513
3429,-121.758557,38.564687,13.47,7,32.43633270263672,0.730695926429083,,,3910.844370336189,28.79849598359255,66746.85149489148,3286279.4058666294,162.0839782987032,0.5581717609683038
3529,-121.761984,38.565624,9.89,6,31.335729598999023,0.7374374155187979,,,3910.844370336189,28.79849598359255,166095.53512104292,4656487.922193364,126.13222272941225,65.78848377309463
3531,-121.759689,38.5656,4.69,3,33.82746505737305,0.7462296097073704,,,3910.844370336189,28.79849598359255,93210.54001227094,2725762.2257184195,20.64926326132928,22.563249734137308
3530,-121.760836,38.565612,8.36,4,32.20048904418945,0.7576085339533165,,,4325.849141032394,28.79849598359255,186744.3346970118,5187505.875630364,29.09886877239048,79.07066900706057
3532,-121.758541,38.565588,3.06,2,34.05647277832031,0.7452193913049996,,,3910.844370336189,28.79849598359255,92598.71030549845,2917432.575873526,115.86036670583013,2.8933657277084666
3636,-121.757378,38.566477,0.0,0,32.05009460449219,0.7595555018051527,,,2363.687651344025,20.070648683365448,102160.67586466506,2963420.6067285053,215.78487406058724,52.086888350061805
3632,-121.761968,38.566525,9.35,4,31.397254943847656,0.740546177374199,,,3910.844370336189,28.79849598359255,104195.73004828152,4283792.000343853,126.98777767470001,57.37405885467533
3631,-121.763116,38.566537,21.61,9,31.22977066040039,0.68089693877846,,,3910.844370336189,28.79849598359255,120681.88349817072,4514530.203092251,226.187754651646,11.349477207175507
3431,-121.756262,38.564662,15.03,5,30.002702713012695,0.714433582557831,,,1746.5922241204244,20.070648683365448,40512.92958648005,1167272.0495603376,334.8525210167418,31.249874636944174
3434,-121.752819,38.564626,2.74,1,33.198551177978516,0.752636203658767,,,2496.798290657768,20.070648683365448,93329.90954284249,2341882.193518961,288.2393646699394,1.4615167555031654
3537,-121.752803,38.565527,4.63,1,34.26155471801758,0.7424119508359581,,,3273.532226660394,20.070648683365448,62487.96072546053,1949921.4201113842,242.37982079772465,47.284613794324976
3536,-121.753951,38.565539,11.84,6,34.408531188964844,0.7420701500959694,,,2918.932504897572,20.070648683365448,86960.79070786832,2414954.6021622894,335.5373500926879,42.019138569061624
3535,-121.755098,38.565551,2.54,2,33.335269927978516,0.7445038660662249,,,1746.5922241204244,20.070648683365448,89378.59030109057,2301532.595990307,414.9304007612815,54.52118558661376
3533,-121.757394,38.565576,6.84,5,32.42266082763672,0.7594823591643944,,,2363.687651344025,20.070648683365448,101205.64078120649,2631847.0981876957,215.29846805180608,56.55827926958841
3534,-121.756246,38.565563,19.52,9,30.788846969604492,0.6942833971697837,,,1746.5922241204244,20.070648683365448,134924.12598412667,3018009.2279854333,315.0829220599016,18.592117414011756
3638,-121.755083,38.566452,8.6,6,33.181461334228516,0.7517230823868886,,,2918.932504897572,20.070648683365448,112810.19905995796,2728445.535071362,415.0757768833263,84.81593893100676
3637,-121.75623,38.566464,26.8,10,30.881134033203125,0.7059271396137774,,,1746.5922241204244,20.070648683365448,127400.80901151465,2655302.153969561,315.3963993338441,1.1889272622143192
3639,-121.753935,38.56644,0.57,0,34.72298812866211,0.7470273003564216,,,3273.532226660394,20.070648683365448,98397.63040150442,2603819.0017172513,319.30742962829436,3.751477704692308
3644,-121.748197,38.566379,4.96,2,33.311344146728516,0.7507576269175237,,,3273.532226660394,20.070648683365448,158370.0608280409,3902693.614119079,39.51323315620102,6.003418533643224
3744,-121.751624,38.567316,7.79,5,34.411949157714844,0.7407431754982099,,,3273.532226660394,20.070648683365448,97821.36546420764,2433148.3271561856,154.06096819949533,56.068928657691835
3747,-121.748182,38.56728,6.24,6,34.20344924926758,0.7556618473026901,,,3273.532226660394,20.070648683365448,112186.63250047069,3215728.344608955,67.45170239519368,36.10592751900408
3745,-121.750477,38.567304,2.03,1,34.05647277832031,0.7508501755073667,,,3273.532226660394,20.070648683365448,200565.14971355608,6179547.443999142,95.44667697917887,20.97767000156255
3746,-121.749329,38.567292,9.26,2,33.73859786987305,0.7474384139059111,,,3273.532226660394,20.070648683365448,296403.7559640599,8190147.800580544,49.65114959765286,4.721843608627146
3847,-121.751609,38.568217,3.04,3,34.887054443359375,0.7704122778959572,,,2943.164140608263,28.79849598359255,114873.70578114157,2552593.4123855596,230.77863528524506,7.323919140473426
3849,-121.749314,38.568193,8.21,3,35.25278091430664,0.7590701814430455,,,3273.532226660394,20.070648683365448,201999.2916994083,5517407.253876804,140.83391651880018,0.4794463125264876
3848,-121.750461,38.568205,2.65,2,35.509132385253906,0.7466943319595885,,,3273.532226660394,20.070648683365448,182708.02854387282,5598386.984074683,184.4456501101782,38.607686314893755
3851,-121.747018,38.568168,8.4,5,34.534996032714844,0.7561482824385166,,,3273.532226660394,20.070648683365448,120057.91274282716,3920214.0039725373,207.44871608385193,96.27641559095379
3850,-121.748166,38.568181,3.49,2,34.27522659301758,0.7476098847885927,,,3273.532226660394,20.070648683365448,82644.82459049021,2743629.2023083246,146.50882622537517,63.372058917818265
3635,-121.758526,38.566489,2.25,1,33.75568771362305,0.7399619713542052,,,3990.0106491338747,28.79849598359255,78873.99723121696,2589769.093304658,116.6931584262573,2.1757757093739962
3634,-121.759673,38.566501,12.59,5,33.325016021728516,0.7536664511077106,,,3990.0106491338747,28.79849598359255,91685.82289643837,3208938.5894297585,25.370748225061618,28.783475849851545
3633,-121.760821,38.566513,9.23,3,32.32353591918945,0.7652672278229147,,,5240.383978736296,28.79849598359255,95287.8944121071,3244890.3281605365,32.63110205088737,76.23540211327163
3739,-121.757363,38.567377,0.96,1,32.614070892333984,0.7589904183987528,,,2363.687651344025,20.070648683365448,118813.71128708203,3221899.846247795,246.26370834868126,51.11977156988848
3737,-121.759658,38.567402,0.0,0,34.21712112426758,0.7444380435626954,,,3522.7084493293332,28.79849598359255,120885.87794402712,3971188.91315176,121.51521554591069,104.85202722008603
3736,-121.760805,38.567414,6.68,4,32.764461517333984,0.7398766513215378,,,3522.7084493293332,28.79849598359255,100080.63186548508,3100639.0705893068,123.17014752793678,136.69192861245486
3738,-121.75851,38.56739,1.25,1,33.56427764892578,0.7382107116281986,,,3910.844370336189,28.79849598359255,65721.19290014426,2035714.384064391,166.59275153732662,8.860610791061758
3735,-121.761953,38.567426,11.59,5,31.940719604492188,0.7165306389797479,,,3910.844370336189,28.79849598359255,117950.69060739764,4517637.6015441725,173.9037390384827,60.50181556520657
3839,-121.76079,38.568315,8.53,4,32.45000457763672,0.7248858517268673,,,3910.844370336189,28.79849598359255,166354.54383970314,2950061.4627887798,222.1404803016991,67.05258734725847
3838,-121.761938,38.568327,4.1,2,30.768339157104492,0.5790305233094841,,,1355.4234935127263,28.79849598359255,185452.86599052948,4403380.687166473,253.81914328683447,1.746573214689038
3640,-121.752788,38.566428,10.66,6,34.16926956176758,0.7331327106803656,,,3893.9326987401823,20.070648683365448,127179.40699184114,3020565.131181607,219.47626559411083,93.02038429218251
3743,-121.752772,38.567329,2.55,2,33.77277755737305,0.7386959258001298,,,3273.532226660394,20.070648683365448,159531.13916199387,3541493.5163088334,240.03909717934965,35.24075524231717
3742,-121.75392,38.567341,3.7,3,33.87873840332031,0.7629703782731667,,,2943.164140608263,28.79849598359255,110709.58520231332,2121102.9488209607,333.8413244929952,10.58684332892376
3741,-121.755067,38.567353,5.7,5,32.87042236328125,0.7440080312080681,,,2918.932504897572,20.070648683365448,37814.31348589937,1259461.620732964,430.32291216631194,37.13490881429033
3740,-121.756215,38.567365,14.37,9,31.311803817749023,0.7148267241427675,,,1746.5922241204244,20.070648683365448,84386.53694392627,2110858.0354422377,336.9785182451438,0.7623172509587138
3843,-121.756199,38.568266,0.0,0,32.99005126953125,0.7677270681597292,,,1779.3267979799787,28.79849598359255,126960.56831364986,3062159.103864978,369.09752750737346,19.85488476122966
3845,-121.753904,38.568242,4.95,3,33.53009796142578,0.760872611484956,,,2943.164140608263,28.79849598359255,88667.8899733725,2051777.7817514082,333.30871537750375,39.78665672450938
3846,-121.752756,38.56823,10.79,6,34.23762893676758,0.7294334443868138,,,2943.164140608263,28.79849598359255,79757.6341469341,1606438.3516718436,295.1833594620733,53.58498031140389
3844,-121.755052,38.568254,6.36,3,32.764461517333984,0.7406249644700438,,,1779.3267979799787,28.79849598359255,257285.4456871639,3820844.9689578773,339.7077929836897,17.428725663512143
3948,-121.753889,38.569143,8.37,4,33.01397705078125,0.7653335267095827,,,2943.164140608263,28.79849598359255,214012.76511429803,4622858.858153783,233.22255640697452,51.22928199536642
3842,-121.757347,38.568278,4.37,2,33.78303146362305,0.7747264198260382,,,1779.3267979799787,28.79849598359255,115625.94565078375,3133294.3819811484,307.9534284551682,20.116537721146347
3841,-121.758495,38.568291,4.58,2,32.668758392333984,0.7349629560485482,,,3910.844370336189,28.79849598359255,107933.30028872294,2813253.187862013,248.86534837004058,10.325688333002132
3840,-121.759642,38.568303,7.26,4,33.65314865112305,0.7425434256438166,,,3910.844370336189,28.79849598359255,112258.34713578587,2665736.2489481107,221.26087313504996,110.15471132922481
3941,-121.761922,38.569228,10.03,6,29.2883358001709,0.7327016355702654,,,1355.4234935127263,28.79849598359255,304786.130923049,2648637.3939982597,344.4557234361982,2.0813588885044174
3945,-121.757331,38.569179,3.84,2,34.64095687866211,0.7474494054331444,,,1779.3267979799787,28.79849598359255,91703.3182100142,3740313.641196585,346.22654609962063,65.90956725729868
3942,-121.760774,38.569216,4.12,2,31.752727508544922,0.7561217455659062,,,3910.844370336189,28.79849598359255,205953.55480882604,3980920.7891258937,321.8434817406804,37.796093533395045
3944,-121.758479,38.569192,0.0,0,33.81379318237305,0.7324415425440141,,,3910.844370336189,28.79849598359255,149968.78444790287,4564644.345428858,340.8819919922201,10.535237575138666
3943,-121.759627,38.569204,0.0,0,33.57111358642578,0.7530598702142015,,,3910.844370336189,28.79849598359255,145787.1183997187,3935028.333745607,321.26143457293836,110.45197038121503
4047,-121.758464,38.570093,4.29,6,34.16585159301758,0.7488206553738564,,,3910.844370336189,28.79849598359255,169773.34297782488,3463999.453217653,378.8868699126628,10.264067054152484
4046,-121.759611,38.570105,0.0,0,32.607234954833984,0.7391199691531559,,,3910.844370336189,28.79849598359255,144705.66885289425,3699645.927690691,421.34314290453005,57.739099772058786
3835,-121.76538,38.568364,0.0,0,33.307926177978516,0.6747413177508861,,,1355.4234935127263,28.79849598359255,353316.88902405684,7740019.286494346,478.93105945064593,13.692895696449066
3937,-121.766513,38.569277,2.35,1,32.23808670043945,0.7173445970984176,,,1355.4234935127263,28.79849598359255,173405.65377835583,2837914.381936973,615.2932959505312,52.795029419640855
3939,-121.764217,38.569252,3.3,1,31.63309669494629,0.7454652935266495,,,1355.4234935127263,28.79849598359255,368357.9655649183,4016077.7737932513,456.76392538400637,94.56349008375308
3938,-121.765365,38.569264,1.88,1,31.752727508544922,0.7322793713149925,,,1355.4234935127263,28.79849598359255,351904.3645213652,3682098.373562471,532.5305055194549,97.76899462263356
3940,-121.76307,38.56924,0.66,0,30.69997787475586,0.7107300916686654,,,1355.4234935127263,28.79849598359255,227025.7689558219,1447212.4625395802,392.02684844044205,85.45828407257669
4043,-121.763054,38.570141,2.04,1,31.069124221801758,0.5820067620370537,,,1355.4234935127263,28.79849598359255,343792.1002643804,2144897.614610316,477.45642199835544,14.69626445358762
4041,-121.76535,38.570165,9.0,3,30.68972396850586,0.7251067229080945,,,1355.4234935127263,28.79849598359255,446465.4160575825,3440482.966652237,598.2623779536107,2.3660503059711653
4040,-121.766497,38.570178,5.58,4,31.024690628051758,0.6864229703787714,,,1355.4234935127263,28.79849598359255,,,672.942818129191,0.33400619471108045
4042,-121.764202,38.570153,3.58,1,30.857206344604492,0.7483928997535259,,,1355.4234935127263,28.79849598359255,403723.33945300506,3693065.559041745,531.9370186307576,5.318815236089622
4146,-121.763039,38.571042,13.64,4,33.119937896728516,0.3846507804701105,,,1355.4234935127263,28.79849598359255,,,567.7567069671783,114.8484154056286
3947,-121.755036,38.569155,1.89,1,32.689266204833984,0.7427934472216293,,,1779.3267979799787,28.79849598359255,86729.61691526383,1685264.117337418,241.35926215791278,36.05588455886368
3949,-121.752741,38.569131,11.92,6,33.81037521362305,0.7643505102605559,,,2943.164140608263,28.79849598359255,162470.05893268678,3021218.2350647054,229.4027132193646,123.23401905390851
3946,-121.756184,38.569167,3.01,1,33.76594161987305,0.7438851976767182,,,1779.3267979799787,28.79849598359255,183867.59872802507,3782750.665880016,281.25115435718465,94.84019155583063
4049,-121.756168,38.570068,3.64,4,34.480308532714844,0.7486833343282342,,,1779.3267979799787,28.79849598359255,174873.65800150405,3462541.1681145965,204.9617240942294,120.05684778819074
4048,-121.757316,38.57008,5.31,5,34.17952346801758,0.7639063013717532,,,1779.3267979799787,28.79849598359255,170091.007630616,3693710.9826945574,287.7727363186782,79.76156289404112
4052,-121.752725,38.570032,8.28,3,33.41730499267578,0.745245736790821,,,2943.164140608263,28.79849598359255,115264.01944062534,2330914.4710313943,129.30964238192823,58.28237332122723
4050,-121.755021,38.570056,0.0,0,32.99346923828125,0.734099839348346,,,1779.3267979799787,28.79849598359255,207977.43267172604,3096297.3067489807,145.54199448856969,35.746525025628074
4051,-121.753873,38.570044,1.75,2,33.335269927978516,0.7454099675873295,,,1779.3267979799787,28.79849598359255,169528.3356752534,3567860.923722386,133.1318899751994,29.378882894224077
4154,-121.753857,38.570945,9.68,5,31.110139846801758,0.671824061893858,,,1779.3267979799787,28.79849598359255,211010.77122730407,3384944.374712799,33.04124467120091,9.19240808755985
4155,-121.75271,38.570933,8.34,5,31.643352508544922,0.509160427027382,,,1779.3267979799787,28.79849598359255,176371.49909532227,4166164.013156299,29.221065934288237,3.894510054157311
3954,-121.747003,38.569069,6.59,5,34.82210922241211,0.7431089250603691,,,3273.532226660394,20.070648683365448,64624.23891208723,2923243.436395083,154.69143335982415,34.33336488049111
3950,-121.751593,38.569118,5.98,4,34.422203063964844,0.75070474029053,,,2943.164140608263,28.79849598359255,90294.83982796402,3065669.8275119103,182.05150690148326,96.11214195847398
3952,-121.749298,38.569094,5.53,4,35.030609130859375,0.742560959343488,,,1779.3267979799787,28.79849598359255,104771.385285172,2989769.5042147287,103.70793917792822,16.259192640347464
3951,-121.750446,38.569106,4.73,4,34.996429443359375,0.753987054922618,,,1779.3267979799787,28.79849598359255,125471.08926191735,3128454.519897889,110.26423849984167,50.52852236963633
3953,-121.74815,38.569082,1.43,2,34.904144287109375,0.7498324272455648,,,3273.532226660394,20.070648683365448,125285.79325539582,4053501.599125058,129.15687660271058,9.232463124383905
4055,-121.749282,38.569995,0.0,0,33.205387115478516,0.6908801684621722,,,1779.3267979799787,28.79849598359255,162909.9419789752,3589634.1680814344,6.861799852955112,40.44505859470523
4054,-121.75043,38.570007,11.12,9,33.342105865478516,0.7485777148976922,,,1779.3267979799787,28.79849598359255,121481.61922989176,3094711.2091707787,52.13578952863471,31.778447416101912
4053,-121.751578,38.570019,9.66,6,33.60529327392578,0.7383877880056389,,,2943.164140608263,28.79849598359255,116047.01652334094,3389862.520534008,125.62127617406695,49.944297536630714
4056,-121.748135,38.569983,1.43,2,33.91291809082031,0.7521200217306614,,,1779.3267979799787,28.79849598359255,120919.85466386857,4239996.458532182,32.289417876274925,87.69399533004842
4157,-121.750414,38.570908,2.71,1,28.878173828125,0.22643604560289532,,,1779.3267979799787,28.79849598359255,125467.0943467471,2847038.067244855,21.723206561782632,13.454851812179962
3936,-121.767295,38.569273,0.0,0,,0.5378066620323807,,,,,90450.58494789118,2862939.032541813,673.6415323721388,15.260770777431048
4039,-121.767246,38.570171,0.0,0,,0.37905802042223513,,,,,,,723.9677600811754,19.856277332734855
4144,-121.765334,38.571066,33.68,8,29.568613052368164,0.5736093095038086,,,1355.4234935127263,28.79849598359255,353517.0011747141,1336488.3369275858,672.4873638777555,102.50424193787991
4142,-121.767197,38.571068,0.0,0,,0.3137852812651545,,,,,,,783.7813785908985,99.10622214154137
4143,-121.766482,38.571079,18.79,6,31.16824722290039,0.693978285882622,,,1355.4234935127263,28.79849598359255,,,739.7796080895785,99.61434414042166
4145,-121.764186,38.571054,1.06,1,31.400672912597656,0.6627375451581818,,,1355.4234935127263,28.79849598359255,116942.02649417863,757895.3413777094,614.2396380069679,105.40452322637924
4247,-121.765319,38.571967,10.55,4,,0.21528605022467673,,,,,,,752.793885730081,202.6392456727256
4249,-121.763023,38.571943,1.38,1,33.70100021362305,0.09629267710261047,,,,,,,660.8766564140417,207.7360261045465
4246,-121.766427,38.571802,14.58,5,,0.5388585182372481,,,,,,,796.0534788902804,180.1099575710307
4248,-121.764171,38.571955,6.11,3,,0.12645805366337298,,,,,5000.0,82138.2221045395,701.2448037933318,205.48557121269164
4245,-121.767158,38.571767,0.0,0,,0.22914926329394802,,,,,,,835.6544551896812,175.71431825235214
4350,-121.765318,38.572449,0.0,0,,0.0331244544358924,,,,,,,797.9204801466144,256.18532633612443
4352,-121.763023,38.57242,0.0,0,,0.027993521885946393,,,,,,,711.1755781384124,231.2495452053674
4351,-121.76417,38.572435,0.0,0,,0.030216220766305923,,,,,,,749.1967192843256,258.7704498408107
4349,-121.765942,38.572457,0.0,0,,0.037776837998535484,,,,,,,828.3037933577455,255.46927826879434
2520,-121.738042,38.556357,1.4,0,31.24344253540039,0.5405409527011216,8.00376647834275,0.0,1035.1814399541918,33.37508947745168,,,485.7368848054172,93.03509671331675
2521,-121.736895,38.556345,13.42,6,32.12529373168945,0.7213305836776271,10.348071495766698,0.0,1035.1814399541918,33.37508947745168,,,538.9940138133418,110.48189573038294
2518,-121.740337,38.556382,13.18,6,32.48760223388672,0.7069146708818153,31.238273921200747,3.5021888680425266,1035.1814399541918,33.37508947745168,96382.34781495531,2992209.3198185046,289.19190591115125,13.761094976054089
2623,-121.738026,38.557258,6.17,3,31.957809448242188,0.7146332316333428,18.201754385964914,0.0,1035.1814399541918,33.37508947745168,61354.07931269302,2338486.5734146885,482.19444569762703,7.059209476800928
2621,-121.740321,38.557283,11.59,6,32.91827392578125,0.7314482826041058,9.717868338557992,0.3761755485893417,3824.5528773903898,33.37508947745168,108081.01086298429,3028831.099267121,283.20518341489554,13.798808846354822
2620,-121.741469,38.557295,19.13,7,32.98321533203125,0.6811739776749164,8.769182586908864,0.0,7800.832116664219,33.37508947745168,,,184.3067500562248,60.182764824406334
2622,-121.739174,38.55727,4.85,3,32.02275085449219,0.723769613658078,27.05661557710353,3.6284016265248673,3755.8471714711395,33.37508947745168,73199.14343089989,2766063.0909924353,382.5484530911586,11.536560309962415
2726,-121.738011,38.558159,9.84,2,34.05305480957031,0.7620243553537875,24.3734335839599,0.5012531328320802,3824.5528773903898,33.37508947745168,71264.54312193487,2934038.04845231,450.60771128998454,107.09608903306335
2723,-121.741453,38.558196,18.72,7,32.34404754638672,0.6566977559123188,7.860945818979016,0.0,7800.832116664219,33.37508947745168,,,184.68479371066724,8.051829805608088
2724,-121.740306,38.558184,15.54,7,32.39873504638672,0.7453204445773736,6.892230576441103,0.2506265664160401,3824.5528773903898,33.37508947745168,77625.67482300941,2479450.6285973894,265.4196624250863,2.251440625506246
2515,-121.743779,38.556419,25.67,10,33.140445709228516,0.745739350002259,35.40100250626567,0.0,2681.175786806287,33.5300316122234,40935.043090409155,2489032.4388655787,59.961114386006884,47.500469371642296
2516,-121.742632,38.556406,12.4,7,33.44123077392578,0.766546527040191,20.86466165413534,0.4699248120300752,5732.953006232606,33.5300316122234,19869.302832487167,840593.3252403359,105.68593893310667,47.116699063951174
2512,-121.747222,38.556456,14.74,5,32.26884841918945,0.7621175973908976,20.388349514563107,0.0,0.0,,80287.10449231023,4336223.610947431,0.0,17.55585489447464
2513,-121.746074,38.556443,7.47,4,32.672176361083984,0.7456365717807785,8.427318295739349,5.200501253132832,0.0,,33944.52733161402,1979699.7130392261,84.74838098862563,5.809039229612835
2514,-121.744927,38.556431,17.08,7,32.46025848388672,0.7452808631739268,8.043818466353677,0.0938967136150234,2681.175786806287,33.5300316122234,27473.691601162078,1751817.7512062753,60.43430269640546,20.714190839318018
2618,-121.743764,38.55732,22.4,10,31.944137573242188,0.6821314210537821,9.125117591721544,3.041705863907181,0.0,,,,0.0,19.30591219304839
2616,-121.746059,38.557344,6.42,2,32.33378982543945,0.7487361468374729,10.335108048856874,4.008769182586909,0.0,,,,95.93462088816445,37.605969415751346
2619,-121.742616,38.557307,0.0,0,32.93194580078125,0.7105181770748459,24.561403508771928,0.0,5732.953006232606,33.5300316122234,,,87.27834709379944,59.754190670636774
2617,-121.744911,38.557332,6.13,4,32.11162185668945,0.7243273267522454,8.880550343964979,7.035647279549719,0.0,,,,20.05184914326732,75.73181797806434
2721,-121.743748,38.558221,14.89,8,31.732219696044922,0.7450399354216642,0.0,0.0,5732.953006232606,33.5300316122234,,,34.69430139964968,22.303406003973762
2624,-121.736879,38.557246,8.31,3,32.29619216918945,0.7371622659265995,16.065265139629744,0.0,1035.1814399541918,33.37508947745168,65824.57349637235,2525864.441816698,541.8598193273355,53.53157046621019
2625,-121.735732,38.557233,11.37,6,32.00566101074219,0.7370574623346329,18.153364632237874,0.0,1035.1814399541918,33.37508947745168,63404.311915099584,2117091.7440073863,442.2255311706542,48.29322072715141
2626,-121.734584,38.557221,6.61,4,32.56963348388672,0.7493172073736787,8.005003126954346,0.0,2862.7453227715923,11.895910780669144,108175.90021307794,2586724.0069573596,342.51346128505617,49.57669003569247
2628,-121.732289,38.557196,18.79,8,32.00907897949219,0.7456761002540588,15.22079549013467,0.0,2862.7453227715923,11.895910780669144,131414.2485980232,3228284.425116702,143.49849969240273,101.98672663599908
2730,-121.733421,38.558109,11.93,5,33.328433990478516,0.7498588577145711,10.839598997493734,0.0,2773.5240169350614,11.895910780669144,87508.61638700952,2592397.0389488125,269.94968815364814,67.69857617034722
2731,-121.732273,38.558097,22.63,10,32.13212966918945,0.742385650286451,7.969877627863194,0.0,2773.5240169350614,11.895910780669144,88287.670927122,2524975.0041169277,185.6787431689294,1.9990007255210074
2729,-121.734568,38.558122,4.9,4,33.325016021728516,0.7407300211489201,13.120899718837864,0.0,3346.5592057648305,11.895910780669144,78605.09715258579,2511175.29858228,362.2315334858506,55.87788161703173
2728,-121.735716,38.558134,14.2,4,33.143863677978516,0.7318267822265625,7.909604519774012,0.0,2327.7593983819506,33.37508947745168,59102.28412701169,2691342.3915713504,457.75469911656603,44.05167836148755
2727,-121.736863,38.558147,7.55,3,33.88557434082031,0.7487361468374729,13.529595991230815,0.0,3824.5528773903898,33.37508947745168,58492.136938676726,2558075.0293457955,547.09504805126,116.57869779918016
2832,-121.734553,38.559023,13.82,8,33.79328536987305,0.7470206937287003,8.208020050125313,0.0,3346.5592057648305,11.895910780669144,87745.97158787971,2629432.021147207,406.47276691762073,55.89631994135782
2720,-121.744896,38.558233,7.86,3,30.231708526611328,0.3472379670323183,0.0,0.0,0.0,,,,0.0,23.641520135011827
2718,-121.74719,38.558258,7.73,2,31.304967880249023,0.6301795886053393,8.208020050125313,3.5401002506265664,0.0,,,,0.0,13.218343426464562
2722,-121.742601,38.558208,18.68,7,32.672176361083984,0.7103957125218585,17.106089139987446,0.8160703075957313,5732.953006232606,33.5300316122234,,,121.8440694091414,20.444506210476035
2719,-121.746043,38.558245,2.22,1,31.56815528869629,0.36423118505626917,7.501569365976146,5.555555555555555,0.0,,,,20.599434907275498,35.40559163620256
2822,-121.746027,38.559146,20.41,9,30.32399559020996,0.5669184378348291,0.0,0.0,0.0,,,,0.0,4.835001753351936
2823,-121.74488,38.559134,20.83,9,30.65896224975586,0.5465190429822542,0.0,4.29871352368999,0.0,,,,0.0,17.03822578956213
2824,-121.743732,38.559122,4.38,2,32.596981048583984,0.7198151493212208,0.0,0.0,5732.953006232606,33.5300316122234,,,29.061187847293077,31.351275681461182
2825,-121.742585,38.559109,10.89,6,33.07550048828125,0.6911338514182717,0.0,0.0,5732.953006232606,33.5300316122234,,,43.28166167198215,33.03976096455264
2925,-121.746012,38.560047,10.34,3,30.447044372558594,0.46827098552603275,6.746987951807229,12.650602409638552,0.0,,,,0.0,35.262780246489044
2926,-121.744864,38.560035,17.7,5,31.872358322143555,0.6889537007082254,11.383928571428571,10.267857142857142,0.0,,,,10.887670370855666,3.044393688545312
2725,-121.739158,38.558171,19.03,10,32.96954345703125,0.753192299627699,5.13302034428795,4.976525821596244,3824.5528773903898,33.37508947745168,72005.52163664749,2556423.705199238,356.1077794094125,74.80292354447013
2830,-121.736848,38.559048,8.7,6,34.401695251464844,0.7511146375909448,18.60319448794237,0.0,2327.7593983819506,33.37508947745168,62963.81339622552,3022276.446797874,488.6809744733953,143.87638126923747
2828,-121.739142,38.559072,19.12,11,33.39679718017578,0.7118757005082443,0.0,2.1875,7800.832116664219,33.37508947745168,56996.49434705544,1904905.3605895406,333.15569449622876,1.2190946561000275
2827,-121.74029,38.559085,23.56,5,30.867460250854492,0.6241872219834477,0.0,0.0,7800.832116664219,33.37508947745168,,,233.75067045671955,66.60119175990184
2826,-121.741437,38.559097,20.49,7,32.20048904418945,0.6176575507270172,16.321406151914626,0.0,7800.832116664219,33.37508947745168,,,135.23978020818706,85.00109002339961
2829,-121.737995,38.55906,8.42,5,34.63412094116211,0.7041334570385516,5.867587072481958,0.8785691873235018,2327.7593983819506,33.37508947745168,109447.02743545703,4121981.5703469007,432.4991246364365,82.86566928837354
2932,-121.737979,38.559961,4.28,3,35.21518325805664,0.731592230964452,21.027890943277967,7.082419304293325,2327.7593983819506,33.37508947745168,,,348.25919224656735,55.3660658608597
2930,-121.740274,38.559986,12.59,7,31.718547821044922,0.6764595663407817,41.32675930076199,10.04034065441506,8607.460122635594,33.37508947745168,,,241.23702475788312,56.45040872917162
2929,-121.741422,38.559998,13.29,4,32.764461517333984,0.6211636668303981,18.13417190775681,10.167714884696016,8607.460122635594,33.37508947745168,,,145.75775466878508,50.32493332258238
2931,-121.739127,38.559973,17.78,8,33.48908233642578,0.6407723878510296,16.061365059486537,5.447714464621164,8607.460122635594,33.37508947745168,,,299.0648144468621,43.03918681282254
2821,-121.747175,38.559158,20.04,8,29.589120864868164,0.5191601185360923,3.6654135338345855,0.0,0.0,,,,0.0,5.792935013708037
2820,-121.748322,38.559171,2.21,2,29.985610961914062,0.11201154603622854,16.082603254067585,0.0,0.0,,,,9.468885232948493,44.394397672855746
2817,-121.751765,38.559208,0.0,0,36.59606170654297,0.686043762601912,0.0,6.71477878882962,0.0,,,,309.1838696150372,44.0318847851595
2818,-121.750617,38.559195,0.0,0,35.17758560180664,0.5064849375048652,0.0,6.046365914786967,0.0,,,,209.2488351883333,143.9664645636276
2819,-121.74947,38.559183,0.38,1,30.62820053100586,0.06719318047786753,7.957393483709272,0.18796992481203,0.0,,,,109.40238466973558,135.8513661199922
2922,-121.749454,38.560084,2.98,0,31.57840919494629,0.11211115540936589,6.417112299465241,10.481283422459892,0.0,,,,109.42277108194192,56.18924853966305
2923,-121.748307,38.560072,11.94,2,30.894805908203125,0.13719018665142357,2.367531003382187,10.146561443066515,0.0,,,,9.577516897228426,44.00036837260676
2924,-121.747159,38.560059,3.95,1,30.071062088012695,0.18535162799526006,35.92356687898089,12.48407643312102,0.0,,,,0.0,41.53490362757307
2921,-121.750602,38.560096,3.8,2,33.171207427978516,0.1827616395894438,6.014271151885831,6.320081549439347,0.0,,,,209.3550426642783,55.672817597441856
2920,-121.751749,38.560109,1.57,0,34.493980407714844,0.5840573518071324,4.779756326148079,0.0,0.0,,,,309.2018318535245,44.65933671367946
2834,-121.732258,38.558998,20.98,9,32.96612548828125,0.7499777770135552,16.290726817042607,0.0,2773.5240169350614,11.895910780669144,121183.90839801486,3358907.395268309,261.63177659667133,97.98233686619164
2831,-121.7357,38.559035,13.02,8,32.88409423828125,0.738236932316795,14.411027568922306,0.0,2327.7593983819506,33.37508947745168,48295.98612303787,2074219.9301801252,493.4335786709514,43.945217117661336
2833,-121.733405,38.55901,14.2,7,33.75226974487305,0.7618246233323589,8.260325406758447,0.0,3266.209805314735,11.895910780669144,42873.867515977174,1538477.5197034976,326.8204271062184,117.9630472161388
2937,-121.732242,38.559899,27.02,10,32.43291473388672,0.7548485232982785,19.23558897243108,2.788220551378446,2773.5240169350614,11.895910780669144,114861.79719516126,2801506.25633842,349.9526806465548,111.71281673026735
2934,-121.735684,38.559936,10.36,3,32.641414642333984,0.7399160249624401,29.51127819548872,3.3834586466165413,2327.7593983819506,33.37508947745168,49285.09387536241,2054701.5936037127,494.8569612035393,43.63080317672364
2936,-121.733389,38.559911,10.73,6,33.284000396728516,0.7585119290743023,21.408450704225352,3.1611893583724573,3346.5592057648305,11.895910780669144,91677.62660324288,2758435.695695054,401.0186143666698,156.14111167421203
2935,-121.734537,38.559924,12.07,5,33.314762115478516,0.7498456398025155,23.248507697141065,2.827521206409048,3346.5592057648305,11.895910780669144,108249.15226949808,3088534.225773395,468.2252386131057,56.21133253264972
2933,-121.736832,38.559948,8.15,2,34.16926956176758,0.734570566797629,22.9683087543144,5.240037652965171,2327.7593983819506,33.37508947745168,,,416.0662620610049,59.25830449019422
3040,-121.732226,38.5608,3.59,2,32.88409423828125,0.7404936535749584,0.0,2.6026967701473813,0.0,,56714.008778939766,1163460.6994228961,443.3374928259384,80.10933952966222
3039,-121.733373,38.560812,4.57,2,34.05989074707031,0.7210066318511963,8.0463368816531,0.0,0.0,,68367.69052931062,2172514.884308769,484.6502190792983,85.66584770611931
2927,-121.743717,38.560023,3.44,1,33.270328521728516,0.7018987711053342,17.037037037037038,12.592592592592592,5732.953006232606,33.5300316122234,,,0.0,57.38109349822486
2928,-121.742569,38.56001,15.37,3,33.178043365478516,0.6429420508987581,15.039281705948374,10.21324354657688,8607.460122635594,33.37508947745168,,,49.13767780661077,28.743211992373165
3031,-121.742553,38.560911,0.68,1,33.49250030517578,0.731257193799441,,,425.1750332695901,12.2431055682417,,,30.619728997874503,7.650437761653321
3030,-121.743701,38.560924,15.77,5,32.41924285888672,0.7133052326971665,,,0.0,,,,36.353298471048795,18.679799956237453
3029,-121.744849,38.560936,13.32,7,33.328433990478516,0.7341259866952896,,,3273.532226660394,20.070648683365448,,,39.03998771542836,2.7750618433805596
3028,-121.745996,38.560948,28.69,9,34.06672668457031,0.6646083540399559,,,3273.532226660394,20.070648683365448,,,41.38790326456029,2.7928384991196835
3130,-121.747128,38.561861,1.53,1,33.47882843017578,0.7523450028384104,,,3273.532226660394,20.070648683365448,104098.32379780931,5329116.882968487,141.61558466697068,14.835049564261928
3134,-121.742538,38.561812,0.05,0,33.246402740478516,0.7291402484988794,,,425.1750332695901,12.2431055682417,,,24.38240850982279,24.219548927739382
3131,-121.74598,38.561849,4.56,3,34.924652099609375,0.7372015692526475,,,3273.532226660394,20.070648683365448,113456.04769628275,5859627.886781416,141.55157730572796,99.2565814008439
3133,-121.743685,38.561825,27.33,8,31.650188446044922,0.6060319697717205,,,345.3526778550773,20.070648683365448,,,76.43929638521605,9.127335659835685
3036,-121.736776,38.560536,0.0,0,33.80695724487305,0.6776523313019425,11.829306557891432,0.0,2327.7593983819506,33.37508947745168,,,378.74261239466324,4.392348824264845
3038,-121.734521,38.560825,3.35,3,33.94026184082031,0.7437009720597416,21.046038208581272,0.0,0.0,,43748.67633437526,1694382.7665812636,539.2982829512862,39.232674145543925
3037,-121.73559,38.560751,1.02,0,32.30302810668945,0.7262505823746324,9.843260188087774,0.0,0.0,,77166.92854933553,2718102.2459821086,456.45295715858714,1.8320814106615988
3143,-121.732208,38.561699,0.9,1,34.14876174926758,0.7477990022161976,8.051378446115288,0.0,0.0,,,,453.6015622029375,41.69228779508331
3141,-121.734354,38.561425,6.99,1,34.81185531616211,0.706901820609346,13.90541810209834,0.0,0.0,,,,534.3578889731422,4.613426352100417
3142,-121.7333,38.561598,1.23,1,34.81527328491211,0.6926569270435721,24.225352112676056,0.0,0.0,,,,523.2631528125513,10.806504648848275
3140,-121.73513,38.561297,100.0,0,33.77961349487305,0.5778004080057144,3.482899278318168,0.0,0.0,,,,472.5272251894676,14.478212686294235
3246,-121.731978,38.562257,0.0,0,34.79134750366211,0.6798149333335459,28.647297719462667,0.0,0.0,,,,392.16597423157936,9.418793488492163
3033,-121.740258,38.560887,6.08,2,34.66830062866211,0.5722163669997826,,,0.0,,,,174.6644073619892,7.045387335770967
3032,-121.741406,38.560899,4.26,3,34.14876174926758,0.6793370193336159,,,425.1750332695901,12.2431055682417,,,107.34608753690243,3.3765443753115325
3034,-121.739111,38.560874,0.13,0,35.66636276245117,0.6442241050535813,13.908741066520069,0.0,0.0,,,,209.10179146886423,7.3390177551126055
3035,-121.738025,38.560839,2.22,1,35.030609130859375,0.7241455281618983,0.0,0.0,425.1750332695901,12.2431055682417,,,272.5918852171845,9.568902173575026
3135,-121.74139,38.5618,0.0,0,34.975921630859375,0.6834301335038617,,,425.1750332695901,12.2431055682417,,,52.413503897843164,49.77944440004172
3136,-121.740243,38.561788,2.34,1,36.869503021240234,0.5500177025096491,,,0.0,,,,77.78000050048847,75.4980155934696
3138,-121.738158,38.561735,7.82,3,34.02229309082031,0.6248128621373326,12.205567451820128,0.4996431120628123,425.1750332695901,12.2431055682417,,,207.69303080189854,26.080017478465514
3137,-121.739095,38.561775,0.0,0,37.7274284362793,0.5628091214457527,,,0.0,,,,134.43552715025916,53.463927855311226
3240,-121.739079,38.562676,0.0,0,35.25278091430664,0.7197633443865925,,,4762.201634036628,12.2431055682417,,17159449.866292194,111.74885571336343,7.490926394699144
2507,-121.752959,38.556517,19.68,9,33.50275421142578,0.7449647472240031,16.630128405887877,0.2192295646727216,4457.774568166527,32.20917014020462,65864.44645589257,1992628.775168004,408.8932005973672,56.72506690669622
2503,-121.757549,38.556566,7.65,4,33.71467208862305,0.7503874792018905,16.489028213166144,0.1253918495297805,2008.1542211269905,32.20917014020462,53635.347246914025,3500134.463769813,347.0375029390816,29.35789543448269
2506,-121.754106,38.556529,15.23,7,32.716609954833984,0.7278639227151871,2.688340106283213,4.72022507033448,2008.1542211269905,32.20917014020462,103710.76157688421,2982203.5960215447,508.7432386846094,79.09236487050089
2609,-121.754091,38.55743,5.01,2,32.747371673583984,0.7321139855775982,0.0,0.1252348152786474,3310.0185520659193,32.20917014020462,92695.20827709437,2561308.6469930694,508.8457140527249,145.58820846148933
2606,-121.757533,38.557467,9.44,4,33.49250030517578,0.7423593560233712,20.966729441305716,4.111738857501569,2008.1542211269905,32.20917014020462,120375.21370566609,2871656.9774522604,443.7426617632661,91.09183851641525
2607,-121.756386,38.557454,8.9,5,33.304508209228516,0.7589106634259224,10.87092731829574,2.0050125313283207,2008.1542211269905,32.20917014020462,88883.08532734323,2228837.7974355724,476.69036054030346,97.89787370520872
2608,-121.755238,38.557442,14.57,7,32.631160736083984,0.7425872567109764,8.29940494832446,0.0,3310.0185520659193,32.20917014020462,138091.9329652051,3346134.9226541403,526.9247912171173,73.57993620043054
2710,-121.75637,38.558355,20.75,9,33.314762115478516,0.7323228961322457,8.035153797865663,3.358443188951663,5004.318906007428,32.20917014020462,128006.32717527296,3331106.0499719367,568.999164470569,66.59150237476143
2711,-121.755223,38.558343,17.44,10,32.631160736083984,0.7250027956130604,1.0964912280701753,0.0,4647.572188587696,32.20917014020462,122931.26876001361,3496798.4321431112,608.7958205040114,125.34206391667064
2712,-121.754075,38.558331,10.75,6,32.55937957763672,0.7235094165662304,0.0,0.0,4647.572188587696,32.20917014020462,120657.8733956468,2887670.1590411975,508.861186092211,122.51360297171126
2615,-121.747206,38.557357,5.24,2,32.05351257324219,0.7305089813889936,13.15128688010044,0.2197112366603892,0.0,,,,0.0,18.60215561809763
2611,-121.751796,38.557406,5.72,1,34.507652282714844,0.729009959846735,8.205449420607579,0.0,0.0,,,,309.06100993095777,43.608241757505155
2614,-121.748354,38.557369,1.78,1,32.692684173583984,0.6860437646973878,5.416405760801503,4.571070757670633,0.0,,,,9.42578775902778,22.762446330770167
2613,-121.749501,38.557381,0.0,0,33.201969146728516,0.7097399175399914,4.9390434510784615,2.844638949671773,0.0,,,,109.27467664158966,101.38440551675465
2612,-121.750648,38.557393,0.69,0,33.75226974487305,0.7117080839816481,16.41041732036398,0.0,0.0,,,,209.1235502935301,143.54558113346116
2610,-121.752943,38.557418,17.18,7,33.81379318237305,0.7308176676742733,4.978083907326237,7.576706324358172,4457.774568166527,32.20917014020462,85594.13446775133,2480309.245775226,408.90985172737754,56.240266225563175
2715,-121.750633,38.558294,0.0,0,34.415367126464844,0.709819628437981,7.957393483709272,0.0,0.0,,,,209.22969387479716,142.93929071157996
2716,-121.749485,38.558282,0.63,1,32.57305145263672,0.3835526496404782,15.777917189460478,0.0,0.0,,,,109.29499704649314,111.185548320443
2714,-121.75178,38.558307,3.33,3,35.560401916503906,0.7162465006113052,7.612781954887218,4.949874686716791,0.0,,,,309.07890616128583,43.17836789528097
2717,-121.748338,38.55827,9.65,2,31.988571166992188,0.6721117560130855,11.433926897844424,0.0,0.0,,,,9.44731972889991,12.496150592868842
2713,-121.752928,38.558319,6.67,6,33.97102355957031,0.7234099182921151,0.0,2.568922305764411,4647.572188587696,32.20917014020462,75691.26094774534,2209998.7214935897,409.0135711387763,25.963477490709224
2814,-121.755207,38.559244,24.03,11,32.57988739013672,0.7152976851793937,8.254865034526052,2.605147520401758,4647.572188587696,32.20917014020462,,,608.8101134552638,111.71096705569866
2813,-121.756355,38.559256,14.95,9,32.685848236083984,0.7487361613893881,0.0,10.307017543859647,624.9665168320674,32.20917014020462,15836.339464390874,932630.6189670333,663.562546224248,29.21173196031728
2816,-121.752912,38.55922,6.22,3,33.67023849487305,0.7226919683162123,0.0,0.0,4647.572188587696,32.20917014020462,119972.2280709622,2903456.7822930706,409.0302882781618,55.81370903146665
2815,-121.75406,38.559232,15.73,7,32.38848114013672,0.7422541838604957,0.0,0.0,4647.572188587696,32.20917014020462,141521.64615592736,1830064.846333919,508.9637253571046,155.74632070491057
2916,-121.756339,38.560157,17.34,8,33.62238693237305,0.7317038614502442,0.0,0.0,624.9665168320674,32.20917014020462,,,691.0237573360681,71.34999621731849
2918,-121.754044,38.560133,17.41,7,31.954391479492188,0.7605376840025807,35.093419983753044,4.955320877335499,4647.572188587696,32.20917014020462,101594.43074956501,1393314.8528208712,508.9792634056199,71.97417761856177
2917,-121.755192,38.560145,12.25,6,32.57646942138672,0.7218490570085123,1.1111111111111112,0.0,4647.572188587696,32.20917014020462,,,608.9114725716893,71.64813091113075
2919,-121.752897,38.560121,12.65,4,32.658504486083984,0.7151041012839414,13.846153846153848,0.0,4647.572188587696,32.20917014020462,46466.06607776827,1027921.7760613209,409.1340715852262,55.250778886129964
2915,-121.757487,38.56017,0.0,0,34.562339782714844,0.7042614836245775,0.0,0.0,624.9665168320674,32.20917014020462,,,651.5113358982229,71.551454427034
2707,-121.759813,38.558392,10.83,6,34.04621887207031,0.7403623554855585,0.0,0.0,7822.672677000756,55.93314763231198,192235.33699125343,2338909.646085754,519.1062598001693,108.85996242779231
2811,-121.75865,38.559281,14.65,4,34.07014465332031,0.7496210361132398,2.8876333961079723,0.0,7822.672677000756,55.93314763231198,153224.9414903934,2435918.132640706,632.0842479238265,8.838383132312332
2810,-121.759797,38.559293,10.97,5,34.582847595214844,0.7357375775463879,11.869715001565924,0.0,7822.672677000756,55.93314763231198,,2555730.2391588744,575.4468912530538,108.68397326867964
2808,-121.762092,38.559317,3.88,2,33.49933624267578,0.7579273136798292,4.568023833167826,0.0,3865.3808554497755,55.93314763231198,133836.59754020974,2244291.302111613,436.961251628572,159.24276557830677
2809,-121.760945,38.559305,18.2,9,33.53009796142578,0.7364724477908263,12.531328320802004,0.0,3865.3808554497755,55.93314763231198,111965.30738043183,2161852.1049905163,501.02670384428933,172.04023069832027
2812,-121.757502,38.559269,6.01,3,32.46709442138672,0.7132021049037576,0.0,4.559650218613367,624.9665168320674,32.20917014020462,,,640.3358175306139,91.08626990947427
2914,-121.758634,38.560182,4.44,2,34.613609313964844,0.7376601860160008,0.0,0.0,7822.672677000756,55.93314763231198,,,625.7378540250713,9.174271270382484
2911,-121.762077,38.560218,1.61,1,33.87532043457031,0.7486041190568358,,,7822.672677000756,55.93314763231198,161208.17250241255,2274585.4682618175,522.1143588242768,71.89620561272939
2912,-121.760929,38.560206,4.48,3,33.76935958862305,0.7436799162533134,0.0,0.0,7822.672677000756,55.93314763231198,178354.7041361262,2975090.791658612,576.845682782299,71.87645625255944
2913,-121.759782,38.560194,1.37,1,35.023773193359375,0.7433457135145242,0.0,0.0,7822.672677000756,55.93314763231198,,,615.275658761294,71.85667725366964
3021,-121.754029,38.561034,7.21,3,32.00224304199219,0.7553523788228631,,,7528.383002375754,20.070648683365448,166107.10437684177,2179384.2645746036,510.7591452009392,9.485848563836566
3022,-121.752881,38.561022,7.64,4,32.59355926513672,0.7587112818146124,,,7528.383002375754,20.070648683365448,,,411.24313053173364,9.58104881202469
3020,-121.755176,38.561046,7.29,3,32.01249694824219,0.7290933560580015,,,7528.383002375754,20.070648683365448,,,610.3240975737091,9.393101733183087
3018,-121.757471,38.561071,6.21,5,34.34358596801758,0.6931268909247592,,,7528.383002375754,20.070648683365448,,,557.9452654389103,8.284875518584734
3019,-121.756324,38.561058,2.74,2,33.160953521728516,0.7131076157869151,,,7528.383002375754,20.070648683365448,,,603.5597431215889,10.899033490603479
3125,-121.752866,38.561923,8.52,3,32.07060241699219,0.7548319561465178,,,1746.5922241204244,20.070648683365448,120225.76492248497,2476539.83937089,433.05658722684626,28.79944392805934
3121,-121.757456,38.561972,7.24,5,33.47882843017578,0.7326885634101927,,,7528.383002375754,20.070648683365448,,,467.0845187939928,12.910684968305247
3122,-121.756308,38.561959,8.71,4,32.88409423828125,0.7455179924145341,,,7528.383002375754,20.070648683365448,48407.75989987873,1669117.8274085016,520.7434947048221,13.722751166488612
3124,-121.754013,38.561935,11.96,6,31.838178634643555,0.7422804769594222,,,1746.5922241204244,20.070648683365448,154703.5329053495,3545040.85593066,526.0389624172107,29.641946722304386
3123,-121.755161,38.561947,17.46,7,31.756145477294922,0.7469151918776333,,,1746.5922241204244,20.070648683365448,125995.45485423933,2763164.7668631403,586.5036255946942,4.764054252415188
3025,-121.749439,38.560985,11.75,5,31.383581161499023,0.6804941091686487,,,3273.532226660394,20.070648683365448,,,117.14253947427795,7.4527476685607565
3027,-121.747144,38.56096,23.75,8,31.974899291992188,0.6636321879923344,,,3273.532226660394,20.070648683365448,,,41.451912334347185,6.9918769381434025
3026,-121.748291,38.560973,28.22,13,30.594018936157227,0.5698957566637546,,,3273.532226660394,20.070648683365448,,,42.70843069878682,8.14759380518686
3023,-121.751734,38.56101,19.2,8,32.57305145263672,0.7268098558997735,,,7528.383002375754,20.070648683365448,133012.59507084044,6481524.926462477,312.0787809965022,9.03065765330467
3024,-121.750586,38.560997,10.09,4,32.54228973388672,0.720164701458998,,,7528.383002375754,20.070648683365448,143172.80705393152,7338170.220575917,213.44070312338172,3.381927485623467
3128,-121.749423,38.561886,5.84,2,30.440208435058594,0.7245959345406542,,,7940.3549883090145,20.070648683365448,,,179.11190173904114,76.70630418887232
3127,-121.75057,38.561898,11.75,6,30.805936813354492,0.7333877100027166,,,1746.5922241204244,20.070648683365448,101720.08217581428,2648707.8111858657,252.79314079447238,12.710034366855211
3129,-121.748275,38.561874,4.73,2,30.69655990600586,0.6956062943208963,,,3273.532226660394,20.070648683365448,,,142.10548882538035,14.433414696435802
3126,-121.751718,38.561911,11.87,4,32.03642272949219,0.7472914454410784,,,1746.5922241204244,20.070648683365448,108593.8317503011,2797459.0247024256,340.2221691893582,14.070045541549481
3231,-121.749407,38.562787,10.72,6,29.38062286376953,0.6279498449875973,,,3273.532226660394,20.070648683365448,,,231.90298707435682,32.02343782427543
3015,-121.760914,38.561107,11.2,6,34.00520324707031,0.7141989933637282,,,7444.187662332887,28.79849598359255,,,515.6326206034569,14.59713316412804
3017,-121.758619,38.561083,5.95,3,34.456382751464844,0.7152782996417955,,,7444.187662332887,28.79849598359255,64518.90745897537,10125363.707945166,527.5930921147973,9.783421249673886
3016,-121.759766,38.561095,18.51,9,34.21712112426758,0.7194009192753583,,,7444.187662332887,28.79849598359255,77205.37080974471,11584237.008302579,515.1490962306668,14.26683576438604
3014,-121.762061,38.561119,16.59,8,33.89924621582031,0.7079413692699745,,,7444.187662332887,28.79849598359255,,,530.0360440076264,14.929513322686864
3117,-121.762046,38.56202,4.78,3,33.70441818237305,0.7211362276381502,,,7444.187662332887,28.79849598359255,,,433.37166640860556,11.458325124427413
3120,-121.758603,38.561984,12.97,6,34.22053909301758,0.7525611920282245,,,7444.187662332887,28.79849598359255,48031.84272801516,13774560.539107835,430.4012248449334,10.77929864063362
3118,-121.760898,38.562008,1.6,0,33.45832061767578,0.7133997328734646,,,7444.187662332887,28.79849598359255,,,415.61769384626047,11.990736489968285
3119,-121.759751,38.561996,8.06,5,34.37434768676758,0.7299326709937304,,,7444.187662332887,28.79849598359255,,,415.0385052384526,12.234276584435415
3220,-121.76203,38.562921,4.48,2,33.201969146728516,0.7330891586995373,,,3910.844370336189,28.79849598359255,,,338.7127726671993,88.6998707346986
3222,-121.759735,38.562897,23.72,10,33.53009796142578,0.7572632616696259,,,3910.844370336189,28.79849598359255,,,314.9639798066942,87.9290018130256
3226,-121.755145,38.562848,34.33,13,30.477806091308594,0.7192978321108967,,,1746.5922241204244,20.070648683365448,122466.68280688582,3435515.2417661934,520.5299714461173,2.1675986671933596
3228,-121.75285,38.562824,20.87,8,31.045198440551758,0.7290490582818165,,,1746.5922241204244,20.070648683365448,111221.59785161847,2118748.9433007347,385.6228842214001,25.782345413106576
3225,-121.756293,38.56286,24.92,13,31.294713973999023,0.732079184303681,,,6240.979879964144,20.070648683365448,71653.93399628512,2427157.419172233,445.05584250116584,41.100887987654424
3227,-121.753997,38.562836,11.93,6,30.764921188354492,0.7569512528328535,,,1746.5922241204244,20.070648683365448,82068.70798499483,2252047.699651641,469.2920738677719,22.445316494748525
3328,-121.756277,38.563761,18.73,8,30.081315994262695,0.7162791664013639,,,1746.5922241204244,20.070648683365448,86018.0272029425,2780297.718093595,380.9133194085646,5.682085289564218
3329,-121.755129,38.563749,31.45,13,31.093050003051758,0.7435562192695215,,,1746.5922241204244,20.070648683365448,144992.01228762983,3464633.425997621,466.88534245023504,34.883209907476335
3331,-121.752834,38.563725,20.7,10,33.154117584228516,0.7556229395326227,,,2496.798290657768,20.070648683365448,98765.2447344315,2392298.8681901908,334.19890159450665,53.86416486140959
3330,-121.753982,38.563737,11.47,5,32.54570770263672,0.7608792651444674,,,1746.5922241204244,20.070648683365448,128532.51094341259,2773606.504120908,422.971076372801,91.66925444618843
3432,-121.755114,38.56465,2.34,2,31.916793823242188,0.7486569297034293,,,1746.5922241204244,20.070648683365448,97917.98217273552,2337006.6333329356,430.1232331018835,57.27513360714976
3433,-121.753966,38.564638,10.46,6,33.249820709228516,0.7526759174652398,,,1746.5922241204244,20.070648683365448,101595.15009866326,2341413.7326962543,376.9326064422671,87.4083660574945
3223,-121.758588,38.562885,12.47,7,33.97444152832031,0.725356869836105,,,3910.844370336189,28.79849598359255,,,334.93616361019474,10.99985741223569
3224,-121.75744,38.562873,18.76,7,32.706356048583984,0.7344921017065644,,,6240.979879964144,20.070648683365448,,,380.9655008244205,29.534134446872063
3221,-121.760883,38.562909,6.45,4,32.50127410888672,0.7487097780685872,,,3910.844370336189,28.79849598359255,112972.99455231264,12220694.059623286,315.7053366140076,75.69824887438779
3324,-121.760867,38.56381,20.79,7,32.08769607543945,0.7515378803946078,,,3910.844370336189,28.79849598359255,99558.45640067183,6677644.52218955,216.01342975067658,3.340514218563792
3323,-121.762015,38.563822,8.23,3,33.304508209228516,0.7183271251851693,,,3910.844370336189,28.79849598359255,106783.88167869531,3064909.3065698957,248.4543271574536,42.522388077936725
3325,-121.75972,38.563798,16.37,6,32.52519989013672,0.7565956929964679,,,3910.844370336189,28.79849598359255,80306.22676977326,4055283.2899671416,214.96761974754514,33.07357740545198
3326,-121.758572,38.563786,8.65,4,33.08575439453125,0.7482697011437267,,,3910.844370336189,28.79849598359255,65537.15359071472,3064299.8093680623,243.31837851474847,11.006167140102578
3327,-121.757425,38.563774,5.38,3,31.831342697143555,0.7524905959144235,,,6240.979879964144,20.070648683365448,111725.55917126294,3663722.622840832,303.52943127187984,63.133466202495676
3428,-121.759704,38.564699,12.42,4,33.290836334228516,0.7263091038330458,,,3910.844370336189,28.79849598359255,100776.79321291739,4295809.557304638,115.27042470456296,42.816160370247324
3426,-121.761999,38.564723,11.04,5,32.45000457763672,0.7005017718765885,,,3910.844370336189,28.79849598359255,189140.94677410193,4830700.907789929,169.63418719364856,3.967878647268513
3232,-121.74826,38.562775,23.43,9,29.876235961914062,0.686979366854454,,,3273.532226660394,20.070648683365448,132864.85756375882,6002548.683915987,242.13748910194678,18.610370635206873
3233,-121.747112,38.562762,11.3,7,33.68049240112305,0.7522876538181057,,,5775.016955283299,20.070648683365448,109784.00928410656,5805606.529443915,241.7792373991748,61.20522840814371
3229,-121.751702,38.562811,22.21,10,31.499794006347656,0.7276035856921226,,,1746.5922241204244,20.070648683365448,99269.91905048132,2173389.1593206697,311.6490870484422,7.932907849246148
3230,-121.750555,38.562799,25.13,7,30.416282653808594,0.6968668029876426,,,1746.5922241204244,20.070648683365448,189774.56621454077,1660192.8947732158,255.90042717037048,4.9759131182949
3335,-121.748244,38.563676,13.13,9,30.68288803100586,0.7339298996375874,,,3273.532226660394,20.070648683365448,85377.17103690194,3079425.8462385847,158.8482626629659,17.23562660845905
3332,-121.751687,38.563712,11.3,5,33.150699615478516,0.7315309348826607,,,2496.798290657768,20.070648683365448,99370.50005496474,2221987.484625032,246.46815979492254,0.6494088156099541
3334,-121.749392,38.563688,21.52,8,31.260534286499023,0.696917720255442,,,3273.532226660394,20.070648683365448,60691.04152547648,1758951.2422560365,131.8639986637953,37.17939984065398
3333,-121.750539,38.5637,18.86,10,32.97637939453125,0.7284824412199669,,,3273.532226660394,20.070648683365448,66783.1894875131,1948450.2245333558,170.53181624786083,50.083545979505075
3437,-121.749376,38.564589,17.6,7,31.60233497619629,0.7433193997712806,,,4362.958569806251,20.070648683365448,122872.86144773282,3094711.667214463,32.56878347138499,15.289916797294913
3436,-121.750524,38.564601,11.16,6,33.355777740478516,0.7554186886409298,,,3273.532226660394,20.070648683365448,98610.71488512699,2741652.188000676,110.82301117611243,102.74572952128152
2942,-121.726504,38.559837,13.48,5,29.3259334564209,0.7359312942717224,35.81293157564344,10.828625235404896,1875.823046601496,8.294736842105262,115534.70233421703,1789218.1785142415,379.5234279852488,8.303871812634341
2943,-121.725357,38.559824,22.32,10,32.96954345703125,0.7350676096975803,23.802067021609773,7.234575634199812,1875.823046601496,8.294736842105262,137879.39185991368,2737382.853733292,444.90260290615504,68.70719402130534
3049,-121.721898,38.560688,4.92,3,34.459800720214844,0.7429379373788834,10.260433009099469,11.233134609350486,3244.8103750399086,8.294736842105262,162498.6317689809,3163879.564968343,385.05491550884227,233.07614194293515
3048,-121.723046,38.5607,11.42,4,34.63753890991211,0.7392074309755117,8.035153797865663,5.430006277463904,2765.9495693078175,8.294736842105262,150258.2772663541,3044573.990968794,484.62621726396094,133.26804700347523
3046,-121.725341,38.560725,7.49,4,31.14432144165039,0.6591152483597398,24.568559774082207,10.856604957640414,1875.823046601496,8.294736842105262,249824.77096407115,4401249.738899317,519.5071720825292,19.737087472410458
3047,-121.724193,38.560713,4.82,4,34.25130081176758,0.7526494413614273,9.321238661244918,7.22552392868314,2765.9495693078175,8.294736842105262,128060.14330226039,2637007.7967327996,572.4236064034933,34.30050446564475
3149,-121.725325,38.561626,12.39,7,32.47051239013672,0.7489474155008793,0.0,3.483992467043315,1875.823046601496,8.294736842105262,121907.52480010074,2141047.322223844,433.18052774833654,115.17883588620204
3152,-121.721883,38.561589,14.07,7,34.28889846801758,0.7477066388819367,0.1569365976145637,1.7576898932831135,3451.9366285711117,8.294736842105262,102095.13645905988,2521749.0165574257,382.35338427931066,162.72267951547903
3151,-121.72303,38.561601,8.83,5,34.22737503051758,0.7588574979454279,0.0,1.0934083099031553,3451.9366285711117,8.294736842105262,138460.80030738638,2761534.9637415367,453.6714538211172,150.79157583797465
3150,-121.724178,38.561614,14.47,7,33.49250030517578,0.7506650781724602,9.11654135338346,9.962406015037594,3842.8430126516223,8.294736842105262,183771.35421048626,3171026.1912841895,494.1931502084698,113.94576577302136
3145,-121.729915,38.561676,18.71,9,33.195133209228516,0.7212918070144951,4.636591478696742,0.0,2835.8334957425673,8.294736842105262,171959.47542335538,3174986.4748650375,375.6581920448368,93.49025067949854
3248,-121.729899,38.562577,2.54,2,33.130191802978516,0.7245221651392058,11.090225563909774,7.894736842105263,1686.6754317995972,12.2431055682417,205852.39307956595,4452147.307361334,277.34393176217,6.4420868113902845
3247,-121.730908,38.562519,0.0,0,33.56769561767578,0.72063454950694,3.2946344524631312,2.4788202070913083,1686.6754317995972,12.2431055682417,5000.0,364127.1928692163,315.67021914820276,2.9842045787014952
3249,-121.728752,38.562564,12.58,4,34.470054626464844,0.7327146837487817,0.0,0.0,1686.6754317995972,12.2431055682417,38379.80925015779,3843569.4179065153,259.52489454786166,0.3967642224036639
3250,-121.727604,38.562552,15.26,7,34.18977737426758,0.7196080023422837,1.971830985915493,0.0,0.0,,79941.7524392045,3041366.100703911,264.68294894063513,7.285939597651935
3352,-121.728736,38.563465,22.98,12,32.49443817138672,0.7232887893915176,13.84278108362042,3.758221108675227,3320.437334944427,12.2431055682417,46777.19558567507,4064766.736431741,159.5234067777857,41.587741246631325
3351,-121.729883,38.563478,17.2,6,31.698040008544922,0.649684801697731,0.0,1.349654739485248,1686.6754317995972,12.2431055682417,101930.38984291759,4754063.104287913,181.0684726771247,78.24416669735467
3353,-121.727588,38.563453,3.89,1,32.23808670043945,0.7451517062727362,13.892365456821029,2.690863579474343,3320.437334944427,12.2431055682417,60815.820034704215,4964304.713481976,166.177740114255,27.280601294769568
3350,-121.730752,38.563485,0.0,0,34.36409378051758,0.733485514880158,30.10012515644556,0.0,1686.6754317995972,12.2431055682417,,,218.9431478618528,10.009903366811937
3454,-121.729868,38.564379,9.11,3,31.769819259643555,0.7227438560221344,24.096764059063776,0.0,2444.62598788832,12.2431055682417,,,93.4258540753249,20.835501424968058
3251,-121.726457,38.56254,11.39,3,34.28889846801758,0.7467309723142534,1.4406514249921702,0.0,0.0,,179717.68815236358,4442023.194834752,295.93749839288546,15.80979857642033
3253,-121.724162,38.562515,8.1,5,33.355777740478516,0.7528612613677979,4.894885472230938,4.832130530279259,3842.8430126516223,8.294736842105262,177611.21491003467,3158987.8760383707,425.2101121610394,39.300238428336186
3254,-121.723014,38.562502,11.07,4,33.47199249267578,0.7364549862686545,15.629884338855891,8.033760550171928,3842.8430126516223,8.294736842105262,109205.13226929917,2616507.1440073573,385.6488351307602,51.352170651075355
3252,-121.725309,38.562527,16.49,7,33.242984771728516,0.7493172073736787,2.631578947368421,5.513784461152882,1875.823046601496,8.294736842105262,175595.4663017443,2868807.7324169674,353.0458659314902,27.216019319468007
3358,-121.721851,38.56339,0.93,1,31.61600685119629,0.7527553476393223,12.968750000000002,10.9375,2444.62598788832,12.2431055682417,118474.18466166696,4226304.595979952,246.18969354781703,13.724675646323172
3357,-121.722998,38.563403,6.64,2,32.04325866699219,0.7495814003050327,13.084405396925009,2.698462503922184,2444.62598788832,12.2431055682417,109031.89145869913,4225986.570556131,326.9715684024671,27.11074320850555
3356,-121.724146,38.563416,3.57,3,32.57305145263672,0.755697218934074,9.959285937989351,1.5346069527090511,2444.62598788832,12.2431055682417,96530.09538557539,3486117.849212665,370.7370218354291,41.02779439004709
3354,-121.726441,38.563441,18.35,7,32.04325866699219,0.7275258847512305,11.716791979949877,3.070175438596491,3320.437334944427,12.2431055682417,68715.20171113889,5359096.038754379,212.07812887675715,24.345315432581426
3355,-121.725293,38.563428,10.06,5,31.479286193847656,0.7449120676610619,6.704260651629072,5.827067669172932,2444.62598788832,12.2431055682417,70291.0492612836,3285981.895869505,285.0850793860455,7.002438770461652
3460,-121.722982,38.564304,7.84,4,30.901641845703125,0.7569180543068796,13.6235515189477,0.0,2444.62598788832,12.2431055682417,93388.56699291698,3610610.129875049,268.9495796921457,27.447020907089595
3459,-121.72413,38.564316,8.15,4,31.499794006347656,0.7571570286527276,6.1384278108362045,0.0,2444.62598788832,12.2431055682417,103910.73262617787,3343997.401292203,337.88978596903996,47.067917517775285
3461,-121.721835,38.564291,4.6,2,31.687786102294922,0.7576483726734295,13.583724569640063,0.8450704225352111,2444.62598788832,12.2431055682417,145263.65377858657,4653332.978267026,185.76195452438074,13.604814462571394
3458,-121.725277,38.564329,16.73,7,30.792264938354492,0.7495549789164215,0.7846829880728187,6.716886377903326,2444.62598788832,12.2431055682417,88259.62096882325,4294443.684666014,240.77198013544287,27.153866323888476
3457,-121.726425,38.564341,17.87,7,30.31032371520996,0.7293226718902588,8.244514106583072,4.921630094043887,2444.62598788832,12.2431055682417,50499.41232778742,4816914.887301208,147.31434188434676,22.19680588966491
3564,-121.721819,38.565192,11.91,8,31.691204071044922,0.7422148535260931,11.856963613550816,0.0,2189.952325398944,12.2431055682417,240328.39695010378,5206914.018643956,141.3703066080654,12.527710226745146
3563,-121.722966,38.565205,14.35,6,30.915313720703125,0.7310959734022617,5.48073911681804,1.252740369558409,2189.952325398944,12.2431055682417,190687.23058781825,4804484.971222116,240.4639128347966,13.661892044765038
3562,-121.724114,38.565217,11.17,8,31.739055633544922,0.7504800045862794,3.638644918444166,8.21831869510665,2444.62598788832,12.2431055682417,78985.16158410974,3177127.0217190473,333.04739324232753,40.95291745411762
3561,-121.725261,38.56523,16.19,13,31.766399383544922,0.7598946432117373,14.73816243336469,0.0,2444.62598788832,12.2431055682417,93719.81103513183,3782215.3839133503,233.95283900872602,13.936918238714451
3666,-121.72295,38.566106,6.4,4,33.109683990478516,0.7346751934383065,0.4384591293454432,9.207641716254306,2189.952325398944,12.2431055682417,170455.71964080023,4520017.919710888,248.85782227197166,84.39027465924039
3665,-121.724098,38.566118,0.42,0,32.825984954833984,0.75238470826298,12.990272983997489,1.9767806714778784,2189.952325398944,12.2431055682417,114332.61667074612,6645633.438040752,306.10332436308244,6.001397920068816
3455,-121.72872,38.564366,1.33,0,31.978317260742188,0.7006435870425776,0.0,0.0,2444.62598788832,12.2431055682417,51547.79038858727,3626999.5454838267,60.06500070069766,66.79106471879814
3456,-121.727572,38.564354,18.29,7,30.928985595703125,0.7477210570359603,8.048856874412778,0.0,2444.62598788832,12.2431055682417,67246.92711752352,5435566.173604439,72.37787388297906,5.637367225954863
3453,-121.730726,38.564385,6.02,1,34.466636657714844,0.7056451179087162,0.0,0.0,2444.62598788832,12.2431055682417,,,153.58390118975004,6.202870939948847
3556,-121.730699,38.565286,0.0,0,34.12483596801758,0.7394306176574901,0.0,0.0,2444.62598788832,12.2431055682417,,,136.07191699445994,3.4340322066117137
3560,-121.726409,38.565242,19.14,10,30.385520935058594,0.7233666537795216,8.40887777430447,0.8127539856205065,2444.62598788832,12.2431055682417,57318.52755741495,5125122.322946448,135.03831053049834,13.780277895564007
3557,-121.729852,38.56528,3.53,1,32.52178192138672,0.731030750204809,0.0,0.0,2444.62598788832,12.2431055682417,,,62.3716556420375,68.7950388971266
3558,-121.728704,38.565267,34.13,9,29.554941177368164,0.6330178771167994,24.09789770944462,0.0,2444.62598788832,12.2431055682417,,,0.0,11.303175314708373
3559,-121.727557,38.565255,12.09,5,30.28981590270996,0.7403623545542359,0.0,1.662484316185696,2444.62598788832,12.2431055682417,48568.06959604041,4707000.309484069,36.13823038313341,3.9664408505525044
3660,-121.729836,38.566181,20.05,8,31.838178634643555,0.7204238224076107,0.0,3.00187617260788,5543.58416190549,12.2431055682417,,,72.7982363849207,4.613889859405545
3659,-121.730673,38.566187,10.64,4,34.19319534301758,0.6729881730861962,0.0,3.197492163009404,5543.58416190549,12.2431055682417,,,140.90498790905738,2.742871307657297
3464,-121.718392,38.564254,5.13,4,31.725383758544922,0.7527288703713566,10.608913998744509,6.183301946013811,2444.62598788832,12.2431055682417,118891.51133067929,4352710.682399934,82.11446211671836,19.348354910423
3568,-121.717228,38.565142,3.16,2,32.85675048828125,0.7439378360286355,9.883903357389396,5.2714151239410105,3785.602208648283,12.2431055682417,246396.90654465614,4352147.162375777,102.42781728663591,80.18182680635049
3566,-121.719524,38.565167,10.7,4,30.053972244262695,0.32024587714113295,11.932352020043846,6.514249921703727,2189.952325398944,12.2431055682417,187084.06421672762,3339331.8479980435,0.0,16.729130664273193
3565,-121.720671,38.56518,4.03,3,30.946075439453125,0.7027512697968632,11.56015037593985,1.5664160401002505,2189.952325398944,12.2431055682417,246034.89895646946,3535766.35440549,45.52344439685693,76.21743392890092
3567,-121.718376,38.565155,6.66,4,31.079378128051758,0.7267968358937651,5.373978629792584,0.0,2189.952325398944,12.2431055682417,260652.7482513565,4009081.2960399375,17.913269513652853,1.1409715302526842
3668,-121.720655,38.566081,0.58,0,28.833738327026367,0.11017383285798132,15.461658841940531,0.0,2189.952325398944,12.2431055682417,,,55.54280904504959,144.17296660422238
3671,-121.717212,38.566043,0.0,0,33.40363311767578,0.7499249207321554,5.428302478820207,0.0,3957.2116890358557,12.2431055682417,181569.46916290317,5096903.646263225,86.70849421637294,61.901365468728315
3669,-121.719508,38.566068,5.55,4,29.900161743164062,0.4386717537418008,10.150375939849624,0.0,2189.952325398944,12.2431055682417,194607.75987037062,3672978.8113928223,0.0,112.69245419496625
3670,-121.71836,38.566056,0.04,0,32.32695388793945,0.7536293589510024,19.23558897243108,6.046365914786967,3733.8893542593196,12.2431055682417,177013.08851451793,3615314.9234159575,10.497142045268898,17.495406744190632
3771,-121.720639,38.566982,0.0,0,28.5568790435791,0.10000672773458064,3.5323538605814315,8.502657080337606,2189.952325398944,12.2431055682417,,,93.98429958580631,186.7336498851198
3663,-121.726393,38.566143,5.81,2,30.840116500854492,0.7328714281320572,9.92796742875039,1.127466332602568,2444.62598788832,12.2431055682417,43491.56576202949,4065389.499567357,142.89410942838202,3.9699079315621515
3667,-121.721803,38.566093,1.28,1,31.506629943847656,0.6915652193129063,13.90541810209834,1.5659254619480114,2189.952325398944,12.2431055682417,192380.9846640842,4474549.239243581,152.22731640999422,110.96117226373413
3664,-121.725245,38.566131,2.81,2,32.624324798583984,0.7514585091266781,12.12121212121212,0.0,2444.62598788832,12.2431055682417,97925.7312849794,4686220.351978073,240.99122978101408,31.507855693523407
3769,-121.722934,38.567007,4.81,5,33.304508209228516,0.7494758516550064,0.9413241292751804,6.369626608095387,2189.952325398944,12.2431055682417,204256.94643142368,4460081.574425131,274.1007908001281,127.6348152152982
3768,-121.724082,38.567019,6.96,6,33.171207427978516,0.7396797873079777,0.0,5.793924209207642,2839.566724607247,12.2431055682417,203392.41445244348,4618372.044178522,243.06728200293952,42.138194003988815
3767,-121.72523,38.567032,5.73,4,32.843074798583984,0.7370312626007944,12.523422860712056,3.216739537788882,1491.7786700804766,12.2431055682417,126961.61982005872,5069201.326372777,164.68819196982457,8.969785869972444
3766,-121.726377,38.567044,2.83,1,31.944137573242188,0.7628504186868668,24.042686754551163,0.0,2444.62598788832,12.2431055682417,84685.18691699147,4153814.2123152856,103.59361180169563,40.693635627657876
3770,-121.721787,38.566994,1.12,1,31.14432144165039,0.717099059605971,0.0,9.429824561403509,2189.952325398944,12.2431055682417,246927.42609968956,4700369.37501568,178.92840930785886,168.32120821674175
3872,-121.722918,38.567908,2.23,1,32.805477142333984,0.7521464882884175,7.986219855934857,0.0,3290.0591577935984,12.2431055682417,226638.86391559502,4807319.45994993,310.549337940605,68.2050928800862
3870,-121.725214,38.567933,1.69,1,33.331851959228516,0.7403360961470753,18.40277777777778,0.0,2839.566724607247,12.2431055682417,240947.46279271218,5049941.328444368,112.16832794203316,35.959777970469716
3662,-121.727541,38.566156,16.8,7,30.980255126953125,0.7439378360286355,23.97238782554126,1.066834013178538,2444.62598788832,12.2431055682417,48134.20673447579,4577441.801862787,52.32765410825925,0.020393464542898473
3661,-121.728688,38.566168,37.38,11,29.45581817626953,0.7231590268202126,0.0,3.4137175070466643,5543.58416190549,12.2431055682417,,,35.999612152383015,0.5305117909138588
3762,-121.730646,38.567088,30.99,5,33.49250030517578,0.4480450071860105,0.0,0.0,5543.58416190549,12.2431055682417,,,191.42411391722763,5.7608435899615325
3763,-121.72982,38.567082,18.89,8,31.643352508544922,0.6990594138624147,0.0,0.0,5543.58416190549,12.2431055682417,,,149.7157979390035,77.63053381008268
3765,-121.727525,38.567057,21.65,11,30.761503219604492,0.6953772390261292,0.0,0.0,2444.62598788832,12.2431055682417,97508.0445541291,4341991.112128828,72.44881796907264,25.471150675774368
3764,-121.728672,38.567069,20.93,9,30.498315811157227,0.7011025190586224,0.0,0.0,5543.58416190549,12.2431055682417,,,115.35728736390341,99.63304985272958
3868,-121.727509,38.567958,14.54,7,30.26930809020996,0.6700617531314492,,,2444.62598788832,12.2431055682417,107305.38557423044,4549846.699802805,0.0,0.14406143278935443
3869,-121.726361,38.567945,7.35,3,32.10136795043945,0.7585650871042162,0.0,0.0,2444.62598788832,12.2431055682417,98569.63964649355,3446266.658255505,24.05426209292318,14.135566664634403
3865,-121.730619,38.567988,23.22,3,32.764461517333984,0.618196768919006,,,2444.62598788832,12.2431055682417,,,179.1490061748682,7.190310141047342
3867,-121.728656,38.56797,27.48,11,29.961685180664062,0.6318851115647703,,,2444.62598788832,12.2431055682417,,,55.79158029503921,65.77735910333566
3871,-121.724066,38.56792,6.32,4,33.70783615112305,0.7557238324079663,14.446529080675422,2.6266416510318957,3290.0591577935984,12.2431055682417,232086.99349006597,4346374.000391832,211.02050878405706,90.67213545930001
3873,-121.721771,38.567895,3.41,3,31.308385848999023,0.7402835807297379,7.812990272983998,0.0,2189.952325398944,12.2431055682417,217997.21937572095,3545048.383675333,235.4268058804735,68.39130866806963
3974,-121.72405,38.568821,1.71,2,33.71467208862305,0.7559095066972077,0.0,0.0,832.6164254632198,12.2431055682417,230920.16852280343,4494513.739035774,223.70312455857612,6.950252502044347
3972,-121.726345,38.568846,7.7,3,31.53397560119629,0.7243532987777144,,,832.6164254632198,12.2431055682417,204721.54869169387,3984768.380569303,37.69055430490157,6.790653208885597
3973,-121.725198,38.568834,3.7,3,33.82062911987305,0.7499117098050192,,,832.6164254632198,12.2431055682417,224535.24866959953,4408291.694048587,130.63110601867544,7.0744695815761345
3975,-121.722902,38.568809,0.65,1,32.720027923583984,0.7455179924145341,7.923582837456937,3.726902599436267,832.6164254632198,12.2431055682417,269590.44655894744,4563610.371496878,319.31921260389214,30.016404685853377
4077,-121.724034,38.569722,10.45,8,32.84991455078125,0.7453600140288472,,,832.6164254632198,12.2431055682417,235300.0362207758,4183011.5875205346,260.2375778420783,104.6109432485246
4078,-121.722886,38.56971,1.89,1,30.853788375854492,0.12178966798819602,0.0,0.0,832.6164254632198,12.2431055682417,,,353.2578421856784,127.74559557001537
4075,-121.726329,38.569747,6.41,5,33.143863677978516,0.7348321587778628,,,832.6164254632198,12.2431055682417,247955.87295317135,5359685.5743629765,83.16990806771835,18.806351235602303
4079,-121.721739,38.569697,0.0,0,31.15799331665039,0.5011670349631459,8.388312912346843,0.0,832.6164254632198,12.2431055682417,,,403.0422770436858,129.81195847890282
3866,-121.729804,38.567983,26.77,13,30.62820053100586,0.6661273969803005,,,5543.58416190549,12.2431055682417,,,116.0877808176586,38.504631510033185
3970,-121.728641,38.568871,0.0,0,29.168704986572266,0.0736707525793463,,,2444.62598788832,12.2431055682417,,,18.11134281298084,32.789416823465096
3971,-121.727493,38.568859,2.63,1,30.118915557861328,0.22024184837937355,,,2444.62598788832,12.2431055682417,,,0.0,52.3661914684349
3969,-121.729788,38.568884,3.63,2,29.2575740814209,0.21398006298113614,,,2444.62598788832,12.2431055682417,,,101.24064853081207,11.491269059016595
3968,-121.730593,38.568889,14.93,3,32.41582489013672,0.2284955815412104,,,2444.62598788832,12.2431055682417,,,168.79974661226598,3.4320905314499233
4073,-121.728625,38.569772,2.51,1,29.182376861572266,0.11536935344338417,,,2444.62598788832,12.2431055682417,,,89.78367470751328,55.99093931734871
4071,-121.730566,38.56979,13.7,1,33.10284423828125,0.09833492385223508,,,2444.62598788832,12.2431055682417,,,209.8917553141434,1.5004410572477487
4072,-121.729772,38.569785,0.0,0,29.82838249206543,0.0846103171352297,,,2444.62598788832,12.2431055682417,,,159.56474002610105,67.076965846922
4074,-121.727477,38.56976,14.64,9,31.875776290893555,0.7036725583020598,,,2444.62598788832,12.2431055682417,197855.03989481067,3119222.035361767,21.423224567557803,6.238737064747243
4174,-121.73054,38.57069,5.06,1,33.225894927978516,0.6402368872659281,,,832.6164254632198,12.2431055682417,,,278.53921150578776,0.5212983628076718
3132,-121.744833,38.561837,1.27,0,33.57453155517578,0.7315135337412357,,,3273.532226660394,20.070648683365448,48347.054183532455,3951943.6046311986,137.05059896421002,16.456863998481264
3237,-121.742522,38.562713,0.0,0,33.54376983642578,0.7456431615282781,,,0.0,,,16140743.17347023,69.6083673918281,70.0693520516156
3234,-121.745965,38.56275,9.32,6,34.77767562866211,0.7597616352140903,,,3273.532226660394,20.070648683365448,114788.71746523159,5875421.735309248,241.71412514137373,137.7928047089535
3236,-121.74367,38.562726,18.76,6,31.680950164794922,0.6197190176229924,,,345.3526778550773,20.070648683365448,,16906757.112821795,138.02717542844803,25.836903231272387
3235,-121.744817,38.562738,4.26,2,33.88215637207031,0.7290099972160533,,,5658.287165738201,20.070648683365448,,,210.06199293401642,38.422785904517305
3336,-121.747097,38.563663,16.98,7,33.45490264892578,0.7354470478603616,,,3273.532226660394,20.070648683365448,121429.92360670384,4630626.607109581,210.73214031410313,101.98323160583095
3340,-121.742506,38.563614,0.0,0,34.73324203491211,0.7349302650545724,,,11346.915718429183,12.2431055682417,,13838627.218581544,61.989281431639995,86.35676341159555
3338,-121.744801,38.563639,5.16,3,33.232730865478516,0.7361276993760839,,,5658.287165738201,20.070648683365448,98429.22003341875,5553787.496930467,250.6551554843173,30.564833122901405
3339,-121.743654,38.563627,11.96,3,32.56621551513672,0.670811434276402,,,425.1750332695901,12.2431055682417,,14793532.674665108,154.03624287947687,1.1502944970072924
3337,-121.745949,38.563651,9.19,4,34.17268753051758,0.7652779492782429,,,5658.287165738201,20.070648683365448,130131.23414683828,4657228.56683629,286.2756199348445,127.03165587633735
3238,-121.741375,38.562701,0.0,0,34.32307815551758,0.6628992926562205,,,4762.201634036628,12.2431055682417,,11317241.000296801,0.0,14.650654565585395
3241,-121.738285,38.562616,14.17,3,33.198551177978516,0.6704365184996277,,,425.1750332695901,12.2431055682417,,,179.4751484251354,20.55324886155941
3239,-121.740227,38.562689,0.0,0,34.78451156616211,0.7474559784168378,,,4762.201634036628,12.2431055682417,,15248417.436015628,14.869109878502261,14.410413183600102
3341,-121.741359,38.563602,0.0,0,35.19809341430664,0.6918326584855095,,,4762.201634036628,12.2431055682417,,11533086.89662391,0.0,11.222213077798896
3343,-121.739064,38.563577,1.84,1,35.16391372680664,0.7163627456175163,,,9405.511926423993,12.2431055682417,,13082031.366612881,140.71856684579012,7.089239334910284
3342,-121.740211,38.56359,0.0,0,34.69222640991211,0.7306394396582618,,,5815.695838776904,12.2431055682417,,11184218.825981084,68.37685800451105,67.11771162041543
3344,-121.7384,38.563406,25.72,2,33.37970733642578,0.40965781453996897,,,425.1750332695901,12.2431055682417,,,188.26963415207203,44.47378705675125
3446,-121.739125,38.564457,2.63,2,35.19467544555664,0.4927339053247124,,,425.1750332695901,12.2431055682417,,12265002.93294458,162.9787656834212,11.170242377391821
3445,-121.740196,38.564491,0.0,0,35.621925354003906,0.7127254066290334,,,6479.506366171001,12.2431055682417,,13132821.360517472,74.08539152054472,71.04836438946361
3444,-121.741343,38.564503,0.0,0,35.17416763305664,0.5332727201748639,,,4762.201634036628,12.2431055682417,,8947071.9402127,0.0,18.15584473340854
3547,-121.741327,38.565404,0.0,0,35.075042724609375,0.7317749056965113,,,6359.637136349411,12.2431055682417,,12873291.485641949,14.675112640278892,17.59045468663242
3546,-121.742475,38.565416,0.0,0,35.20834732055664,0.7343155710841529,,,6260.905122263435,12.2431055682417,,11382160.280422837,31.38655004407724,38.19798435743327
3548,-121.74018,38.565391,0.0,0,36.2371711730957,0.6674291245872155,,,6831.904185199407,12.2431055682417,,13425770.176383791,99.81930442030054,8.125850444518754
3549,-121.739254,38.56535,0.0,0,35.22201919555664,0.2833306232932955,,,425.1750332695901,12.2431055682417,,9715122.788391627,176.98933640194207,24.029398168328083
3651,-121.740164,38.566292,0.0,0,36.09019470214844,0.7094185801688582,,,4802.988242977668,12.2431055682417,,11598894.603653207,151.9297396817334,18.72039630202579
3652,-121.739381,38.566229,0.0,0,35.22201919555664,0.14671876013744622,,,425.1750332695901,12.2431055682417,,,200.5552186472947,36.9640078932335
3650,-121.741312,38.566305,0.0,0,36.14830017089844,0.7367826496483758,,,4802.988242977668,12.2431055682417,,12359266.072591072,55.25546577169203,83.85456130146349
3441,-121.744786,38.56454,16.24,5,33.01739501953125,0.7247039960930124,,,3406.2010091738066,20.070648683365448,101925.09348628962,5426436.04345361,225.44731030667674,4.833797684831602
3443,-121.742491,38.564515,0.0,0,35.044281005859375,0.7298114511067979,,,4729.435597766749,12.2431055682417,,11979960.607924689,32.153564553237736,39.096505275166066
3440,-121.745933,38.564552,18.35,10,33.71809005737305,0.736147296440322,,,5658.287165738201,20.070648683365448,73760.96385195827,2921294.568393168,245.13489682413973,101.34950707269586
3442,-121.743638,38.564528,0.83,0,34.72982406616211,0.727239191532135,,,4729.435597766749,12.2431055682417,,12781509.719209645,128.74505692655612,19.812685065730747
3542,-121.747065,38.565465,11.4,7,34.459800720214844,0.7633836092427373,,,4154.146942943833,20.070648683365448,127013.7935672143,3547135.4001714364,126.13317727198782,130.2143913092516
3543,-121.745918,38.565453,5.25,3,33.68732833862305,0.7513395856367424,,,5658.287165738201,20.070648683365448,51357.11005485951,2779592.3707872345,224.3216849896007,75.75182331413224
3544,-121.74477,38.565441,12.81,6,33.67365646362305,0.6259232660522684,,,345.3526778550773,20.070648683365448,104328.23441860649,5230958.345648815,220.39664146394637,10.951047009588008
3545,-121.743623,38.565429,0.0,0,35.129730224609375,0.7438984332839027,,,6260.905122263435,12.2431055682417,,11099151.541283453,123.26991954247414,43.36331232645419
3649,-121.742459,38.566317,0.0,0,35.546730041503906,0.7613917865674011,,,10007.615312833015,12.2431055682417,,12944649.0956814,17.47520863447136,8.038337150582196
3648,-121.743607,38.566329,0.0,0,35.26987075805664,0.7353096546721645,,,10007.615312833015,12.2431055682417,,11991363.503851632,110.87782677168904,64.55105618599637
3647,-121.744754,38.566342,13.73,3,32.99688720703125,0.5928184758522548,,,345.3526778550773,20.070648683365448,,11017293.311925586,210.28393657555034,27.88394044204465
3646,-121.745902,38.566354,4.58,2,34.456382751464844,0.7413342440656076,,,3273.532226660394,20.070648683365448,59616.79147324978,2669978.3058679863,232.72569641115413,50.143711405451086
3645,-121.74705,38.566366,5.34,3,34.398277282714844,0.7234380366862752,,,3273.532226660394,20.070648683365448,131348.49469413396,3522296.1478770594,136.06322495766196,30.503980350487545
3749,-121.745886,38.567255,8.08,5,34.05305480957031,0.7330630281940103,,,3273.532226660394,20.070648683365448,65162.26879738168,3484087.4788082456,258.1628860390983,24.86028698086263
3748,-121.747034,38.567267,4.39,3,34.31966018676758,0.7540268125012517,,,3273.532226660394,20.070648683365448,119713.41512865099,4166191.609092572,161.50250124295573,31.059010218244676
3750,-121.744739,38.567243,10.81,4,33.321598052978516,0.5552451671101153,,,425.1750332695901,12.2431055682417,,10642919.928794684,239.06966733956997,14.138172020544653
3751,-121.743591,38.56723,0.0,0,34.84945297241211,0.7462137929163873,,,3508.1945403940413,12.2431055682417,,8720763.186275778,158.68703486385002,82.72995842121037
3854,-121.743575,38.568131,0.0,0,33.53351593017578,0.7227827898459509,,,425.1750332695901,12.2431055682417,,10688223.18561675,241.11151145637265,15.750006671248174
3855,-121.742428,38.568119,1.2,1,33.50275421142578,0.718288321280852,,,425.1750332695901,12.2431055682417,,10350431.414183315,210.38843540755462,15.835401930308121
3852,-121.745871,38.568156,21.98,7,33.69758224487305,0.7160657220520079,,,3273.532226660394,20.070648683365448,106122.62013808751,3722672.780636746,277.0916369121715,0.338589199302062
3755,-121.739492,38.566999,0.0,0,34.572593688964844,0.21644084388390183,,,425.1750332695901,12.2431055682417,,,229.2479418344176,48.47983135024976
3753,-121.741296,38.567206,0.0,0,35.546730041503906,0.751961232163012,,,3508.1945403940413,12.2431055682417,,11788705.078034867,119.36663767183003,95.31014695843156
3754,-121.740149,38.567193,0.0,0,35.075042724609375,0.7271871429402381,,,425.1750332695901,12.2431055682417,,10630557.348296747,187.9477757877153,1.5820816459496747
3752,-121.742444,38.567218,0.0,0,34.76058578491211,0.7450942797004245,,,3508.1945403940413,12.2431055682417,,8929913.282901337,113.29209351147502,1.5152187168595637
3856,-121.74128,38.568107,0.0,0,33.72492599487305,0.7095728127751499,,,425.1750332695901,12.2431055682417,,10716489.659035217,213.1461603826972,15.487004586822795
3857,-121.740221,38.568073,0.0,0,33.93684387207031,0.4515595571137965,,,425.1750332695901,12.2431055682417,,11961055.78823023,251.3635913154977,15.034012466943086
3853,-121.744723,38.568144,0.14,0,33.328433990478516,0.570293533615768,,,425.1750332695901,12.2431055682417,,9204225.893662311,300.19710082944465,25.533815490685598
3958,-121.742414,38.568737,0.0,0,32.90802001953125,0.10580658272374421,,,425.1750332695901,12.2431055682417,,,277.89304542002003,52.87139809782819
3957,-121.743562,38.568744,0.0,0,33.263492584228516,0.09828668925911188,,,425.1750332695901,12.2431055682417,,,303.29106193487155,52.39878423104144
3955,-121.745989,38.568882,13.26,4,34.16243362426758,0.6958036050782539,,,345.3526778550773,20.070648683365448,5000.0,1415036.3183584327,196.94970358990702,9.649484557461117
3956,-121.744709,38.568751,0.0,0,33.81379318237305,0.19807226257398725,,,425.1750332695901,12.2431055682417,,,266.6932756342473,78.00927258884914
4058,-121.746366,38.569693,0.0,0,34.63070297241211,0.7438588722143322,,,1779.3267979799787,28.79849598359255,79802.76433692551,3448761.194596221,101.04294393283838,0.09750209773179495
4057,-121.746997,38.569964,0.0,0,34.18294143676758,0.7500174205051735,,,1779.3267979799787,28.79849598359255,104284.22839879911,3799677.454388765,58.28145614547766,46.7524120593563
3976,-121.721755,38.568796,2.07,1,31.674114227294922,0.6772253252565861,2.3263124803520907,3.1122288588494187,832.6164254632198,12.2431055682417,285924.18426602153,5216669.651277956,314.4863834500147,31.202065161455955
3978,-121.71946,38.568771,0.0,0,32.696102142333984,0.7382893750909716,0.0,2.9678225554514217,2189.952325398944,12.2431055682417,262260.69683051517,5078544.708500215,269.23134122312,64.65953668295889
3980,-121.717164,38.568746,5.82,5,33.38996124267578,0.7287754698190838,3.169124568559774,12.174458738625669,3733.8893542593196,12.2431055682417,187580.18170404475,3883838.7448433875,271.7973882576639,1.1015536567659767
3979,-121.718312,38.568759,0.0,0,33.36603546142578,0.7567587590310723,0.0,3.883495145631068,3733.8893542593196,12.2431055682417,216524.73266550264,4201757.056379509,292.6524424516643,74.12500094853561
4080,-121.720591,38.569685,0.0,0,30.874296188354492,0.7164791119284928,0.0,0.0,832.6164254632198,12.2431055682417,339020.5531313995,6877293.494067911,373.22217436970743,76.59498922599549
4082,-121.718296,38.56966,0.0,0,33.352359771728516,0.7556441614869982,0.0,0.0,2189.952325398944,12.2431055682417,284566.4711931751,6415291.088140455,343.37165652397744,30.44341586207614
4083,-121.717148,38.569647,1.02,0,33.50959014892578,0.7048506385181099,0.0,0.0,2189.952325398944,12.2431055682417,289121.1798601994,5838926.259023407,243.7465491577908,0.39859458480767485
4081,-121.719444,38.569672,0.0,0,32.09111404418945,0.7377126070205122,10.815047021943574,0.0,832.6164254632198,12.2431055682417,331189.6522780668,6769185.367601095,368.81816310127454,10.277770682345446
4184,-121.719428,38.570573,2.02,1,30.63845443725586,0.26121619739569724,0.0,0.0,832.6164254632198,12.2431055682417,,,449.4109841076085,95.45645179307743
4183,-121.720575,38.570586,0.0,0,30.532495498657227,0.1770216488512233,9.068982151471298,0.0,832.6164254632198,12.2431055682417,,,472.13662474446653,151.26903553966162
4076,-121.725182,38.569735,14.42,10,33.345523834228516,0.7412554195616394,,,4368.285628494011,12.2431055682417,206829.71955117476,4363283.013964168,169.02992966278367,101.06800047279285
4179,-121.725166,38.570636,9.76,7,32.53887176513672,0.7295833313837647,,,4368.285628494011,12.2431055682417,234326.31590342088,4630571.849460124,223.11956581681795,159.6804604081999
4182,-121.721723,38.570598,0.0,0,29.862564086914062,0.11456976796034724,,,832.6164254632198,12.2431055682417,,,483.09585470336765,217.82200010061595
4178,-121.726314,38.570648,10.57,7,33.71467208862305,0.7277467820094898,,,832.6164254632198,12.2431055682417,217775.26392089814,4248250.6290640095,150.5848068286945,110.73194420442435
4180,-121.724018,38.570623,1.0,1,29.84889030456543,0.5312706588301808,,,832.6164254632198,12.2431055682417,247717.74447327695,3954121.177594802,305.22104432089355,202.53636550354435
4181,-121.722871,38.570611,0.0,0,29.961685180664062,0.051829591393470764,,,832.6164254632198,12.2431055682417,,,392.486553996221,224.83815707319306
4281,-121.726298,38.571549,15.62,8,32.01249694824219,0.1286356975324452,,,832.6164254632198,12.2431055682417,,,238.11434647896493,201.73571208475613
4283,-121.724002,38.571524,2.61,3,28.802976608276367,0.08793556038290262,,,832.6164254632198,12.2431055682417,,,363.7954369810851,301.08708078297605
4284,-121.722855,38.571512,0.0,0,29.636974334716797,0.057705223793163896,,,832.6164254632198,12.2431055682417,,,443.53521812424094,319.1177466741934
4282,-121.72515,38.571537,4.5,3,30.559839248657227,0.15057597460690886,,,832.6164254632198,12.2431055682417,265783.74839630333,4757602.448358422,291.462184881005,239.76016417184167
4175,-121.729756,38.570686,0.13,0,32.02958679199219,0.7174092067871243,,,832.6164254632198,12.2431055682417,,,231.236234587542,20.267275208100052
4177,-121.727461,38.570661,1.48,1,34.405113220214844,0.7382107230369002,,,832.6164254632198,12.2431055682417,,,120.11540152679957,64.00749146828159
4176,-121.728609,38.570673,1.48,1,32.49102020263672,0.7412028694525361,,,832.6164254632198,12.2431055682417,,,161.56927364382054,30.909778965816894
4279,-121.728593,38.571574,12.21,6,31.20242691040039,0.4016885757446289,,,832.6164254632198,12.2431055682417,,,245.20942948916473,127.91209822872763
4280,-121.727445,38.571562,12.81,9,32.26201248168945,0.482759574893862,,,832.6164254632198,12.2431055682417,,,220.14070699747833,154.68464639593344
4277,-121.730513,38.571591,11.62,1,33.03106689453125,0.5307044085348025,,,832.6164254632198,12.2431055682417,,,349.5509762710844,1.6029438978005304
4278,-121.729741,38.571587,26.59,17,31.59208106994629,0.48534983047284186,,,832.6164254632198,12.2431055682417,,,303.0019947780853,65.57993651813098
4381,-121.729725,38.572488,0.0,0,30.949493408203125,0.21522939577698708,,,832.6164254632198,12.2431055682417,,,381.98108178410246,66.06373968077759
4380,-121.730486,38.572492,0.0,0,32.99688720703125,0.1770264256047085,,,832.6164254632198,12.2431055682417,,,421.4165185784098,0.1633371795828034
4384,-121.726282,38.57245,0.03,0,29.572031021118164,0.05082021839916706,,,832.6164254632198,12.2431055682417,,,332.8461318274371,209.30705326971295
4186,-121.717132,38.570548,0.0,0,32.98663330078125,0.6290907321963459,0.0,0.0,832.6164254632198,12.2431055682417,333278.67612102715,5299131.763872353,254.98320838691893,61.41319208297254
4185,-121.71828,38.570561,0.0,0,32.06034851074219,0.35890951845794916,0.0,0.0,832.6164254632198,12.2431055682417,262443.74477736605,3951199.070818101,351.4522076927223,69.00484811854987
4288,-121.718264,38.571462,2.7,1,30.33766746520996,0.0762692189309746,0.0,0.0,832.6164254632198,12.2431055682417,,,386.2624821200226,168.75328256531733
4286,-121.720559,38.571487,8.35,6,30.378684997558594,0.07710166194010526,,,832.6164254632198,12.2431055682417,,,570.9574432607909,231.73306336392926
4285,-121.721707,38.571499,0.26,0,30.177021026611328,0.048346840776503086,,,832.6164254632198,12.2431055682417,,,528.0976072712007,292.49524866749374
4287,-121.719412,38.571474,1.04,0,30.71706771850586,0.0949462988646701,,,832.6164254632198,12.2431055682417,,,477.1145410880776,188.511430782529
4289,-121.717116,38.571449,3.73,3,30.074480056762695,0.07331295893527567,0.0,0.0,832.6164254632198,12.2431055682417,,,301.1411252575264,161.52688443466133
4389,-121.720543,38.572388,0.86,0,29.582284927368164,0.0631249655270949,,,832.6164254632198,12.2431055682417,,,609.7017434841163,226.0817218511982
4391,-121.718248,38.572363,0.0,0,30.70681381225586,0.06100604520179331,,,832.6164254632198,12.2431055682417,,,441.52489731119664,220.90788334602965
4390,-121.719396,38.572375,0.0,0,30.221454620361328,0.06297395715955645,,,832.6164254632198,12.2431055682417,,,522.8497142087086,229.2259487512216
4386,-121.723986,38.572425,10.86,6,28.06126594543457,0.046941358828917146,,,832.6164254632198,12.2431055682417,,,432.675709806101,218.85062191929336
4388,-121.721691,38.5724,9.97,3,29.086671829223633,0.055368812987580895,,,832.6164254632198,12.2431055682417,,,582.948162034755,222.9026134197647
4385,-121.725134,38.572438,0.21,0,29.103763580322266,0.0567743816645816,,,832.6164254632198,12.2431055682417,,,372.89275522468637,207.20883135023317
4387,-121.722839,38.572413,12.94,7,28.779050827026367,0.04512123786844313,,,832.6164254632198,12.2431055682417,,,504.7541465990146,219.15506469406176
4489,-121.72397,38.573326,0.0,0,27.99974250793457,0.11856303457170725,,,832.6164254632198,12.2431055682417,,,511.2344686933721,120.06930414253699
4488,-121.725118,38.573339,1.46,1,28.929443359375,0.14305769745260477,,,832.6164254632198,12.2431055682417,,,461.75018951288087,107.17940482617873
4491,-121.721675,38.573301,13.98,6,27.654521942138672,0.10857917950488627,,,832.6164254632198,12.2431055682417,,,645.8851725637284,122.75639439706109
4490,-121.722823,38.573314,6.05,3,28.331289291381836,0.09681881964206696,,,832.6164254632198,12.2431055682417,,,574.019792246554,119.52912136367722
4590,-121.72625,38.574252,0.0,0,31.17166519165039,0.06874799099750817,,,832.6164254632198,12.2431055682417,,,528.3550444674677,10.852029991777037
4593,-121.722807,38.574215,1.18,1,29.520761489868164,0.06069739256054163,,,832.6164254632198,12.2431055682417,,,650.9427788894219,20.485950440723144
4383,-121.727429,38.572463,0.04,0,29.77711296081543,0.061789511353708804,,,832.6164254632198,12.2431055682417,,,320.2524100970978,213.7751205905631
4382,-121.728577,38.572475,1.63,1,29.971939086914062,0.08069490932393819,,,832.6164254632198,12.2431055682417,,,337.95881276290305,165.98089913152322
4483,-121.73046,38.573392,4.09,1,33.04815673828125,0.07316622161306441,,,832.6164254632198,12.2431055682417,,,501.09855243444156,0.3146860744726467
4486,-121.727413,38.573364,1.63,1,29.093507766723633,0.053744365577585995,,,832.6164254632198,12.2431055682417,,,420.3887767058331,113.6123657718466
4485,-121.728561,38.573376,4.18,3,29.175540924072266,0.049940189928747714,,,832.6164254632198,12.2431055682417,,,434.01624698848246,102.2321537857882
4487,-121.726266,38.573351,0.0,0,29.199466705322266,0.08813523279968649,,,832.6164254632198,12.2431055682417,,,430.0466119829584,109.89970514550217
4484,-121.729709,38.573389,0.88,1,29.2644100189209,0.04844109807163477,,,832.6164254632198,12.2431055682417,,,469.1208161361982,65.61126915827784
4589,-121.727398,38.574265,0.0,0,31.660442352294922,0.05944201839156449,,,832.6164254632198,12.2431055682417,,,520.5357868233605,13.45117470165616
4586,-121.730433,38.574293,0.0,0,33.95735168457031,0.10122818464878947,,,832.6164254632198,12.2431055682417,,,587.1159428021356,14.141424349081325
4587,-121.729693,38.57429,0.17,0,31.937301635742188,0.06079520145431161,,,832.6164254632198,12.2431055682417,,,560.6287333948234,0.022082954705231837
4588,-121.728545,38.574277,0.35,0,31.59549903869629,0.058973050909116864,,,832.6164254632198,12.2431055682417,,,531.591462379853,2.1416276109670473
4690,-121.729638,38.574748,0.0,0,,0.08206605783198029,,,832.6164254632198,12.2431055682417,,,606.8592592814135,51.0141147346397
4692,-121.727366,38.574731,0.0,0,,0.044804670149460435,,,832.6164254632198,12.2431055682417,,,572.3354788975165,38.38991820006315
4691,-121.728506,38.57474,0.0,0,,0.039031452615745366,,,832.6164254632198,12.2431055682417,,,581.6184225149902,49.43163058326037
4689,-121.730414,38.574754,0.0,0,,0.23532825347501785,,,832.6164254632198,12.2431055682417,,,632.5526316537574,17.064022891093344
4594,-121.721659,38.574202,4.33,2,30.25563621520996,0.11012284876778722,,,832.6164254632198,12.2431055682417,,,715.3871986151004,22.647766151007247
4592,-121.723954,38.574227,0.0,0,29.715587615966797,0.0595673976931721,,,832.6164254632198,12.2431055682417,,,596.3040369272874,21.520047600894234
4591,-121.725102,38.57424,0.0,0,30.72390365600586,0.07172059291042387,,,832.6164254632198,12.2431055682417,,,554.4753241332211,7.412290935688854
4697,-121.72164,38.574689,0.0,0,,0.06078012497164309,,,832.6164254632198,12.2431055682417,,,756.2781929915851,31.502689173403937
4695,-121.723932,38.574706,0.0,0,,0.04822613298892975,,,832.6164254632198,12.2431055682417,,,643.8483769704443,30.72423024536215
4696,-121.722786,38.574697,0.0,0,,0.04931115754880011,,,832.6164254632198,12.2431055682417,,,695.153162530165,32.34838833915885
4693,-121.726223,38.574723,0.0,0,,0.06456527824047953,,,832.6164254632198,12.2431055682417,,,580.278436737617,40.706304290627045
4694,-121.725078,38.574714,0.0,0,,0.0665381143335253,,,832.6164254632198,12.2431055682417,,,604.6586809055975,44.729275424986746
3959,-121.741266,38.56873,0.0,0,32.651668548583984,0.07330662594176829,,,425.1750332695901,12.2431055682417,,,280.6371717665657,53.77551057044647
3960,-121.740313,38.568719,0.0,0,33.133609771728516,0.0639425553381443,,,425.1750332695901,12.2431055682417,,,308.0286564758794,65.01724361658451
4263,-121.747201,38.571745,0.0,0,32.846492767333984,0.08918077816876273,,,1779.3267979799787,28.79849598359255,,,0.0,30.019175150449907
4366,-121.747313,38.572627,0.0,0,33.352359771728516,0.174188032746315,,,1779.3267979799787,28.79849598359255,,,0.0,18.97735468456061
4044,-121.761907,38.570129,0.0,0,29.688243865966797,0.4834596551954746,,,1355.4234935127263,28.79849598359255,351507.5266923509,1713470.3042868327,439.2740019540233,12.503083593697546
4045,-121.760759,38.570117,2.33,3,30.600854873657227,0.6978989115450531,,,1355.4234935127263,28.79849598359255,194984.13704079832,4274282.92559932,421.76886829809837,8.862159882135687
4149,-121.759596,38.571006,1.04,1,31.927047729492188,0.719491524505429,,,3910.844370336189,28.79849598359255,199842.72573063368,4237384.60269109,455.2508311660822,48.292114035209465
4150,-121.758448,38.570994,11.74,7,33.51984405517578,0.7508370471186936,,,3910.844370336189,28.79849598359255,166997.58943140967,3303795.2659724434,355.7060340987079,37.86353745174132
4148,-121.760743,38.571018,12.23,6,30.443626403808594,0.3770953371034314,,,1355.4234935127263,28.79849598359255,232948.75519268223,5437040.6594921015,521.7820442019545,12.734666044158958
4147,-121.761891,38.57103,8.39,3,31.55106544494629,0.27126228669658303,,,1355.4234935127263,28.79849598359255,,,536.0204653895024,85.15639769353923
4252,-121.75958,38.571907,1.34,1,34.63753890991211,0.07230022858129814,,,,,,,454.128644094936,4.921929901724404
4253,-121.758433,38.571895,1.65,2,33.44123077392578,0.3299249197007157,,,,,,,354.30006703885164,2.5286278303401377
4250,-121.761876,38.571931,2.39,1,33.48908233642578,0.08052770472131669,,,,,,,633.845447475758,117.58978319408291
4251,-121.760728,38.571919,8.98,6,32.96270751953125,0.05733195319771767,,,,,,,554.0442241616729,40.234676111727445
4160,-121.747087,38.570851,2.55,1,32.87384033203125,0.4007027563638985,,,1779.3267979799787,28.79849598359255,114791.4303976281,5146278.024795011,0.0,34.1201197824443
4158,-121.749267,38.570896,1.64,1,30.200946807861328,0.1254485233221203,,,1779.3267979799787,28.79849598359255,,,0.0,58.4673901220196
4159,-121.748119,38.570884,2.44,2,31.21951675415039,0.15147556515876204,,,1779.3267979799787,28.79849598359255,,,0.0,122.33495855171896
4156,-121.751562,38.57092,4.73,4,30.966583251953125,0.3331886605980496,,,1779.3267979799787,28.79849598359255,154805.63673537562,5112143.802012355,25.528273657337643,0.690774052789338
4259,-121.751546,38.571821,11.27,5,29.633556365966797,0.5349006413016468,,,1779.3267979799787,28.79849598359255,329324.80624203954,4548118.8408729,0.0,18.05000304178817
4261,-121.749251,38.571797,12.15,6,29.42163848876953,0.09851299608126282,,,1779.3267979799787,28.79849598359255,,,0.0,54.88415474907177
4262,-121.748103,38.571785,2.3,3,31.510047912597656,0.05617607687599957,,,1779.3267979799787,28.79849598359255,,,0.0,106.72083139489229
4260,-121.750399,38.571809,7.09,2,27.53830909729004,0.2531073980499059,,,1779.3267979799787,28.79849598359255,,,0.0,31.30055947217732
4364,-121.749235,38.572698,0.0,0,31.58866310119629,0.638288936112076,,,1779.3267979799787,28.79849598359255,,,0.0,0.3118597204430491
4363,-121.750383,38.57271,0.76,1,30.505151748657227,0.7462911234858135,,,1779.3267979799787,28.79849598359255,311948.58921540406,4852680.953052083,21.37586865200884,37.16149999767387
4152,-121.756153,38.570969,1.02,0,34.446128845214844,0.7537088482640684,,,1779.3267979799787,28.79849598359255,230604.3711021135,4326946.86866059,158.1417614757354,81.39479779838396
4153,-121.755005,38.570957,11.38,3,32.685848236083984,0.7375291381031275,,,1779.3267979799787,28.79849598359255,274382.324499922,4184422.4731098963,64.54548484566094,23.59637656307885
4151,-121.7573,38.570981,9.86,2,33.188297271728516,0.7224792730412446,,,1779.3267979799787,28.79849598359255,279138.4132434283,3783899.704865413,256.4647949054911,35.20651517919179
4255,-121.756137,38.57187,8.81,8,34.24104690551758,0.7458563261122133,,,1355.4234935127263,28.79849598359255,245189.52613789216,3309416.7892165384,154.46691495592256,3.2435546848019636
4256,-121.75499,38.571858,10.4,5,32.22441482543945,0.7469811296323314,,,1779.3267979799787,28.79849598359255,263898.76797721273,3958746.70866183,54.638302796731374,50.089770975670085
4254,-121.757285,38.571882,4.67,3,32.49443817138672,0.7520670900121331,,,1355.4234935127263,28.79849598359255,242076.12344759374,3846149.704217883,254.38253015797056,50.28106655081147
4257,-121.753842,38.571846,6.32,5,29.527597427368164,0.3595497023779899,,,1779.3267979799787,28.79849598359255,311113.48125430034,3770811.543000942,0.0,43.86702053417732
4258,-121.752694,38.571834,5.55,2,30.235126495361328,0.27578686422202736,,,1779.3267979799787,28.79849598359255,344410.60805126827,5031545.705130076,0.0,96.02345318452154
4357,-121.757212,38.572778,0.0,0,34.22737503051758,0.7475944918696769,,,1355.4234935127263,28.79849598359255,246229.96965293353,3971993.7301570694,262.50567429398325,41.66107194259489
4359,-121.754974,38.572759,0.85,0,32.47051239013672,0.7283066067999849,,,1779.3267979799787,28.79849598359255,239704.51733264275,3865627.2256456707,98.47344544818752,34.70986040890456
4361,-121.752679,38.572735,0.31,0,32.43291473388672,0.7471789608243853,,,1779.3267979799787,28.79849598359255,273280.1623783992,3694366.833520019,88.78982604200193,57.54135316268684
4360,-121.753826,38.572747,2.57,1,30.546167373657227,0.7040310012331853,,,1779.3267979799787,28.79849598359255,283877.66445329087,4213016.344970112,76.86555830413634,0.8071041364208337
4358,-121.756122,38.572771,0.0,0,34.531578063964844,0.7513130224542692,,,1355.4234935127263,28.79849598359255,138434.48969097206,3330963.7561169947,175.114203226629,56.494503708317005
4462,-121.754958,38.57366,0.72,1,33.178043365478516,0.7582860282855108,,,1355.4234935127263,28.79849598359255,276490.1102278584,4201817.137607333,184.35314060152595,34.926589065265354
4461,-121.756106,38.573672,0.0,0,34.993011474609375,0.7460473067476414,,,1355.4234935127263,28.79849598359255,214173.7623355716,4487318.461129468,239.09484693017194,104.67822263490419
4463,-121.753811,38.573648,4.03,2,31.773237228393555,0.7418076038593426,,,1355.4234935127263,28.79849598359255,312284.1003802781,4581107.33577857,173.4416344418386,7.433239443436318
4564,-121.756091,38.574573,0.0,0,33.93000793457031,0.7534174979664385,,,5410.801232074176,28.79849598359255,222650.06901404538,3578925.1038510236,319.53369962707706,72.40258403078373
4563,-121.757139,38.574581,0.0,0,33.07208251953125,0.7492115496036906,,,1355.4234935127263,28.79849598359255,267630.2483087871,3694505.430708896,374.2778825432341,34.46225653930416
4567,-121.752647,38.574537,1.35,1,32.802059173583984,0.7546894461071739,,,1355.4234935127263,28.79849598359255,229640.12114397582,3554918.779490815,182.62863775372992,55.48652644728482
4565,-121.754943,38.574561,0.0,0,34.02912902832031,0.7469371712068096,,,1355.4234935127263,28.79849598359255,229440.65194713775,4143767.666123528,279.6985477181941,72.35240711297217
4365,-121.748088,38.572686,0.55,1,33.02081298828125,0.1999852011213079,,,1779.3267979799787,28.79849598359255,,,0.0,68.83566799126423
4362,-121.751531,38.572722,0.02,0,31.947555541992188,0.7470734475646168,,,3516.790238147009,28.79849598359255,232074.3299487602,3948640.7652486935,76.34435886301237,69.433200297252
4465,-121.751515,38.573623,0.02,0,33.78986740112305,0.7393123821044961,,,3600.5157649719654,28.79849598359255,196842.43377217755,3494300.822689946,71.22939341591072,9.950555086303437
4469,-121.747415,38.573424,0.0,0,33.88215637207031,0.6552064567804337,,,1355.4234935127263,28.79849598359255,,,17.257672330654444,1.3635672530775964
4468,-121.748072,38.573587,0.0,0,34.425621032714844,0.7020095605403185,,,1355.4234935127263,28.79849598359255,171720.08167794548,2639624.4113186076,37.49969896960313,29.444035683390883
4467,-121.74922,38.573599,0.0,0,34.69906234741211,0.7612519897520542,,,3600.5157649719654,28.79849598359255,185410.6803805813,5026151.110257228,60.468281961785124,50.32933638353388
4464,-121.752663,38.573636,0.35,1,33.82746505737305,0.7389538124358902,,,1355.4234935127263,28.79849598359255,219801.91856004932,3779742.4543565423,169.11183940435788,7.592370506483378
4466,-121.750368,38.573611,0.0,0,33.65998458862305,0.7579007456079125,,,3600.5157649719654,28.79849598359255,232094.15027844347,4799205.718484912,1.7003076426256525,6.0699509564005405
4570,-121.749204,38.5745,0.0,0,34.476890563964844,0.7518465612859776,,,3600.5157649719654,28.79849598359255,174363.25703892438,3969151.900301454,99.95286259005086,38.44200738974427
4569,-121.750352,38.574512,0.0,0,34.05989074707031,0.7642304102773778,,,3600.5157649719654,28.79849598359255,245303.52165822283,4368431.282652031,46.31042548682738,52.02311708944199
4355,-121.759583,38.572377,0.0,0,,0.030082699656486512,,,,,,,456.4657141815301,57.156474843912946
4356,-121.758437,38.572363,0.0,0,,0.11421725408484538,,,,,,,357.06369313425495,13.714949383589142
4353,-121.761877,38.572406,0.0,0,,0.02934377865555386,,,,,,,655.7635545402597,148.74717038370943
4354,-121.76073,38.572391,0.0,0,,0.029232366398597758,,,,,,,556.0774133375317,84.36060179282883
4460,-121.757174,38.573681,0.0,0,34.35725784301758,0.7480497295036912,,,1355.4234935127263,28.79849598359255,238372.56881919695,3761979.2315358296,307.3148314937055,47.88768910958316
4566,-121.753795,38.574549,0.0,0,33.08917236328125,0.7074445155158173,,,1355.4234935127263,28.79849598359255,251876.81790754327,3611946.0054577813,272.6289936749542,19.74005772627827
4670,-121.752632,38.575425,0.0,0,31.469032287597656,0.4395826521795243,,,1355.4234935127263,28.79849598359255,321789.4765576639,4159791.8103968967,235.23093680822186,5.540537987137159
4668,-121.754928,38.575451,0.0,0,31.851850509643555,0.3573433598969132,,,1355.4234935127263,28.79849598359255,288095.0023999536,3793095.3068501875,376.3419293252862,5.369207849955249
4666,-121.757103,38.575472,0.0,0,,0.11712480802088976,,,1355.4234935127263,28.79849598359255,388755.25395085494,5471461.034503652,451.26440008906343,2.779936140632638
4667,-121.756075,38.575463,0.66,1,,0.2699053753167391,,,1355.4234935127263,28.79849598359255,302544.4361938846,4181341.873924199,406.78982231921975,5.391693991675653
4669,-121.75378,38.575438,0.0,0,31.431434631347656,0.4265284874010831,,,1355.4234935127263,28.79849598359255,293763.16249192494,4049497.2708119564,315.72927623218044,5.455477941716012
4571,-121.748122,38.574469,0.0,0,34.20686721801758,0.6918190279975533,,,1355.4234935127263,28.79849598359255,187775.39434260788,3181123.5819499157,134.40844720565758,43.347387393406116
4568,-121.7515,38.574524,0.0,0,34.05305480957031,0.7537353371735662,,,3600.5157649719654,28.79849598359255,262917.32932070387,4312796.83023011,94.88973182986956,73.19772139708392
4671,-121.751484,38.575413,0.0,0,32.658504486083984,0.158990245196037,,,1355.4234935127263,28.79849598359255,296055.61502717604,3995032.148651115,170.37284244427875,5.5132398731893035
4673,-121.749189,38.575387,0.0,0,33.38654327392578,0.5739098191261292,,,1355.4234935127263,28.79849598359255,257766.71986767,4099731.9902803325,176.03158359354396,6.587653410595256
4672,-121.750337,38.5754,0.89,1,32.47393035888672,0.5124533703783527,,,1355.4234935127263,28.79849598359255,292871.78687245137,4628601.128258024,145.02775552774506,5.597067034602563
4674,-121.748235,38.575352,0.0,0,33.79670333862305,0.5207445212872699,,,1355.4234935127263,28.79849598359255,173615.81539597918,1960373.324307693,225.7007835126667,10.395564422103474
3275,-121.699428,38.562221,0.0,0,29.2849178314209,0.04081465303897858,,,1601.7608207862352,11.840268081541469,,,345.1395291668027,157.7511338441833
3274,-121.700064,38.562249,0.97,1,30.481224060058594,0.05270168790593743,,,1601.7608207862352,11.840268081541469,,,353.94894741669253,111.86223292272213
3378,-121.699429,38.563114,0.0,0,30.66238021850586,0.04737564141396433,,,1601.7608207862352,11.840268081541469,,,444.3827994306563,132.36368745115323
3377,-121.700048,38.56315,0.46,1,33.37628936767578,0.24092806468252093,,,1601.7608207862352,11.840268081541469,,,439.9164375634329,79.64163086035308
3480,-121.700031,38.564051,0.0,0,34.12825393676758,0.2548874478088692,0.0,0.0,1601.7608207862352,11.840268081541469,,,496.63106542826716,85.24851196684082
3374,-121.70349,38.563189,8.6,4,31.831342697143555,0.7090330719947815,27.7447607131686,2.627463246793869,1601.7608207862352,11.840268081541469,259095.71480753264,5218461.949080816,228.7358109033435,4.019154646369943
3376,-121.701195,38.563163,0.0,0,34.900726318359375,0.7432801281102002,0.0,0.0,1601.7608207862352,11.840268081541469,,,356.18118581198655,28.4487562458613
3375,-121.702343,38.563176,0.92,1,34.21712112426758,0.7408350855112076,18.64831038798498,3.066332916145181,1601.7608207862352,11.840268081541469,,,282.7542023430197,33.45499179515577
3479,-121.701179,38.564064,0.47,1,35.403175354003906,0.7165306305978447,11.977321048901487,4.252303330970943,1601.7608207862352,11.840268081541469,,,423.9753547467667,72.74256750988793
3475,-121.705769,38.564115,0.63,1,33.263492584228516,0.7230296824127436,16.097713748825555,3.351080488568744,1601.7608207862352,11.840268081541469,286636.6980237363,6080806.437171397,278.03133844730604,25.451059294304326
3476,-121.704621,38.564102,2.1,1,32.798641204833984,0.7397060454823077,20.58362096015061,3.1377470975839343,1601.7608207862352,11.840268081541469,287041.30419034394,5973539.013960615,280.64033272026256,37.30694742363495
3477,-121.703474,38.564089,3.34,3,33.46173858642578,0.7012748124543577,15.956112852664578,12.695924764890282,1601.7608207862352,11.840268081541469,295942.7587040105,6486195.317733395,312.6062024266276,5.622500423962735
3478,-121.702326,38.564077,0.0,0,34.606773376464844,0.7040822135750204,24.40625,3.125,1601.7608207862352,11.840268081541469,,,364.2488324115168,56.741145434627576
3579,-121.70458,38.56474,0.0,0,,0.17187605530489236,16.536172878170998,5.793924209207642,,,286412.5588643991,6031261.96634871,351.2039735002902,22.301100398284873
3578,-121.705715,38.564695,0.0,0,,0.15756493026856333,10.366426558095837,4.729094895082994,,,,,341.81080140907204,27.938952976629604
3481,-121.69943,38.563997,0.0,0,32.48418426513672,0.0891389447497204,,,1601.7608207862352,11.840268081541469,,,535.1267256816508,95.66954543581092
3583,-121.700002,38.56492,0.0,0,35.451026916503906,0.15313303389120847,6.153846153846154,3.672456575682382,1601.7608207862352,11.840268081541469,,,563.5305849526823,4.815549422249995
3584,-121.699431,38.564817,0.0,0,35.037445068359375,0.0988861471414566,,,1601.7608207862352,11.840268081541469,,,591.4674396243545,4.594559302237048
3580,-121.703439,38.564785,6.44,2,,0.27017513115424663,11.139002196422968,2.7298399748980238,,,,,383.6100393616746,16.608352131947974
3581,-121.702294,38.56483,0.0,0,,0.36519058514386415,18.3552220137586,7.410881801125703,,,,,436.94289036856463,9.604647385298223
3582,-121.701149,38.564875,1.53,1,34.623863220214844,0.40124936145730317,14.397496087636933,1.6901408450704225,1601.7608207862352,11.840268081541469,,,495.1501746630007,2.4045670752129977
3879,-121.714885,38.56782,0.0,0,32.808895111083984,0.363770809257403,6.885758998435055,0.5633802816901409,832.6164254632198,12.2431055682417,,,185.31884594672587,144.88167198976424
3984,-121.712982,38.5687,21.79,2,34.66146469116211,0.0672959724906832,14.285714285714285,0.0,832.6164254632198,12.2431055682417,311116.0371659598,7441386.292023778,87.80077873903652,24.445025847325546
3982,-121.714869,38.568721,0.0,0,33.137027740478516,0.6772002303041518,18.730456535334586,4.971857410881801,832.6164254632198,12.2431055682417,225345.11177392528,5163941.554706367,97.25936780588653,105.94852714821137
3983,-121.713721,38.568708,0.0,0,32.846492767333984,0.4306240091100335,9.74921630094044,0.3134796238244514,832.6164254632198,12.2431055682417,236830.6715353253,5899530.626526917,74.638064621333,29.620071912851575
4087,-121.712967,38.569601,3.76,0,34.28548049926758,0.09378532413393259,14.088484468151863,1.6630059617194854,832.6164254632198,12.2431055682417,,,45.7678813448605,30.10136586632218
4086,-121.713705,38.569609,2.66,3,32.778133392333984,0.5264970960561186,13.130680037605766,0.0,832.6164254632198,12.2431055682417,239601.4511424688,4983782.780061512,0.0,33.5887626205107
4084,-121.716001,38.569635,2.53,2,33.91633605957031,0.7508506253361702,0.0,8.315029808597426,3787.6051634097435,12.2431055682417,242286.91210548423,4869708.320082684,144.60102077926658,73.20198319168045
4085,-121.714853,38.569622,3.06,2,33.64631271362305,0.6983323851600289,6.328320802005012,2.0050125313283207,3644.4031427208715,12.2431055682417,240550.89314115286,4747659.829901582,48.33970390280701,49.026726421964085
4189,-121.713689,38.57051,0.96,1,33.52326202392578,0.7162206734064966,0.0,8.71875,832.6164254632198,12.2431055682417,309179.88994062657,5491403.37749517,59.72689484082343,5.563308896025737
4188,-121.714837,38.570523,4.55,3,33.91291809082031,0.725054744631052,0.0,1.6917293233082706,832.6164254632198,12.2431055682417,272902.2314657781,5332384.158555807,88.63938069385655,96.22790404875319
4190,-121.712952,38.570502,0.0,0,34.04963684082031,0.1692058900371194,0.0,7.685069008782936,832.6164254632198,12.2431055682417,,,73.72695298636206,30.97980336674715
4187,-121.715985,38.570535,0.05,0,33.51984405517578,0.7348321473691612,0.0,0.0,832.6164254632198,12.2431055682417,314110.21722531033,6325259.731734031,162.80969162576085,119.82660527797815
4291,-121.714821,38.571424,0.0,0,31.886030197143555,0.6190368367824703,0.0,0.0,832.6164254632198,12.2431055682417,343962.8020811444,7074901.059993923,176.33993585951066,87.13506615637183
4290,-121.715969,38.571436,1.01,1,30.081315994262695,0.12364984140731394,0.0,0.0,832.6164254632198,12.2431055682417,,,228.3977703676905,186.55443299952915
4292,-121.713673,38.571411,0.0,0,32.819149017333984,0.7168148169294,0.0,0.0,832.6164254632198,12.2431055682417,312646.7651138921,5533962.396805786,159.12961543025187,11.066857486714799
4293,-121.712936,38.571403,0.0,0,32.08085632324219,0.20264238317031413,0.0,0.0,832.6164254632198,12.2431055682417,,,164.51565122244457,30.880629280871428
4395,-121.713657,38.572312,0.0,0,31.438270568847656,0.0853664018213749,,,832.6164254632198,12.2431055682417,,,258.8763275127703,33.49000961744916
4393,-121.715953,38.572337,2.73,1,28.871337890625,0.052778780460357666,,,832.6164254632198,12.2431055682417,,,310.6822704205208,217.62027634063926
4394,-121.714805,38.572325,2.59,1,30.139423370361328,0.05369414482265711,,,832.6164254632198,12.2431055682417,,,272.4154728044173,133.38745983024745
4396,-121.712921,38.572304,0.0,0,31.23660659790039,0.10182614088989794,,,832.6164254632198,12.2431055682417,,,262.20607706844095,30.555968871104046
4498,-121.713641,38.573213,0.0,0,31.007600784301758,0.07145114336162806,,,832.6164254632198,12.2431055682417,,,358.85528835734954,43.020336927291886
4499,-121.712906,38.573205,0.0,0,31.793745040893555,0.05044627154711634,,,832.6164254632198,12.2431055682417,,,361.252857695535,20.945535313366598
4497,-121.714789,38.573226,0.0,0,29.110599517822266,0.061096530640497804,,,832.6164254632198,12.2431055682417,,,370.6616459405743,127.43084813757851
4602,-121.71289,38.574106,0.0,0,34.11799621582031,0.0402158327633515,,,832.6164254632198,12.2431055682417,,,460.7919331313901,26.46919811735523
4392,-121.7171,38.57235,0.53,1,29.165287017822266,0.05523963109590113,,,832.6164254632198,12.2431055682417,,,369.35212270781614,230.10619865690805
4496,-121.715937,38.573238,8.98,3,28.5637149810791,0.04284930322319269,,,832.6164254632198,12.2431055682417,,,399.6148582669661,121.94322307559423
4494,-121.718232,38.573264,0.0,0,26.782926559448242,0.03095271554775536,,,832.6164254632198,12.2431055682417,,,510.6419801232,120.80272796934257
4495,-121.717084,38.573251,0.03,0,28.225332260131836,0.052463757107034326,,,832.6164254632198,12.2431055682417,,,449.393404589165,130.02880222609636
4493,-121.71938,38.573276,0.0,0,28.4748477935791,0.10219970741309226,,,832.6164254632198,12.2431055682417,,,582.3837529010518,129.7298695805912
4492,-121.720527,38.573289,8.83,6,28.4748477935791,0.20490095077548176,,,832.6164254632198,12.2431055682417,,,661.4722293777463,126.06292986616388
4597,-121.718216,38.574165,0.0,0,31.58524513244629,0.05821236060000956,,,832.6164254632198,12.2431055682417,,,588.7543493283623,20.69759138925649
4598,-121.717068,38.574152,0.0,0,31.981735229492188,0.05487443506717682,,,832.6164254632198,12.2431055682417,,,534.0815580224267,29.951100950982898
4599,-121.71592,38.574139,1.1,1,32.37480926513672,0.043184766778722405,,,832.6164254632198,12.2431055682417,,,492.8478688974106,21.78328306844549
4596,-121.719364,38.574177,0.0,0,31.61942481994629,0.0993444959167391,,,832.6164254632198,12.2431055682417,,,651.947320954276,29.652953428818236
4601,-121.713625,38.574114,0.0,0,34.579429626464844,0.04991955042351037,,,832.6164254632198,12.2431055682417,,,458.9147171294763,36.4753307703149
4600,-121.714773,38.574127,0.0,0,32.89434814453125,0.050497364485636353,,,832.6164254632198,12.2431055682417,,,469.7183824520675,28.030433854659105
4705,-121.712881,38.574624,0.0,0,35.515968322753906,0.03731117979623377,,,832.6164254632198,12.2431055682417,,,518.1258141499181,48.34904820399972
4704,-121.71361,38.574629,0.0,0,35.23569107055664,0.03518487745895982,,,832.6164254632198,12.2431055682417,,,516.114596533129,19.7715106253333
4703,-121.714757,38.574638,0.0,0,34.02912902832031,0.03843959444202483,,,832.6164254632198,12.2431055682417,,,526.0094552095713,28.27833620497987
4702,-121.715905,38.574646,0.0,0,33.55060577392578,0.04556312249042094,,,832.6164254632198,12.2431055682417,,,546.2572448114354,34.583682013686364
4595,-121.720511,38.57419,4.11,2,31.116975784301758,0.3911401538643986,,,832.6164254632198,12.2431055682417,,,723.4779006399825,26.402191751554124
4698,-121.720493,38.57468,0.0,0,,0.13759479171130806,,,832.6164254632198,12.2431055682417,,,760.0531650895158,27.851110924769678
4699,-121.719346,38.574672,9.85,1,,0.08774836757220328,,,832.6164254632198,12.2431055682417,,,692.8575374665065,25.372692598524537
4700,-121.718199,38.574663,0.0,0,,0.05465305992402136,,,832.6164254632198,12.2431055682417,,,633.7815586590744,34.59383409898964
4701,-121.717052,38.574655,0.0,0,,0.04441179381683469,,,832.6164254632198,12.2431055682417,,,583.207923555911,25.971479920873826
